ranking_local_date,account_id,rank,symbol,rank_pct_change,run_found,run_id,trade_day_utc,started_at_utc,started_at_local,position_found,position_id,position_status,close_reason,entry_price,entry_fill_avg_price,exit_fill_avg_price,opened_at_utc,closed_at_utc,return_pct,return_basis
2026-02-14,acc01,1,GUSDT,5.29,1,15741d61-3707-4a7e-b412-840caf70df8b,2026-02-14,2026-02-14T00:05:46+00:00,2026-02-14T08:05:46+08:00,0,,,,,,,,,,rank_symbol_not_opened
2026-02-14,acc01,2,AXSUSDT,2.44,1,15741d61-3707-4a7e-b412-840caf70df8b,2026-02-14,2026-02-14T00:05:46+00:00,2026-02-14T08:05:46+08:00,0,,,,,,,,,,rank_symbol_not_opened
2026-02-14,acc01,3,CELOUSDT,2.35,1,15741d61-3707-4a7e-b412-840caf70df8b,2026-02-14,2026-02-14T00:05:46+00:00,2026-02-14T08:05:46+08:00,0,,,,,,,,,,rank_symbol_not_opened
2026-02-14,acc01,4,POWERUSDT,2.13,1,15741d61-3707-4a7e-b412-840caf70df8b,2026-02-14,2026-02-14T00:05:46+00:00,2026-02-14T08:05:46+08:00,0,,,,,,,,,,rank_symbol_not_opened
2026-02-14,acc01,5,VVVUSDT,2.12,1,15741d61-3707-4a7e-b412-840caf70df8b,2026-02-14,2026-02-14T00:05:46+00:00,2026-02-14T08:05:46+08:00,0,,,,,,,,,,rank_symbol_not_opened
2026-02-14,acc01,6,OPENUSDT,1.82,1,15741d61-3707-4a7e-b412-840caf70df8b,2026-02-14,2026-02-14T00:05:46+00:00,2026-02-14T08:05:46+08:00,0,,,,,,,,,,rank_symbol_not_opened
2026-02-14,acc01,7,XPINUSDT,1.77,1,15741d61-3707-4a7e-b412-840caf70df8b,2026-02-14,2026-02-14T00:05:46+00:00,2026-02-14T08:05:46+08:00,0,,,,,,,,,,rank_symbol_not_opened
2026-02-14,acc01,8,1000SATSUSDT,1.69,1,15741d61-3707-4a7e-b412-840caf70df8b,2026-02-14,2026-02-14T00:05:46+00:00,2026-02-14T08:05:46+08:00,0,,,,,,,,,,rank_symbol_not_opened
2026-02-14,acc01,9,BSVUSDT,1.43,1,15741d61-3707-4a7e-b412-840caf70df8b,2026-02-14,2026-02-14T00:05:46+00:00,2026-02-14T08:05:46+08:00,0,,,,,,,,,,rank_symbol_not_opened
2026-02-14,acc01,10,CARVUSDT,1.42,1,15741d61-3707-4a7e-b412-840caf70df8b,2026-02-14,2026-02-14T00:05:46+00:00,2026-02-14T08:05:46+08:00,0,,,,,,,,,,rank_symbol_not_opened
2026-02-15,acc01,1,SPACEUSDT,88.1,1,41d68b5b-b6fc-40ad-ac78-75c8451a07f4,2026-02-15-manual-0755,2026-02-14T23:56:38+00:00,2026-02-15T07:56:38+08:00,1,11,CLOSED_DAILY_LOSS_CUT,DAILY_FLOATING_LOSS_CHECK,0.0126561216736,,0.0151053,2026-02-14T23:56:50+00:00,2026-02-15T03:55:02+00:00,-19.351728669840913,entry_to_exit_fill
2026-02-15,acc01,2,BTRUSDT,39.53,1,41d68b5b-b6fc-40ad-ac78-75c8451a07f4,2026-02-15-manual-0755,2026-02-14T23:56:38+00:00,2026-02-15T07:56:38+08:00,1,12,CLOSED_DAILY_LOSS_CUT,DAILY_FLOATING_LOSS_CHECK,0.20056,,0.21785,2026-02-14T23:56:50+00:00,2026-02-15T03:55:02+00:00,-8.620861587554847,entry_to_exit_fill
2026-02-15,acc01,3,BEATUSDT,36.37,1,41d68b5b-b6fc-40ad-ac78-75c8451a07f4,2026-02-15-manual-0755,2026-02-14T23:56:38+00:00,2026-02-15T07:56:38+08:00,1,13,CLOSED_TP,TAKE_PROFIT_FILLED,0.3432,,,2026-02-14T23:56:50+00:00,2026-02-15T03:50:22+00:00,,missing_exit_fill
2026-02-15,acc01,4,USELESSUSDT,30.37,1,41d68b5b-b6fc-40ad-ac78-75c8451a07f4,2026-02-15-manual-0755,2026-02-14T23:56:38+00:00,2026-02-15T07:56:38+08:00,1,14,CLOSED_DAILY_LOSS_CUT,DAILY_FLOATING_LOSS_CHECK,0.04268,,0.0475,2026-02-14T23:56:50+00:00,2026-02-15T03:55:02+00:00,-11.293345829428297,entry_to_exit_fill
2026-02-15,acc01,5,ONUSDT,30.26,1,41d68b5b-b6fc-40ad-ac78-75c8451a07f4,2026-02-15-manual-0755,2026-02-14T23:56:38+00:00,2026-02-15T07:56:38+08:00,1,15,CLOSED_DAILY_LOSS_CUT,DAILY_FLOATING_LOSS_CHECK,0.1094520372836,,0.11795,2026-02-14T23:56:50+00:00,2026-02-15T03:55:02+00:00,-7.764097340994222,entry_to_exit_fill
2026-02-15,acc01,6,1000PEPEUSDT,28.75,1,41d68b5b-b6fc-40ad-ac78-75c8451a07f4,2026-02-15-manual-0755,2026-02-14T23:56:38+00:00,2026-02-15T07:56:38+08:00,1,16,CLOSED_DAILY_LOSS_CUT,DAILY_FLOATING_LOSS_CHECK,0.0048542,,0.0049386,2026-02-14T23:56:50+00:00,2026-02-15T03:55:02+00:00,-1.7387005067776198,entry_to_exit_fill
2026-02-15,acc01,7,PIPPINUSDT,20.65,1,41d68b5b-b6fc-40ad-ac78-75c8451a07f4,2026-02-15-manual-0755,2026-02-14T23:56:38+00:00,2026-02-15T07:56:38+08:00,1,17,CLOSED_DAILY_LOSS_CUT,DAILY_FLOATING_LOSS_CHECK,0.70628,,0.7325,2026-02-14T23:56:50+00:00,2026-02-15T03:55:02+00:00,-3.7124086764456052,entry_to_exit_fill
2026-02-15,acc01,8,ZECUSDT,20.6,1,41d68b5b-b6fc-40ad-ac78-75c8451a07f4,2026-02-15-manual-0755,2026-02-14T23:56:38+00:00,2026-02-15T07:56:38+08:00,1,18,CLOSED_DAILY_LOSS_CUT,DAILY_FLOATING_LOSS_CHECK,322.06,,327.47,2026-02-14T23:56:51+00:00,2026-02-15T03:55:02+00:00,-1.6798112153015041,entry_to_exit_fill
2026-02-15,acc01,9,POPCATUSDT,19.03,1,41d68b5b-b6fc-40ad-ac78-75c8451a07f4,2026-02-15-manual-0755,2026-02-14T23:56:38+00:00,2026-02-15T07:56:38+08:00,1,19,CLOSED_TIMEOUT,MAX_HOLD_EXCEEDED,0.059515136612,0.05324,0.05496,2026-02-14T23:56:51+00:00,2026-02-16T23:27:05+00:00,7.653744696406445,entry_to_exit_fill
2026-02-15,acc01,10,PENGUUSDT,18.67,1,41d68b5b-b6fc-40ad-ac78-75c8451a07f4,2026-02-15-manual-0755,2026-02-14T23:56:38+00:00,2026-02-15T07:56:38+08:00,1,20,CLOSED_TIMEOUT,MAX_HOLD_EXCEEDED,0.007871,,0.0073115,2026-02-14T23:56:51+00:00,2026-02-16T23:27:05+00:00,7.108372506670045,entry_to_exit_fill
2026-02-16,acc01,1,STORJUSDT,10.78,1,9f80c609-52c3-43d5-bca3-5ebd06cb71d2,2026-02-16,2026-02-16T01:13:23+00:00,2026-02-16T09:13:23+08:00,1,31,CLOSED_DAILY_LOSS_CUT,DAILY_FLOATING_LOSS_CHECK,0.1123,0.1123,0.11305703971119134,2026-02-16T01:13:37+00:00,2026-02-16T03:55:02+00:00,-0.6741226279531104,entry_to_exit_fill
2026-02-16,acc01,2,BULLAUSDT,9.82,1,9f80c609-52c3-43d5-bca3-5ebd06cb71d2,2026-02-16,2026-02-16T01:13:23+00:00,2026-02-16T09:13:23+08:00,1,32,CLOSED_EXTERNAL,SHORT_POSITION_NOT_FOUND,0.0276511885612,0.027655699999999995,,2026-02-16T01:13:37+00:00,2026-02-17T03:55:40+00:00,,missing_exit_fill
2026-02-16,acc01,3,SUPERUSDT,7.19,1,9f80c609-52c3-43d5-bca3-5ebd06cb71d2,2026-02-16,2026-02-16T01:13:23+00:00,2026-02-16T09:13:23+08:00,1,33,CLOSED_DAILY_LOSS_CUT,DAILY_FLOATING_LOSS_CHECK,0.1342,0.1342,0.1345881673881674,2026-02-16T01:13:37+00:00,2026-02-16T03:55:02+00:00,-0.28924544572830246,entry_to_exit_fill
2026-02-16,acc01,4,币安人生USDT,5.04,1,9f80c609-52c3-43d5-bca3-5ebd06cb71d2,2026-02-16,2026-02-16T01:13:23+00:00,2026-02-16T09:13:23+08:00,0,,,,,,,,,,rank_symbol_not_opened
2026-02-16,acc01,5,OMUSDT,4.69,1,9f80c609-52c3-43d5-bca3-5ebd06cb71d2,2026-02-16,2026-02-16T01:13:23+00:00,2026-02-16T09:13:23+08:00,1,34,CLOSED_EXTERNAL,SHORT_POSITION_NOT_FOUND,0.06059,0.06059,0.06062000000000001,2026-02-16T01:13:37+00:00,2026-02-17T03:55:40+00:00,-0.04951312097707408,entry_to_exit_fill
2026-02-16,acc01,6,ZAMAUSDT,4.53,1,9f80c609-52c3-43d5-bca3-5ebd06cb71d2,2026-02-16,2026-02-16T01:13:23+00:00,2026-02-16T09:13:23+08:00,1,35,CLOSED_DAILY_LOSS_CUT,DAILY_FLOATING_LOSS_CHECK,0.02099,0.02099,0.02215678531200721,2026-02-16T01:13:37+00:00,2026-02-16T03:55:02+00:00,-5.558767565541726,entry_to_exit_fill
2026-02-16,acc01,7,EULUSDT,4.19,1,9f80c609-52c3-43d5-bca3-5ebd06cb71d2,2026-02-16,2026-02-16T01:13:23+00:00,2026-02-16T09:13:23+08:00,1,36,CLOSED_TIMEOUT,MAX_HOLD_EXCEEDED,1.143,1.143,0.9600332103321032,2026-02-16T01:13:37+00:00,2026-02-18T00:43:39+00:00,16.00759314679762,entry_to_exit_fill
2026-02-16,acc01,8,SIRENUSDT,3.97,1,9f80c609-52c3-43d5-bca3-5ebd06cb71d2,2026-02-16,2026-02-16T01:13:23+00:00,2026-02-16T09:13:23+08:00,1,37,CLOSED_DAILY_LOSS_CUT,DAILY_FLOATING_LOSS_CHECK,0.145676520979,,0.15024,2026-02-16T01:13:37+00:00,2026-02-16T03:55:02+00:00,-3.132611206206568,entry_to_exit_fill
2026-02-16,acc01,9,LSKUSDT,3.83,1,9f80c609-52c3-43d5-bca3-5ebd06cb71d2,2026-02-16,2026-02-16T01:13:23+00:00,2026-02-16T09:13:23+08:00,1,38,CLOSED_TIMEOUT,MAX_HOLD_EXCEEDED,0.1492,,0.1431,2026-02-16T01:13:37+00:00,2026-02-18T00:43:40+00:00,4.0884718498659485,entry_to_exit_fill
2026-02-16,acc01,10,MAGMAUSDT,3.68,1,9f80c609-52c3-43d5-bca3-5ebd06cb71d2,2026-02-16,2026-02-16T01:13:23+00:00,2026-02-16T09:13:23+08:00,1,39,CLOSED_TIMEOUT,MAX_HOLD_EXCEEDED,0.1074,,0.0959758,2026-02-16T01:13:37+00:00,2026-02-18T00:43:40+00:00,10.637057728119178,entry_to_exit_fill
2026-02-18,acc01,1,ORCAUSDT,41.05,1,2d2bb0e1-1231-4dfe-8150-fbfed5549e58,2026-02-17,2026-02-17T23:40:00+00:00,2026-02-18T07:40:00+08:00,1,40,CLOSED_EXTERNAL,SHORT_POSITION_NOT_FOUND,1.129,,,2026-02-17T23:40:13+00:00,2026-02-18T03:55:39+00:00,,missing_exit_fill
2026-02-18,acc01,2,GPSUSDT,20.46,1,2d2bb0e1-1231-4dfe-8150-fbfed5549e58,2026-02-17,2026-02-17T23:40:00+00:00,2026-02-18T07:40:00+08:00,1,41,CLOSED_EXTERNAL,SHORT_POSITION_NOT_FOUND,0.013336,,,2026-02-17T23:40:13+00:00,2026-02-18T03:55:39+00:00,,missing_exit_fill
2026-02-18,acc01,3,JTOUSDT,20.03,1,2d2bb0e1-1231-4dfe-8150-fbfed5549e58,2026-02-17,2026-02-17T23:40:00+00:00,2026-02-18T07:40:00+08:00,1,42,CLOSED_TIMEOUT,MAX_HOLD_EXCEEDED,0.3234348623853,0.2987,0.2824,2026-02-17T23:40:13+00:00,2026-02-19T23:10:27+00:00,12.687210674406582,entry_to_exit_fill
2026-02-18,acc01,4,CLOUSDT,19.86,1,2d2bb0e1-1231-4dfe-8150-fbfed5549e58,2026-02-17,2026-02-17T23:40:00+00:00,2026-02-18T07:40:00+08:00,1,43,CLOSED_TIMEOUT,MAX_HOLD_EXCEEDED,0.0868475781729,0.0798,0.0870639,2026-02-17T23:40:13+00:00,2026-02-19T23:10:27+00:00,-0.2490821640061649,entry_to_exit_fill
2026-02-18,acc01,5,JELLYJELLYUSDT,19.58,1,2d2bb0e1-1231-4dfe-8150-fbfed5549e58,2026-02-17,2026-02-17T23:40:00+00:00,2026-02-18T07:40:00+08:00,1,44,CLOSED_TIMEOUT,MAX_HOLD_EXCEEDED,0.0734163788451,,0.07270686184565568,2026-02-17T23:40:13+00:00,2026-02-19T23:10:27+00:00,0.9664287596386503,entry_to_exit_fill
2026-02-18,acc01,6,BASUSDT,14.63,1,2d2bb0e1-1231-4dfe-8150-fbfed5549e58,2026-02-17,2026-02-17T23:40:00+00:00,2026-02-18T07:40:00+08:00,1,45,CLOSED_EXTERNAL,SHORT_POSITION_NOT_FOUND,0.0060398100913,,,2026-02-17T23:40:13+00:00,2026-02-18T03:55:40+00:00,,missing_exit_fill
2026-02-18,acc01,7,GUNUSDT,11.2,1,2d2bb0e1-1231-4dfe-8150-fbfed5549e58,2026-02-17,2026-02-17T23:40:00+00:00,2026-02-18T07:40:00+08:00,1,46,CLOSED_EXTERNAL,SHORT_POSITION_NOT_FOUND,0.02526,,,2026-02-17T23:40:13+00:00,2026-02-18T03:55:40+00:00,,missing_exit_fill
2026-02-18,acc01,8,MMTUSDT,8.87,1,2d2bb0e1-1231-4dfe-8150-fbfed5549e58,2026-02-17,2026-02-17T23:40:00+00:00,2026-02-18T07:40:00+08:00,1,47,CLOSED_TIMEOUT,MAX_HOLD_EXCEEDED,0.1429344129555,0.1319,0.1259,2026-02-17T23:40:13+00:00,2026-02-19T23:10:27+00:00,11.917642926762035,entry_to_exit_fill
2026-02-18,acc01,9,RAYSOLUSDT,8.39,1,2d2bb0e1-1231-4dfe-8150-fbfed5549e58,2026-02-17,2026-02-17T23:40:00+00:00,2026-02-18T07:40:00+08:00,1,48,CLOSED_TIMEOUT,MAX_HOLD_EXCEEDED,0.6814696798493,0.6813,0.63548531,2026-02-17T23:40:13+00:00,2026-02-19T23:10:27+00:00,6.7478233014664655,entry_to_exit_fill
2026-02-18,acc01,10,WETUSDT,8.12,1,2d2bb0e1-1231-4dfe-8150-fbfed5549e58,2026-02-17,2026-02-17T23:40:00+00:00,2026-02-18T07:40:00+08:00,0,,,,,,,,,,rank_symbol_not_opened
2026-02-19,acc01,1,ESPUSDT,46.14,1,0e41aadd-6c31-463b-b5ea-51b5c21d27a7,2026-02-18,2026-02-18T23:40:00+00:00,2026-02-19T07:40:00+08:00,1,49,CLOSED_TP,TAKE_PROFIT_FILLED,0.08932,0.08932,0.08936,2026-02-18T23:40:14+00:00,2026-02-19T16:50:27+00:00,-0.044782803403491236,entry_to_exit_fill
2026-02-19,acc01,2,NAORISUSDT,40.9,1,0e41aadd-6c31-463b-b5ea-51b5c21d27a7,2026-02-18,2026-02-18T23:40:00+00:00,2026-02-19T07:40:00+08:00,1,50,CLOSED_TIMEOUT,MAX_HOLD_EXCEEDED,0.0441683000981,0.0441442,0.04527,2026-02-18T23:40:14+00:00,2026-02-20T23:10:27+00:00,-2.4943226238117977,entry_to_exit_fill
2026-02-19,acc01,3,IRUSDT,15.02,1,0e41aadd-6c31-463b-b5ea-51b5c21d27a7,2026-02-18,2026-02-18T23:40:00+00:00,2026-02-19T07:40:00+08:00,1,51,CLOSED_TIMEOUT,MAX_HOLD_EXCEEDED,0.0866923736405,0.08663,0.08970017626359565,2026-02-18T23:40:14+00:00,2026-02-20T23:10:27+00:00,-3.4695123651459188,entry_to_exit_fill
2026-02-19,acc01,4,BASUSDT,14.35,1,0e41aadd-6c31-463b-b5ea-51b5c21d27a7,2026-02-18,2026-02-18T23:40:00+00:00,2026-02-19T07:40:00+08:00,1,52,CLOSED_TP,TAKE_PROFIT_FILLED,0.0069798997687,0.006979,0.006983,2026-02-18T23:40:14+00:00,2026-02-19T08:37:27+00:00,-0.04441655901567776,entry_to_exit_fill
2026-02-19,acc01,5,LYNUSDT,14.08,1,0e41aadd-6c31-463b-b5ea-51b5c21d27a7,2026-02-18,2026-02-18T23:40:00+00:00,2026-02-19T07:40:00+08:00,1,53,CLOSED_EXTERNAL,SHORT_POSITION_NOT_FOUND,0.26749,0.26749,,2026-02-18T23:40:14+00:00,2026-02-20T03:55:27+00:00,,missing_exit_fill
2026-02-19,acc01,6,AWEUSDT,13.14,1,0e41aadd-6c31-463b-b5ea-51b5c21d27a7,2026-02-18,2026-02-18T23:40:00+00:00,2026-02-19T07:40:00+08:00,1,54,CLOSED_EXTERNAL,SHORT_POSITION_NOT_FOUND,0.09934,,,2026-02-18T23:40:14+00:00,2026-02-19T03:55:40+00:00,,missing_exit_fill
2026-02-19,acc01,7,XNYUSDT,13.03,1,0e41aadd-6c31-463b-b5ea-51b5c21d27a7,2026-02-18,2026-02-18T23:40:00+00:00,2026-02-19T07:40:00+08:00,1,55,CLOSED_TIMEOUT,MAX_HOLD_EXCEEDED,0.0055106144372,,0.0051476,2026-02-18T23:40:14+00:00,2026-02-20T23:10:27+00:00,6.587549198677954,entry_to_exit_fill
2026-02-19,acc01,8,ORCAUSDT,11.85,1,0e41aadd-6c31-463b-b5ea-51b5c21d27a7,2026-02-18,2026-02-18T23:40:00+00:00,2026-02-19T07:40:00+08:00,1,56,CLOSED_TIMEOUT,MAX_HOLD_EXCEEDED,1.302,,1.142,2026-02-18T23:40:14+00:00,2026-02-20T23:10:28+00:00,12.288786482334881,entry_to_exit_fill
2026-02-19,acc01,9,CYBERUSDT,11.6,1,0e41aadd-6c31-463b-b5ea-51b5c21d27a7,2026-02-18,2026-02-18T23:40:00+00:00,2026-02-19T07:40:00+08:00,1,57,CLOSED_TIMEOUT,MAX_HOLD_EXCEEDED,0.6263,,0.5669,2026-02-18T23:40:14+00:00,2026-02-20T23:10:28+00:00,9.484272712757466,entry_to_exit_fill
2026-02-19,acc01,10,POWERUSDT,11.19,1,0e41aadd-6c31-463b-b5ea-51b5c21d27a7,2026-02-18,2026-02-18T23:40:00+00:00,2026-02-19T07:40:00+08:00,0,,,,,,,,,,rank_symbol_not_opened
2026-02-20,acc01,1,ENSOUSDT,35.07,1,f2467ea9-2056-4fc3-bf20-3fe25dc3ebe2,2026-02-19,2026-02-19T23:40:00+00:00,2026-02-20T07:40:00+08:00,1,58,CLOSED_EXTERNAL,SHORT_POSITION_NOT_FOUND,1.6315,,,2026-02-19T23:40:13+00:00,2026-02-20T03:55:28+00:00,,missing_exit_fill
2026-02-20,acc01,2,RAVEUSDT,27.97,1,f2467ea9-2056-4fc3-bf20-3fe25dc3ebe2,2026-02-19,2026-02-19T23:40:00+00:00,2026-02-20T07:40:00+08:00,1,59,CLOSED_EXTERNAL,SHORT_POSITION_NOT_FOUND,0.48683,,,2026-02-19T23:40:13+00:00,2026-02-20T03:55:28+00:00,,missing_exit_fill
2026-02-20,acc01,3,OMUSDT,23.63,1,f2467ea9-2056-4fc3-bf20-3fe25dc3ebe2,2026-02-19,2026-02-19T23:40:00+00:00,2026-02-20T07:40:00+08:00,1,60,CLOSED_TIMEOUT,MAX_HOLD_EXCEEDED,0.0685868842866,,0.0649,2026-02-19T23:40:13+00:00,2026-02-21T23:10:27+00:00,5.375494637128912,entry_to_exit_fill
2026-02-20,acc01,4,BEATUSDT,22.38,1,f2467ea9-2056-4fc3-bf20-3fe25dc3ebe2,2026-02-19,2026-02-19T23:40:00+00:00,2026-02-20T07:40:00+08:00,1,61,CLOSED_EXTERNAL,SHORT_POSITION_NOT_FOUND,0.2526,,,2026-02-19T23:40:13+00:00,2026-02-20T03:55:28+00:00,,missing_exit_fill
2026-02-20,acc01,5,DUSDT,16.17,1,f2467ea9-2056-4fc3-bf20-3fe25dc3ebe2,2026-02-19,2026-02-19T23:40:00+00:00,2026-02-20T07:40:00+08:00,1,62,CLOSED_TIMEOUT,MAX_HOLD_EXCEEDED,0.00862,,0.007660000000000001,2026-02-19T23:40:13+00:00,2026-02-21T23:10:27+00:00,11.136890951276083,entry_to_exit_fill
2026-02-20,acc01,6,SNXUSDT,15.88,1,f2467ea9-2056-4fc3-bf20-3fe25dc3ebe2,2026-02-19,2026-02-19T23:40:00+00:00,2026-02-20T07:40:00+08:00,1,63,CLOSED_EXTERNAL,SHORT_POSITION_NOT_FOUND,0.343,,,2026-02-19T23:40:13+00:00,2026-02-20T03:55:28+00:00,,missing_exit_fill
2026-02-20,acc01,7,UAIUSDT,15.7,1,f2467ea9-2056-4fc3-bf20-3fe25dc3ebe2,2026-02-19,2026-02-19T23:40:00+00:00,2026-02-20T07:40:00+08:00,1,64,CLOSED_EXTERNAL,SHORT_POSITION_NOT_FOUND,0.2390649298597,,,2026-02-19T23:40:13+00:00,2026-02-20T03:55:28+00:00,,missing_exit_fill
2026-02-20,acc01,8,DOLOUSDT,14.87,1,f2467ea9-2056-4fc3-bf20-3fe25dc3ebe2,2026-02-19,2026-02-19T23:40:00+00:00,2026-02-20T07:40:00+08:00,1,65,CLOSED_EXTERNAL,SHORT_POSITION_NOT_FOUND,0.0406167346939,,,2026-02-19T23:40:13+00:00,2026-02-20T03:55:28+00:00,,missing_exit_fill
2026-02-20,acc01,9,APRUSDT,13.12,1,f2467ea9-2056-4fc3-bf20-3fe25dc3ebe2,2026-02-19,2026-02-19T23:40:00+00:00,2026-02-20T07:40:00+08:00,1,66,CLOSED_TIMEOUT,MAX_HOLD_EXCEEDED,0.1021191538461,,0.0990295,2026-02-19T23:40:13+00:00,2026-02-21T23:10:27+00:00,3.0255380403526417,entry_to_exit_fill
2026-02-20,acc01,10,VELVETUSDT,12.07,1,f2467ea9-2056-4fc3-bf20-3fe25dc3ebe2,2026-02-19,2026-02-19T23:40:00+00:00,2026-02-20T07:40:00+08:00,1,67,CLOSED_EXTERNAL,SHORT_POSITION_NOT_FOUND,0.0783315419947,,,2026-02-19T23:40:13+00:00,2026-02-20T03:55:28+00:00,,missing_exit_fill
2026-02-21,acc01,1,AZTECUSDT,63.73,1,ff187ca3-e06a-44d1-b8cb-773562250259,2026-02-20,2026-02-20T23:40:00+00:00,2026-02-21T07:40:00+08:00,1,68,CLOSED_EXTERNAL,SHORT_POSITION_NOT_FOUND,0.03127,,,2026-02-20T23:40:13+00:00,2026-02-21T03:55:27+00:00,,missing_exit_fill
2026-02-21,acc01,2,BIOUSDT,39.59,1,ff187ca3-e06a-44d1-b8cb-773562250259,2026-02-20,2026-02-20T23:40:00+00:00,2026-02-21T07:40:00+08:00,1,69,CLOSED_TIMEOUT,MAX_HOLD_EXCEEDED,0.03165,,0.02645,2026-02-20T23:40:13+00:00,2026-02-22T23:11:05+00:00,16.429699842022107,entry_to_exit_fill
2026-02-21,acc01,3,ALLOUSDT,27.01,1,ff187ca3-e06a-44d1-b8cb-773562250259,2026-02-20,2026-02-20T23:40:00+00:00,2026-02-21T07:40:00+08:00,1,70,CLOSED_EXTERNAL,SHORT_POSITION_NOT_FOUND,0.1341572482014,,,2026-02-20T23:40:13+00:00,2026-02-21T03:55:27+00:00,,missing_exit_fill
2026-02-21,acc01,4,VANAUSDT,21.96,1,ff187ca3-e06a-44d1-b8cb-773562250259,2026-02-20,2026-02-20T23:40:00+00:00,2026-02-21T07:40:00+08:00,1,71,CLOSED_TIMEOUT,MAX_HOLD_EXCEEDED,1.724,,1.508,2026-02-20T23:40:13+00:00,2026-02-22T23:11:06+00:00,12.529002320185615,entry_to_exit_fill
2026-02-21,acc01,5,VVVUSDT,18.85,1,ff187ca3-e06a-44d1-b8cb-773562250259,2026-02-20,2026-02-20T23:40:00+00:00,2026-02-21T07:40:00+08:00,1,72,CLOSED_TIMEOUT,MAX_HOLD_EXCEEDED,4.426,,3.9,2026-02-20T23:40:13+00:00,2026-02-22T23:11:06+00:00,11.88431992769996,entry_to_exit_fill
2026-02-21,acc01,6,RAVEUSDT,18.07,1,ff187ca3-e06a-44d1-b8cb-773562250259,2026-02-20,2026-02-20T23:40:00+00:00,2026-02-21T07:40:00+08:00,1,73,CLOSED_EXTERNAL,SHORT_POSITION_NOT_FOUND,0.5776127906977,,,2026-02-20T23:40:13+00:00,2026-02-22T03:55:06+00:00,,missing_exit_fill
2026-02-21,acc01,7,ZAMAUSDT,17.04,1,ff187ca3-e06a-44d1-b8cb-773562250259,2026-02-20,2026-02-20T23:40:00+00:00,2026-02-21T07:40:00+08:00,1,74,CLOSED_TIMEOUT,MAX_HOLD_EXCEEDED,0.02351,,0.02132,2026-02-20T23:40:13+00:00,2026-02-22T23:11:06+00:00,9.315185027647814,entry_to_exit_fill
2026-02-21,acc01,8,MYXUSDT,16.59,1,ff187ca3-e06a-44d1-b8cb-773562250259,2026-02-20,2026-02-20T23:40:00+00:00,2026-02-21T07:40:00+08:00,1,75,CLOSED_EXTERNAL,SHORT_POSITION_NOT_FOUND,1.055226950354,,,2026-02-20T23:40:13+00:00,2026-02-21T03:55:28+00:00,,missing_exit_fill
2026-02-21,acc01,9,FOGOUSDT,16.27,1,ff187ca3-e06a-44d1-b8cb-773562250259,2026-02-20,2026-02-20T23:40:00+00:00,2026-02-21T07:40:00+08:00,1,76,CLOSED_TIMEOUT,MAX_HOLD_EXCEEDED,0.02735,,0.025550000000000003,2026-02-20T23:40:13+00:00,2026-02-22T23:11:06+00:00,6.581352833638012,entry_to_exit_fill
2026-02-21,acc01,10,ENSOUSDT,15.89,1,ff187ca3-e06a-44d1-b8cb-773562250259,2026-02-20,2026-02-20T23:40:00+00:00,2026-02-21T07:40:00+08:00,1,77,CLOSED_TIMEOUT,MAX_HOLD_EXCEEDED,1.9277,,1.9295000000000002,2026-02-20T23:40:13+00:00,2026-02-22T23:11:06+00:00,-0.09337552523734222,entry_to_exit_fill
2026-02-22,acc01,1,AGLDUSDT,22.6,1,3f9dbb10-58bb-4058-b3ec-c84be75c17fa,2026-02-21,2026-02-21T23:40:00+00:00,2026-02-22T07:40:00+08:00,1,78,CLOSED_SL,STOP_LOSS_FILLED,0.267320890411,,,2026-02-21T23:40:12+00:00,2026-02-22T15:53:06+00:00,,missing_exit_fill
2026-02-22,acc01,2,YGGUSDT,19.92,1,3f9dbb10-58bb-4058-b3ec-c84be75c17fa,2026-02-21,2026-02-21T23:40:00+00:00,2026-02-22T07:40:00+08:00,1,79,CLOSED_EXTERNAL,SHORT_POSITION_NOT_FOUND,0.0475160238399,0.04622,,2026-02-21T23:40:12+00:00,2026-02-23T03:55:02+00:00,,missing_exit_fill
2026-02-22,acc01,3,POWERUSDT,18.71,1,3f9dbb10-58bb-4058-b3ec-c84be75c17fa,2026-02-21,2026-02-21T23:40:00+00:00,2026-02-22T07:40:00+08:00,1,80,CLOSED_EXTERNAL,SHORT_POSITION_NOT_FOUND,0.4493530416667,0.45081,,2026-02-21T23:40:13+00:00,2026-02-23T03:55:02+00:00,,missing_exit_fill
2026-02-22,acc01,4,RAVEUSDT,17.19,1,3f9dbb10-58bb-4058-b3ec-c84be75c17fa,2026-02-21,2026-02-21T23:40:00+00:00,2026-02-22T07:40:00+08:00,0,,,,,,,,,,rank_symbol_not_opened
2026-02-22,acc01,5,SIRENUSDT,15.53,1,3f9dbb10-58bb-4058-b3ec-c84be75c17fa,2026-02-21,2026-02-21T23:40:00+00:00,2026-02-22T07:40:00+08:00,1,81,CLOSED_EXTERNAL,SHORT_POSITION_NOT_FOUND,0.26562,,,2026-02-21T23:40:13+00:00,2026-02-22T03:55:07+00:00,,missing_exit_fill
2026-02-22,acc01,6,ESPUSDT,14.05,1,3f9dbb10-58bb-4058-b3ec-c84be75c17fa,2026-02-21,2026-02-21T23:40:00+00:00,2026-02-22T07:40:00+08:00,1,82,CLOSED_EXTERNAL,SHORT_POSITION_NOT_FOUND,0.0775329084745,0.0735628,,2026-02-21T23:40:13+00:00,2026-02-23T03:55:03+00:00,,missing_exit_fill
2026-02-22,acc01,7,AGTUSDT,13.11,1,3f9dbb10-58bb-4058-b3ec-c84be75c17fa,2026-02-21,2026-02-21T23:40:00+00:00,2026-02-22T07:40:00+08:00,1,83,CLOSED_EXTERNAL,SHORT_POSITION_NOT_FOUND,0.005284,,,2026-02-21T23:40:13+00:00,2026-02-22T03:55:07+00:00,,missing_exit_fill
2026-02-22,acc01,8,CARVUSDT,11.04,1,3f9dbb10-58bb-4058-b3ec-c84be75c17fa,2026-02-21,2026-02-21T23:40:00+00:00,2026-02-22T07:40:00+08:00,1,84,CLOSED_TIMEOUT,MAX_HOLD_EXCEEDED,0.0669062610749,0.0640427,0.0596021,2026-02-21T23:40:13+00:00,2026-02-23T23:10:23+00:00,10.917006805571098,entry_to_exit_fill
2026-02-22,acc01,9,INJUSDT,10.25,1,3f9dbb10-58bb-4058-b3ec-c84be75c17fa,2026-02-21,2026-02-21T23:40:00+00:00,2026-02-22T07:40:00+08:00,1,85,CLOSED_TIMEOUT,MAX_HOLD_EXCEEDED,3.691666666667,3.505,3.353,2026-02-21T23:40:13+00:00,2026-02-23T23:10:23+00:00,9.17381489842806,entry_to_exit_fill
2026-02-22,acc01,10,MAGMAUSDT,10.02,1,3f9dbb10-58bb-4058-b3ec-c84be75c17fa,2026-02-21,2026-02-21T23:40:00+00:00,2026-02-22T07:40:00+08:00,1,86,CLOSED_TIMEOUT,MAX_HOLD_EXCEEDED,0.1159931752577,0.1117667,0.0991609,2026-02-21T23:40:13+00:00,2026-02-23T23:10:23+00:00,14.511435884313054,entry_to_exit_fill
2026-02-23,acc01,1,AGLDUSDT,46.04,1,48672ec1-c47f-45d0-92a0-ebe887e5b26f,2026-02-22,2026-02-22T23:40:00+00:00,2026-02-23T07:40:00+08:00,1,88,CLOSED_TP,TAKE_PROFIT_FILLED,0.3856,,,2026-02-22T23:40:14+00:00,2026-02-23T17:17:07+00:00,,missing_exit_fill
2026-02-23,acc01,2,PIPPINUSDT,27.04,1,48672ec1-c47f-45d0-92a0-ebe887e5b26f,2026-02-22,2026-02-22T23:40:00+00:00,2026-02-23T07:40:00+08:00,1,89,CLOSED_EXTERNAL,SHORT_POSITION_NOT_FOUND,0.62211,,,2026-02-22T23:40:14+00:00,2026-02-23T03:55:03+00:00,,missing_exit_fill
2026-02-23,acc01,3,BELUSDT,23.5,1,48672ec1-c47f-45d0-92a0-ebe887e5b26f,2026-02-22,2026-02-22T23:40:00+00:00,2026-02-23T07:40:00+08:00,1,90,CLOSED_TIMEOUT,MAX_HOLD_EXCEEDED,0.1126051813471,0.1016,0.09735,2026-02-22T23:40:14+00:00,2026-02-24T23:10:45+00:00,13.547495030514305,entry_to_exit_fill
2026-02-23,acc01,4,ARCUSDT,23.11,1,48672ec1-c47f-45d0-92a0-ebe887e5b26f,2026-02-22,2026-02-22T23:40:00+00:00,2026-02-23T07:40:00+08:00,1,91,CLOSED_EXTERNAL,SHORT_POSITION_NOT_FOUND,0.09042,,,2026-02-22T23:40:14+00:00,2026-02-24T03:55:41+00:00,,missing_exit_fill
2026-02-23,acc01,5,IDOLUSDT,17.3,1,48672ec1-c47f-45d0-92a0-ebe887e5b26f,2026-02-22,2026-02-22T23:40:00+00:00,2026-02-23T07:40:00+08:00,1,92,CLOSED_TIMEOUT,MAX_HOLD_EXCEEDED,0.02524,,0.023532420886516595,2026-02-22T23:40:14+00:00,2026-02-24T23:10:45+00:00,6.765368912374818,entry_to_exit_fill
2026-02-23,acc01,6,KITEUSDT,16.32,1,48672ec1-c47f-45d0-92a0-ebe887e5b26f,2026-02-22,2026-02-22T23:40:00+00:00,2026-02-23T07:40:00+08:00,1,93,CLOSED_EXTERNAL,SHORT_POSITION_NOT_FOUND,0.2566887470449,,,2026-02-22T23:40:14+00:00,2026-02-23T03:55:03+00:00,,missing_exit_fill
2026-02-23,acc01,7,ARPAUSDT,11.38,1,48672ec1-c47f-45d0-92a0-ebe887e5b26f,2026-02-22,2026-02-22T23:40:00+00:00,2026-02-23T07:40:00+08:00,1,94,CLOSED_TIMEOUT,MAX_HOLD_EXCEEDED,0.01085,,0.009650000000000002,2026-02-22T23:40:14+00:00,2026-02-24T23:10:45+00:00,11.059907834101363,entry_to_exit_fill
2026-02-23,acc01,8,BOBUSDT,10.67,1,48672ec1-c47f-45d0-92a0-ebe887e5b26f,2026-02-22,2026-02-22T23:40:00+00:00,2026-02-23T07:40:00+08:00,1,95,CLOSED_TIMEOUT,MAX_HOLD_EXCEEDED,0.0058952299671,,0.005622508186091749,2026-02-22T23:40:14+00:00,2026-02-24T23:10:46+00:00,4.626143212906915,entry_to_exit_fill
2026-02-23,acc01,9,OPNUSDT,10.36,1,48672ec1-c47f-45d0-92a0-ebe887e5b26f,2026-02-22,2026-02-22T23:40:00+00:00,2026-02-23T07:40:00+08:00,1,96,CLOSED_TP,TAKE_PROFIT_FILLED,0.7105,,0.6091,2026-02-22T23:40:14+00:00,2026-02-24T06:57:36+00:00,14.271639690358908,entry_to_exit_fill
2026-02-23,acc01,10,TAGUSDT,9.48,1,48672ec1-c47f-45d0-92a0-ebe887e5b26f,2026-02-22,2026-02-22T23:40:00+00:00,2026-02-23T07:40:00+08:00,1,97,CLOSED_TIMEOUT,MAX_HOLD_EXCEEDED,0.0004038096697,,0.00038005,2026-02-22T23:40:14+00:00,2026-02-24T23:10:46+00:00,5.883878342401165,entry_to_exit_fill
2026-02-24,acc01,1,BULLAUSDT,83.37,1,6dc75601-f45f-4250-a402-722adc876744,2026-02-23,2026-02-23T23:40:00+00:00,2026-02-24T07:40:00+08:00,1,98,CLOSED_TP,TAKE_PROFIT_FILLED,0.04952,,,2026-02-23T23:40:14+00:00,2026-02-24T02:45:42+00:00,,missing_exit_fill
2026-02-24,acc01,2,ESPUSDT,38.85,1,6dc75601-f45f-4250-a402-722adc876744,2026-02-23,2026-02-23T23:40:00+00:00,2026-02-24T07:40:00+08:00,1,99,CLOSED_SL,STOP_LOSS_FILLED,0.1006712991453,,0.09741,2026-02-23T23:40:14+00:00,2026-02-24T06:05:03+00:00,3.2395520600096104,entry_to_exit_fill
2026-02-24,acc01,3,SPORTFUNUSDT,15.31,1,6dc75601-f45f-4250-a402-722adc876744,2026-02-23,2026-02-23T23:40:00+00:00,2026-02-24T07:40:00+08:00,1,102,CLOSED_EXTERNAL,SHORT_POSITION_NOT_FOUND,0.0459825498891,0.04475,0.0440382,2026-02-23T23:40:14+00:00,2026-02-25T03:55:12+00:00,4.228451649135058,entry_to_exit_fill
2026-02-24,acc01,4,AINUSDT,13.68,1,6dc75601-f45f-4250-a402-722adc876744,2026-02-23,2026-02-23T23:40:00+00:00,2026-02-24T07:40:00+08:00,1,105,CLOSED_EXTERNAL,SHORT_POSITION_NOT_FOUND,0.0395383367698,0.0434089,0.0361132,2026-02-23T23:40:14+00:00,2026-02-25T03:55:12+00:00,8.662824614352965,entry_to_exit_fill
2026-02-24,acc01,5,SENTUSDT,13.01,1,6dc75601-f45f-4250-a402-722adc876744,2026-02-23,2026-02-23T23:40:00+00:00,2026-02-24T07:40:00+08:00,1,106,CLOSED_EXTERNAL,SHORT_POSITION_NOT_FOUND,0.0235755555556,0.02277,0.02285,2026-02-23T23:40:14+00:00,2026-02-25T03:55:12+00:00,3.077575643504437,entry_to_exit_fill
2026-02-24,acc01,6,XNYUSDT,10.09,1,6dc75601-f45f-4250-a402-722adc876744,2026-02-23,2026-02-23T23:40:00+00:00,2026-02-24T07:40:00+08:00,0,,,,,,,,,,rank_symbol_not_opened
2026-02-24,acc01,7,FOGOUSDT,8.42,1,6dc75601-f45f-4250-a402-722adc876744,2026-02-23,2026-02-23T23:40:00+00:00,2026-02-24T07:40:00+08:00,0,,,,,,,,,,rank_symbol_not_opened
2026-02-24,acc01,8,KERNELUSDT,8.01,1,6dc75601-f45f-4250-a402-722adc876744,2026-02-23,2026-02-23T23:40:00+00:00,2026-02-24T07:40:00+08:00,0,,,,,,,,,,rank_symbol_not_opened
2026-02-24,acc01,9,BASUSDT,7.31,1,6dc75601-f45f-4250-a402-722adc876744,2026-02-23,2026-02-23T23:40:00+00:00,2026-02-24T07:40:00+08:00,0,,,,,,,,,,rank_symbol_not_opened
2026-02-24,acc01,10,SIRENUSDT,7.01,1,6dc75601-f45f-4250-a402-722adc876744,2026-02-23,2026-02-23T23:40:00+00:00,2026-02-24T07:40:00+08:00,0,,,,,,,,,,rank_symbol_not_opened
2026-02-24,acc02,1,BULLAUSDT,83.37,1,39cfd143-87ac-4c93-88ee-1584fedcf472,2026-02-23,2026-02-23T23:40:00+00:00,2026-02-24T07:40:00+08:00,0,,,,,,,,,,rank_symbol_not_opened
2026-02-24,acc02,2,ESPUSDT,38.85,1,39cfd143-87ac-4c93-88ee-1584fedcf472,2026-02-23,2026-02-23T23:40:00+00:00,2026-02-24T07:40:00+08:00,0,,,,,,,,,,rank_symbol_not_opened
2026-02-24,acc02,3,SPORTFUNUSDT,15.31,1,39cfd143-87ac-4c93-88ee-1584fedcf472,2026-02-23,2026-02-23T23:40:00+00:00,2026-02-24T07:40:00+08:00,0,,,,,,,,,,rank_symbol_not_opened
2026-02-24,acc02,4,AINUSDT,13.68,1,39cfd143-87ac-4c93-88ee-1584fedcf472,2026-02-23,2026-02-23T23:40:00+00:00,2026-02-24T07:40:00+08:00,0,,,,,,,,,,rank_symbol_not_opened
2026-02-24,acc02,5,SENTUSDT,13.01,1,39cfd143-87ac-4c93-88ee-1584fedcf472,2026-02-23,2026-02-23T23:40:00+00:00,2026-02-24T07:40:00+08:00,0,,,,,,,,,,rank_symbol_not_opened
2026-02-24,acc02,6,XNYUSDT,10.09,1,39cfd143-87ac-4c93-88ee-1584fedcf472,2026-02-23,2026-02-23T23:40:00+00:00,2026-02-24T07:40:00+08:00,0,,,,,,,,,,rank_symbol_not_opened
2026-02-24,acc02,7,FOGOUSDT,8.42,1,39cfd143-87ac-4c93-88ee-1584fedcf472,2026-02-23,2026-02-23T23:40:00+00:00,2026-02-24T07:40:00+08:00,0,,,,,,,,,,rank_symbol_not_opened
2026-02-24,acc02,8,KERNELUSDT,8.01,1,39cfd143-87ac-4c93-88ee-1584fedcf472,2026-02-23,2026-02-23T23:40:00+00:00,2026-02-24T07:40:00+08:00,0,,,,,,,,,,rank_symbol_not_opened
2026-02-24,acc02,9,BASUSDT,7.31,1,39cfd143-87ac-4c93-88ee-1584fedcf472,2026-02-23,2026-02-23T23:40:00+00:00,2026-02-24T07:40:00+08:00,0,,,,,,,,,,rank_symbol_not_opened
2026-02-24,acc02,10,SIRENUSDT,7.01,1,39cfd143-87ac-4c93-88ee-1584fedcf472,2026-02-23,2026-02-23T23:40:00+00:00,2026-02-24T07:40:00+08:00,0,,,,,,,,,,rank_symbol_not_opened
2026-02-24,acc03,1,BULLAUSDT,83.37,1,d223c4f1-6a4f-4b1e-9a6f-17343d6c18a1,2026-02-23,2026-02-23T23:40:00+00:00,2026-02-24T07:40:00+08:00,0,,,,,,,,,,rank_symbol_not_opened
2026-02-24,acc03,2,ESPUSDT,38.85,1,d223c4f1-6a4f-4b1e-9a6f-17343d6c18a1,2026-02-23,2026-02-23T23:40:00+00:00,2026-02-24T07:40:00+08:00,0,,,,,,,,,,rank_symbol_not_opened
2026-02-24,acc03,3,SPORTFUNUSDT,15.31,1,d223c4f1-6a4f-4b1e-9a6f-17343d6c18a1,2026-02-23,2026-02-23T23:40:00+00:00,2026-02-24T07:40:00+08:00,0,,,,,,,,,,rank_symbol_not_opened
2026-02-24,acc03,4,AINUSDT,13.68,1,d223c4f1-6a4f-4b1e-9a6f-17343d6c18a1,2026-02-23,2026-02-23T23:40:00+00:00,2026-02-24T07:40:00+08:00,0,,,,,,,,,,rank_symbol_not_opened
2026-02-24,acc03,5,SENTUSDT,13.01,1,d223c4f1-6a4f-4b1e-9a6f-17343d6c18a1,2026-02-23,2026-02-23T23:40:00+00:00,2026-02-24T07:40:00+08:00,0,,,,,,,,,,rank_symbol_not_opened
2026-02-24,acc03,6,XNYUSDT,10.09,1,d223c4f1-6a4f-4b1e-9a6f-17343d6c18a1,2026-02-23,2026-02-23T23:40:00+00:00,2026-02-24T07:40:00+08:00,0,,,,,,,,,,rank_symbol_not_opened
2026-02-24,acc03,7,FOGOUSDT,8.42,1,d223c4f1-6a4f-4b1e-9a6f-17343d6c18a1,2026-02-23,2026-02-23T23:40:00+00:00,2026-02-24T07:40:00+08:00,0,,,,,,,,,,rank_symbol_not_opened
2026-02-24,acc03,8,KERNELUSDT,8.01,1,d223c4f1-6a4f-4b1e-9a6f-17343d6c18a1,2026-02-23,2026-02-23T23:40:00+00:00,2026-02-24T07:40:00+08:00,0,,,,,,,,,,rank_symbol_not_opened
2026-02-24,acc03,9,BASUSDT,7.31,1,d223c4f1-6a4f-4b1e-9a6f-17343d6c18a1,2026-02-23,2026-02-23T23:40:00+00:00,2026-02-24T07:40:00+08:00,0,,,,,,,,,,rank_symbol_not_opened
2026-02-24,acc03,10,SIRENUSDT,7.01,1,d223c4f1-6a4f-4b1e-9a6f-17343d6c18a1,2026-02-23,2026-02-23T23:40:00+00:00,2026-02-24T07:40:00+08:00,0,,,,,,,,,,rank_symbol_not_opened
2026-02-24,acc04,1,BULLAUSDT,83.37,1,2da53efe-a4a2-4323-9a0f-d00e1fdeeab2,2026-02-23,2026-02-23T23:40:14+00:00,2026-02-24T07:40:14+08:00,0,,,,,,,,,,rank_symbol_not_opened
2026-02-24,acc04,2,ESPUSDT,38.85,1,2da53efe-a4a2-4323-9a0f-d00e1fdeeab2,2026-02-23,2026-02-23T23:40:14+00:00,2026-02-24T07:40:14+08:00,0,,,,,,,,,,rank_symbol_not_opened
2026-02-24,acc04,3,SPORTFUNUSDT,15.31,1,2da53efe-a4a2-4323-9a0f-d00e1fdeeab2,2026-02-23,2026-02-23T23:40:14+00:00,2026-02-24T07:40:14+08:00,0,,,,,,,,,,rank_symbol_not_opened
2026-02-24,acc04,4,AINUSDT,13.68,1,2da53efe-a4a2-4323-9a0f-d00e1fdeeab2,2026-02-23,2026-02-23T23:40:14+00:00,2026-02-24T07:40:14+08:00,0,,,,,,,,,,rank_symbol_not_opened
2026-02-24,acc04,5,SENTUSDT,13.01,1,2da53efe-a4a2-4323-9a0f-d00e1fdeeab2,2026-02-23,2026-02-23T23:40:14+00:00,2026-02-24T07:40:14+08:00,0,,,,,,,,,,rank_symbol_not_opened
2026-02-24,acc04,6,XNYUSDT,10.09,1,2da53efe-a4a2-4323-9a0f-d00e1fdeeab2,2026-02-23,2026-02-23T23:40:14+00:00,2026-02-24T07:40:14+08:00,0,,,,,,,,,,rank_symbol_not_opened
2026-02-24,acc04,7,FOGOUSDT,8.42,1,2da53efe-a4a2-4323-9a0f-d00e1fdeeab2,2026-02-23,2026-02-23T23:40:14+00:00,2026-02-24T07:40:14+08:00,0,,,,,,,,,,rank_symbol_not_opened
2026-02-24,acc04,8,KERNELUSDT,8.01,1,2da53efe-a4a2-4323-9a0f-d00e1fdeeab2,2026-02-23,2026-02-23T23:40:14+00:00,2026-02-24T07:40:14+08:00,0,,,,,,,,,,rank_symbol_not_opened
2026-02-24,acc04,9,BASUSDT,7.31,1,2da53efe-a4a2-4323-9a0f-d00e1fdeeab2,2026-02-23,2026-02-23T23:40:14+00:00,2026-02-24T07:40:14+08:00,0,,,,,,,,,,rank_symbol_not_opened
2026-02-24,acc04,10,SIRENUSDT,7.01,1,2da53efe-a4a2-4323-9a0f-d00e1fdeeab2,2026-02-23,2026-02-23T23:40:14+00:00,2026-02-24T07:40:14+08:00,0,,,,,,,,,,rank_symbol_not_opened
2026-02-25,acc01,1,ESPUSDT,70.52,1,e59bd9d4-2623-436b-976c-26c71b2360a9,2026-02-24,2026-02-24T23:40:16+00:00,2026-02-25T07:40:16+08:00,1,108,CLOSED_TP,TAKE_PROFIT_FILLED,0.1752566212871,0.15703,,2026-02-24T23:40:16+00:00,2026-02-26T04:17:31+00:00,,missing_exit_fill
2026-02-25,acc01,2,POWERUSDT,52.82,1,e59bd9d4-2623-436b-976c-26c71b2360a9,2026-02-24,2026-02-24T23:40:16+00:00,2026-02-25T07:40:16+08:00,1,109,CLOSED_EXTERNAL,SHORT_POSITION_NOT_FOUND,0.745252259887,,0.9038407999999999,2026-02-24T23:40:16+00:00,2026-02-26T03:55:31+00:00,-21.279846925529107,entry_to_exit_fill
2026-02-25,acc01,3,AKEUSDT,51.06,1,e59bd9d4-2623-436b-976c-26c71b2360a9,2026-02-24,2026-02-24T23:40:16+00:00,2026-02-25T07:40:16+08:00,1,110,CLOSED_TP,TAKE_PROFIT_FILLED,0.0004581092001,,,2026-02-24T23:40:16+00:00,2026-02-25T00:51:46+00:00,,missing_exit_fill
2026-02-25,acc01,4,DENTUSDT,38.52,1,e59bd9d4-2623-436b-976c-26c71b2360a9,2026-02-24,2026-02-24T23:40:16+00:00,2026-02-25T07:40:16+08:00,1,111,CLOSED_EXTERNAL,SHORT_POSITION_NOT_FOUND,0.000168,,,2026-02-24T23:40:16+00:00,2026-02-25T03:55:12+00:00,,missing_exit_fill
2026-02-25,acc01,5,ENSOUSDT,35.09,1,e59bd9d4-2623-436b-976c-26c71b2360a9,2026-02-24,2026-02-24T23:40:16+00:00,2026-02-25T07:40:16+08:00,1,112,CLOSED_EXTERNAL,SHORT_POSITION_NOT_FOUND,2.6739,,,2026-02-24T23:40:16+00:00,2026-02-25T03:55:13+00:00,,missing_exit_fill
2026-02-25,acc01,6,SKRUSDT,35.08,1,e59bd9d4-2623-436b-976c-26c71b2360a9,2026-02-24,2026-02-24T23:40:16+00:00,2026-02-25T07:40:16+08:00,1,113,CLOSED_TIMEOUT,MAX_HOLD_EXCEEDED,0.0249684168283,0.022367000000000005,0.020919,2026-02-24T23:40:16+00:00,2026-02-26T23:10:56+00:00,16.21815614560817,entry_to_exit_fill
2026-02-25,acc01,7,COLLECTUSDT,34.65,1,e59bd9d4-2623-436b-976c-26c71b2360a9,2026-02-24,2026-02-24T23:40:16+00:00,2026-02-25T07:40:16+08:00,1,114,CLOSED_TP,TAKE_PROFIT_FILLED,0.0566973929009,0.05175,,2026-02-24T23:40:16+00:00,2026-02-26T12:02:31+00:00,,missing_exit_fill
2026-02-25,acc01,8,DAMUSDT,27.33,1,e59bd9d4-2623-436b-976c-26c71b2360a9,2026-02-24,2026-02-24T23:40:16+00:00,2026-02-25T07:40:16+08:00,1,115,CLOSED_TIMEOUT,MAX_HOLD_EXCEEDED,0.02617174821,,0.0234834,2026-02-24T23:40:16+00:00,2026-02-26T23:10:56+00:00,10.271947400796119,entry_to_exit_fill
2026-02-25,acc01,9,PIEVERSEUSDT,20.11,1,e59bd9d4-2623-436b-976c-26c71b2360a9,2026-02-24,2026-02-24T23:40:16+00:00,2026-02-25T07:40:16+08:00,1,116,CLOSED_EXTERNAL,SHORT_POSITION_NOT_FOUND,0.5006,,,2026-02-24T23:40:16+00:00,2026-02-25T03:55:13+00:00,,missing_exit_fill
2026-02-25,acc01,10,UBUSDT,19.82,1,e59bd9d4-2623-436b-976c-26c71b2360a9,2026-02-24,2026-02-24T23:40:16+00:00,2026-02-25T07:40:16+08:00,1,118,CLOSED_EXTERNAL,SHORT_POSITION_NOT_FOUND,0.0429548424813,,,2026-02-24T23:40:16+00:00,2026-02-25T03:55:13+00:00,,missing_exit_fill
2026-02-25,acc02,1,ESPUSDT,70.52,1,c0fe2e1e-08cf-459d-8068-9b7d9d945d05,2026-02-24,2026-02-24T23:40:16+00:00,2026-02-25T07:40:16+08:00,0,,,,,,,,,,rank_symbol_not_opened
2026-02-25,acc02,2,POWERUSDT,52.82,1,c0fe2e1e-08cf-459d-8068-9b7d9d945d05,2026-02-24,2026-02-24T23:40:16+00:00,2026-02-25T07:40:16+08:00,0,,,,,,,,,,rank_symbol_not_opened
2026-02-25,acc02,3,AKEUSDT,51.06,1,c0fe2e1e-08cf-459d-8068-9b7d9d945d05,2026-02-24,2026-02-24T23:40:16+00:00,2026-02-25T07:40:16+08:00,0,,,,,,,,,,rank_symbol_not_opened
2026-02-25,acc02,4,DENTUSDT,38.52,1,c0fe2e1e-08cf-459d-8068-9b7d9d945d05,2026-02-24,2026-02-24T23:40:16+00:00,2026-02-25T07:40:16+08:00,0,,,,,,,,,,rank_symbol_not_opened
2026-02-25,acc02,5,ENSOUSDT,35.09,1,c0fe2e1e-08cf-459d-8068-9b7d9d945d05,2026-02-24,2026-02-24T23:40:16+00:00,2026-02-25T07:40:16+08:00,0,,,,,,,,,,rank_symbol_not_opened
2026-02-25,acc02,6,SKRUSDT,35.08,1,c0fe2e1e-08cf-459d-8068-9b7d9d945d05,2026-02-24,2026-02-24T23:40:16+00:00,2026-02-25T07:40:16+08:00,0,,,,,,,,,,rank_symbol_not_opened
2026-02-25,acc02,7,COLLECTUSDT,34.65,1,c0fe2e1e-08cf-459d-8068-9b7d9d945d05,2026-02-24,2026-02-24T23:40:16+00:00,2026-02-25T07:40:16+08:00,0,,,,,,,,,,rank_symbol_not_opened
2026-02-25,acc02,8,DAMUSDT,27.33,1,c0fe2e1e-08cf-459d-8068-9b7d9d945d05,2026-02-24,2026-02-24T23:40:16+00:00,2026-02-25T07:40:16+08:00,0,,,,,,,,,,rank_symbol_not_opened
2026-02-25,acc02,9,PIEVERSEUSDT,20.11,1,c0fe2e1e-08cf-459d-8068-9b7d9d945d05,2026-02-24,2026-02-24T23:40:16+00:00,2026-02-25T07:40:16+08:00,0,,,,,,,,,,rank_symbol_not_opened
2026-02-25,acc02,10,UBUSDT,19.82,1,c0fe2e1e-08cf-459d-8068-9b7d9d945d05,2026-02-24,2026-02-24T23:40:16+00:00,2026-02-25T07:40:16+08:00,0,,,,,,,,,,rank_symbol_not_opened
2026-02-25,acc03,1,ESPUSDT,70.52,1,102ffcd3-5480-419d-9f42-33cb13e3e6d0,2026-02-24,2026-02-24T23:40:16+00:00,2026-02-25T07:40:16+08:00,0,,,,,,,,,,rank_symbol_not_opened
2026-02-25,acc03,2,POWERUSDT,52.82,1,102ffcd3-5480-419d-9f42-33cb13e3e6d0,2026-02-24,2026-02-24T23:40:16+00:00,2026-02-25T07:40:16+08:00,0,,,,,,,,,,rank_symbol_not_opened
2026-02-25,acc03,3,AKEUSDT,51.06,1,102ffcd3-5480-419d-9f42-33cb13e3e6d0,2026-02-24,2026-02-24T23:40:16+00:00,2026-02-25T07:40:16+08:00,0,,,,,,,,,,rank_symbol_not_opened
2026-02-25,acc03,4,DENTUSDT,38.52,1,102ffcd3-5480-419d-9f42-33cb13e3e6d0,2026-02-24,2026-02-24T23:40:16+00:00,2026-02-25T07:40:16+08:00,0,,,,,,,,,,rank_symbol_not_opened
2026-02-25,acc03,5,ENSOUSDT,35.09,1,102ffcd3-5480-419d-9f42-33cb13e3e6d0,2026-02-24,2026-02-24T23:40:16+00:00,2026-02-25T07:40:16+08:00,0,,,,,,,,,,rank_symbol_not_opened
2026-02-25,acc03,6,SKRUSDT,35.08,1,102ffcd3-5480-419d-9f42-33cb13e3e6d0,2026-02-24,2026-02-24T23:40:16+00:00,2026-02-25T07:40:16+08:00,0,,,,,,,,,,rank_symbol_not_opened
2026-02-25,acc03,7,COLLECTUSDT,34.65,1,102ffcd3-5480-419d-9f42-33cb13e3e6d0,2026-02-24,2026-02-24T23:40:16+00:00,2026-02-25T07:40:16+08:00,0,,,,,,,,,,rank_symbol_not_opened
2026-02-25,acc03,8,DAMUSDT,27.33,1,102ffcd3-5480-419d-9f42-33cb13e3e6d0,2026-02-24,2026-02-24T23:40:16+00:00,2026-02-25T07:40:16+08:00,0,,,,,,,,,,rank_symbol_not_opened
2026-02-25,acc03,9,PIEVERSEUSDT,20.11,1,102ffcd3-5480-419d-9f42-33cb13e3e6d0,2026-02-24,2026-02-24T23:40:16+00:00,2026-02-25T07:40:16+08:00,0,,,,,,,,,,rank_symbol_not_opened
2026-02-25,acc03,10,UBUSDT,19.82,1,102ffcd3-5480-419d-9f42-33cb13e3e6d0,2026-02-24,2026-02-24T23:40:16+00:00,2026-02-25T07:40:16+08:00,0,,,,,,,,,,rank_symbol_not_opened
2026-02-25,acc04,1,ESPUSDT,70.52,1,6a13330c-2530-4899-a241-7f0c2319101b,2026-02-24,2026-02-24T23:40:16+00:00,2026-02-25T07:40:16+08:00,1,117,CLOSED_TP,TAKE_PROFIT_FILLED,0.1766632516494,,0.15711,2026-02-24T23:40:16+00:00,2026-02-26T02:22:31+00:00,11.068092241506305,entry_to_exit_fill
2026-02-25,acc04,2,POWERUSDT,52.82,1,6a13330c-2530-4899-a241-7f0c2319101b,2026-02-24,2026-02-24T23:40:16+00:00,2026-02-25T07:40:16+08:00,1,119,CLOSED_EXTERNAL,SHORT_POSITION_NOT_FOUND,0.7453077200001,,0.903875,2026-02-24T23:40:16+00:00,2026-02-26T03:55:32+00:00,-21.275410913478616,entry_to_exit_fill
2026-02-25,acc04,3,AKEUSDT,51.06,1,6a13330c-2530-4899-a241-7f0c2319101b,2026-02-24,2026-02-24T23:40:16+00:00,2026-02-25T07:40:16+08:00,1,120,CLOSED_TP,TAKE_PROFIT_FILLED,0.0004580168122,,,2026-02-24T23:40:16+00:00,2026-02-25T00:51:45+00:00,,missing_exit_fill
2026-02-25,acc04,4,DENTUSDT,38.52,1,6a13330c-2530-4899-a241-7f0c2319101b,2026-02-24,2026-02-24T23:40:16+00:00,2026-02-25T07:40:16+08:00,1,121,CLOSED_EXTERNAL,SHORT_POSITION_NOT_FOUND,0.000168,,,2026-02-24T23:40:16+00:00,2026-02-25T03:55:12+00:00,,missing_exit_fill
2026-02-25,acc04,5,ENSOUSDT,35.09,1,6a13330c-2530-4899-a241-7f0c2319101b,2026-02-24,2026-02-24T23:40:16+00:00,2026-02-25T07:40:16+08:00,1,122,CLOSED_EXTERNAL,SHORT_POSITION_NOT_FOUND,2.6742,,,2026-02-24T23:40:17+00:00,2026-02-25T03:55:12+00:00,,missing_exit_fill
2026-02-25,acc04,6,SKRUSDT,35.08,1,6a13330c-2530-4899-a241-7f0c2319101b,2026-02-24,2026-02-24T23:40:16+00:00,2026-02-25T07:40:16+08:00,1,123,CLOSED_TIMEOUT,MAX_HOLD_EXCEEDED,0.025158495769,,0.02130932934855608,2026-02-24T23:40:17+00:00,2026-02-26T23:10:56+00:00,15.2996683736029,entry_to_exit_fill
2026-02-25,acc04,7,COLLECTUSDT,34.65,1,6a13330c-2530-4899-a241-7f0c2319101b,2026-02-24,2026-02-24T23:40:16+00:00,2026-02-25T07:40:16+08:00,1,124,CLOSED_TP,TAKE_PROFIT_FILLED,0.0569655210238,,0.0517967,2026-02-24T23:40:17+00:00,2026-02-26T12:02:31+00:00,9.07359562574787,entry_to_exit_fill
2026-02-25,acc04,8,DAMUSDT,27.33,1,6a13330c-2530-4899-a241-7f0c2319101b,2026-02-24,2026-02-24T23:40:16+00:00,2026-02-25T07:40:16+08:00,1,125,CLOSED_TIMEOUT,MAX_HOLD_EXCEEDED,0.0261582502815,,0.02411906751126126,2026-02-24T23:40:17+00:00,2026-02-26T23:10:57+00:00,7.795562578896649,entry_to_exit_fill
2026-02-25,acc04,9,PIEVERSEUSDT,20.11,1,6a13330c-2530-4899-a241-7f0c2319101b,2026-02-24,2026-02-24T23:40:16+00:00,2026-02-25T07:40:16+08:00,1,126,CLOSED_EXTERNAL,SHORT_POSITION_NOT_FOUND,0.5005,,,2026-02-24T23:40:17+00:00,2026-02-25T03:55:12+00:00,,missing_exit_fill
2026-02-25,acc04,10,UBUSDT,19.82,1,6a13330c-2530-4899-a241-7f0c2319101b,2026-02-24,2026-02-24T23:40:16+00:00,2026-02-25T07:40:16+08:00,1,127,CLOSED_EXTERNAL,SHORT_POSITION_NOT_FOUND,0.0429232344828,,,2026-02-24T23:40:17+00:00,2026-02-25T03:55:12+00:00,,missing_exit_fill
2026-02-26,acc01,1,DENTUSDT,37.28,1,4878d420-ed0b-4be7-91bc-4991f6ff8a61,2026-02-25,2026-02-25T23:40:13+00:00,2026-02-26T07:40:13+08:00,1,133,CLOSED_SL,STOP_LOSS_FILLED,0.000231,,,2026-02-25T23:40:14+00:00,2026-02-26T09:56:31+00:00,,missing_exit_fill
2026-02-26,acc01,2,DOTUSDT,34.52,1,4878d420-ed0b-4be7-91bc-4991f6ff8a61,2026-02-25,2026-02-25T23:40:13+00:00,2026-02-26T07:40:13+08:00,1,135,CLOSED_SL,STOP_LOSS_FILLED,1.662,,,2026-02-25T23:40:14+00:00,2026-02-27T04:09:56+00:00,,missing_exit_fill
2026-02-26,acc01,3,GUAUSDT,25.5,1,4878d420-ed0b-4be7-91bc-4991f6ff8a61,2026-02-25,2026-02-25T23:40:13+00:00,2026-02-26T07:40:13+08:00,1,137,CLOSED_SL,STOP_LOSS_FILLED,0.2309412956204,,,2026-02-25T23:40:14+00:00,2026-02-26T14:37:57+00:00,,missing_exit_fill
2026-02-26,acc01,4,POWERUSDT,22.39,1,4878d420-ed0b-4be7-91bc-4991f6ff8a61,2026-02-25,2026-02-25T23:40:13+00:00,2026-02-26T07:40:13+08:00,0,,,,,,,,,,rank_symbol_not_opened
2026-02-26,acc01,5,NEARUSDT,21.74,1,4878d420-ed0b-4be7-91bc-4991f6ff8a61,2026-02-25,2026-02-25T23:40:13+00:00,2026-02-26T07:40:13+08:00,1,139,CLOSED_SL,STOP_LOSS_FILLED,1.171,,,2026-02-25T23:40:14+00:00,2026-02-27T04:03:56+00:00,,missing_exit_fill
2026-02-26,acc01,6,FILUSDT,21.73,1,4878d420-ed0b-4be7-91bc-4991f6ff8a61,2026-02-25,2026-02-25T23:40:13+00:00,2026-02-26T07:40:13+08:00,1,141,CLOSED_SL,STOP_LOSS_FILLED,1.068,,,2026-02-25T23:40:14+00:00,2026-02-27T04:12:56+00:00,,missing_exit_fill
2026-02-26,acc01,7,UNIUSDT,21.11,1,4878d420-ed0b-4be7-91bc-4991f6ff8a61,2026-02-25,2026-02-25T23:40:13+00:00,2026-02-26T07:40:13+08:00,1,142,CLOSED_SL,STOP_LOSS_FILLED,4.021,,,2026-02-25T23:40:14+00:00,2026-02-27T04:00:57+00:00,,missing_exit_fill
2026-02-26,acc01,8,APTUSDT,21.04,1,4878d420-ed0b-4be7-91bc-4991f6ff8a61,2026-02-25,2026-02-25T23:40:13+00:00,2026-02-26T07:40:13+08:00,1,143,CLOSED_SL,STOP_LOSS_FILLED,0.9951,,,2026-02-25T23:40:14+00:00,2026-02-27T04:01:57+00:00,,missing_exit_fill
2026-02-26,acc01,9,ALLOUSDT,18.83,1,4878d420-ed0b-4be7-91bc-4991f6ff8a61,2026-02-25,2026-02-25T23:40:13+00:00,2026-02-26T07:40:13+08:00,1,144,CLOSED_EXTERNAL,SHORT_POSITION_NOT_FOUND,0.11235,,,2026-02-25T23:40:14+00:00,2026-02-26T03:55:32+00:00,,missing_exit_fill
2026-02-26,acc01,10,XPLUSDT,18.62,1,4878d420-ed0b-4be7-91bc-4991f6ff8a61,2026-02-25,2026-02-25T23:40:13+00:00,2026-02-26T07:40:13+08:00,1,145,CLOSED_EXTERNAL,SHORT_POSITION_NOT_FOUND,0.1027,,,2026-02-25T23:40:14+00:00,2026-02-26T03:55:32+00:00,,missing_exit_fill
2026-02-26,acc02,1,DENTUSDT,37.28,1,f82fa3db-1e59-4ad2-b375-32973f145c36,2026-02-25,2026-02-25T23:40:13+00:00,2026-02-26T07:40:13+08:00,1,128,CLOSED_SL,STOP_LOSS_FILLED,0.000231,,,2026-02-25T23:40:13+00:00,2026-02-26T09:09:31+00:00,,missing_exit_fill
2026-02-26,acc02,2,DOTUSDT,34.52,1,f82fa3db-1e59-4ad2-b375-32973f145c36,2026-02-25,2026-02-25T23:40:13+00:00,2026-02-26T07:40:13+08:00,1,130,CLOSED_SL,STOP_LOSS_FILLED,1.662,,1.616,2026-02-25T23:40:13+00:00,2026-02-27T04:09:56+00:00,2.7677496991576307,entry_to_exit_fill
2026-02-26,acc02,3,GUAUSDT,25.5,1,f82fa3db-1e59-4ad2-b375-32973f145c36,2026-02-25,2026-02-25T23:40:13+00:00,2026-02-26T07:40:13+08:00,0,,,,,,,,,,rank_symbol_not_opened
2026-02-26,acc02,4,POWERUSDT,22.39,1,f82fa3db-1e59-4ad2-b375-32973f145c36,2026-02-25,2026-02-25T23:40:13+00:00,2026-02-26T07:40:13+08:00,0,,,,,,,,,,rank_symbol_not_opened
2026-02-26,acc02,5,NEARUSDT,21.74,1,f82fa3db-1e59-4ad2-b375-32973f145c36,2026-02-25,2026-02-25T23:40:13+00:00,2026-02-26T07:40:13+08:00,0,,,,,,,,,,rank_symbol_not_opened
2026-02-26,acc02,6,FILUSDT,21.73,1,f82fa3db-1e59-4ad2-b375-32973f145c36,2026-02-25,2026-02-25T23:40:13+00:00,2026-02-26T07:40:13+08:00,0,,,,,,,,,,rank_symbol_not_opened
2026-02-26,acc02,7,UNIUSDT,21.11,1,f82fa3db-1e59-4ad2-b375-32973f145c36,2026-02-25,2026-02-25T23:40:13+00:00,2026-02-26T07:40:13+08:00,0,,,,,,,,,,rank_symbol_not_opened
2026-02-26,acc02,8,APTUSDT,21.04,1,f82fa3db-1e59-4ad2-b375-32973f145c36,2026-02-25,2026-02-25T23:40:13+00:00,2026-02-26T07:40:13+08:00,0,,,,,,,,,,rank_symbol_not_opened
2026-02-26,acc02,9,ALLOUSDT,18.83,1,f82fa3db-1e59-4ad2-b375-32973f145c36,2026-02-25,2026-02-25T23:40:13+00:00,2026-02-26T07:40:13+08:00,0,,,,,,,,,,rank_symbol_not_opened
2026-02-26,acc02,10,XPLUSDT,18.62,1,f82fa3db-1e59-4ad2-b375-32973f145c36,2026-02-25,2026-02-25T23:40:13+00:00,2026-02-26T07:40:13+08:00,0,,,,,,,,,,rank_symbol_not_opened
2026-02-26,acc03,1,DENTUSDT,37.28,1,da67571b-d927-410c-8cb1-77494be94cd7,2026-02-25,2026-02-25T23:40:13+00:00,2026-02-26T07:40:13+08:00,1,129,CLOSED_SL,STOP_LOSS_FILLED,0.000231,0.000231,,2026-02-25T23:40:13+00:00,2026-02-26T10:08:31+00:00,,missing_exit_fill
2026-02-26,acc03,2,DOTUSDT,34.52,1,da67571b-d927-410c-8cb1-77494be94cd7,2026-02-25,2026-02-25T23:40:13+00:00,2026-02-26T07:40:13+08:00,1,131,CLOSED_EXTERNAL,SHORT_POSITION_NOT_FOUND,1.652557377049,1.614,1.616,2026-02-25T23:40:13+00:00,2026-02-27T02:48:56+00:00,2.212169910510527,entry_to_exit_fill
2026-02-26,acc03,3,GUAUSDT,25.5,1,da67571b-d927-410c-8cb1-77494be94cd7,2026-02-25,2026-02-25T23:40:13+00:00,2026-02-26T07:40:13+08:00,1,132,CLOSED_SL,STOP_LOSS_FILLED,0.2309701717791,,,2026-02-25T23:40:14+00:00,2026-02-26T14:37:57+00:00,,missing_exit_fill
2026-02-26,acc03,4,POWERUSDT,22.39,1,da67571b-d927-410c-8cb1-77494be94cd7,2026-02-25,2026-02-25T23:40:13+00:00,2026-02-26T07:40:13+08:00,0,,,,,,,,,,rank_symbol_not_opened
2026-02-26,acc03,5,NEARUSDT,21.74,1,da67571b-d927-410c-8cb1-77494be94cd7,2026-02-25,2026-02-25T23:40:13+00:00,2026-02-26T07:40:13+08:00,1,134,CLOSED_SL,STOP_LOSS_FILLED,1.171,,1.131,2026-02-25T23:40:14+00:00,2026-02-27T04:03:56+00:00,3.415883859948764,entry_to_exit_fill
2026-02-26,acc03,6,FILUSDT,21.73,1,da67571b-d927-410c-8cb1-77494be94cd7,2026-02-25,2026-02-25T23:40:13+00:00,2026-02-26T07:40:13+08:00,1,136,CLOSED_SL,STOP_LOSS_FILLED,1.068,,1.035,2026-02-25T23:40:14+00:00,2026-02-27T04:12:56+00:00,3.0898876404494513,entry_to_exit_fill
2026-02-26,acc03,7,UNIUSDT,21.11,1,da67571b-d927-410c-8cb1-77494be94cd7,2026-02-25,2026-02-25T23:40:13+00:00,2026-02-26T07:40:13+08:00,1,138,CLOSED_SL,STOP_LOSS_FILLED,4.021,,3.875,2026-02-25T23:40:14+00:00,2026-02-27T04:00:57+00:00,3.6309375777169834,entry_to_exit_fill
2026-02-26,acc03,8,APTUSDT,21.04,1,da67571b-d927-410c-8cb1-77494be94cd7,2026-02-25,2026-02-25T23:40:13+00:00,2026-02-26T07:40:13+08:00,1,140,CLOSED_SL,STOP_LOSS_FILLED,0.9949,,0.9643000000000002,2026-02-25T23:40:14+00:00,2026-02-27T04:01:57+00:00,3.0756859985928084,entry_to_exit_fill
2026-02-26,acc03,9,ALLOUSDT,18.83,1,da67571b-d927-410c-8cb1-77494be94cd7,2026-02-25,2026-02-25T23:40:13+00:00,2026-02-26T07:40:13+08:00,0,,,,,,,,,,rank_symbol_not_opened
2026-02-26,acc03,10,XPLUSDT,18.62,1,da67571b-d927-410c-8cb1-77494be94cd7,2026-02-25,2026-02-25T23:40:13+00:00,2026-02-26T07:40:13+08:00,0,,,,,,,,,,rank_symbol_not_opened
2026-02-26,acc04,1,DENTUSDT,37.28,1,ae850817-32cd-4073-9b3d-97fdafbdc868,2026-02-25,2026-02-25T23:40:14+00:00,2026-02-26T07:40:14+08:00,1,147,CLOSED_SL,STOP_LOSS_FILLED,0.000231,,,2026-02-25T23:40:15+00:00,2026-02-26T09:56:31+00:00,,missing_exit_fill
2026-02-26,acc04,2,DOTUSDT,34.52,1,ae850817-32cd-4073-9b3d-97fdafbdc868,2026-02-25,2026-02-25T23:40:14+00:00,2026-02-26T07:40:14+08:00,1,148,CLOSED_SL,STOP_LOSS_FILLED,1.662,,,2026-02-25T23:40:15+00:00,2026-02-27T04:09:56+00:00,,missing_exit_fill
2026-02-26,acc04,3,GUAUSDT,25.5,1,ae850817-32cd-4073-9b3d-97fdafbdc868,2026-02-25,2026-02-25T23:40:14+00:00,2026-02-26T07:40:14+08:00,1,149,CLOSED_SL,STOP_LOSS_FILLED,0.2309807619048,,,2026-02-25T23:40:15+00:00,2026-02-26T14:37:57+00:00,,missing_exit_fill
2026-02-26,acc04,4,POWERUSDT,22.39,1,ae850817-32cd-4073-9b3d-97fdafbdc868,2026-02-25,2026-02-25T23:40:14+00:00,2026-02-26T07:40:14+08:00,0,,,,,,,,,,rank_symbol_not_opened
2026-02-26,acc04,5,NEARUSDT,21.74,1,ae850817-32cd-4073-9b3d-97fdafbdc868,2026-02-25,2026-02-25T23:40:14+00:00,2026-02-26T07:40:14+08:00,1,150,CLOSED_SL,STOP_LOSS_FILLED,1.171,,,2026-02-25T23:40:15+00:00,2026-02-27T04:03:57+00:00,,missing_exit_fill
2026-02-26,acc04,6,FILUSDT,21.73,1,ae850817-32cd-4073-9b3d-97fdafbdc868,2026-02-25,2026-02-25T23:40:14+00:00,2026-02-26T07:40:14+08:00,1,151,CLOSED_SL,STOP_LOSS_FILLED,1.068,,,2026-02-25T23:40:15+00:00,2026-02-27T04:12:56+00:00,,missing_exit_fill
2026-02-26,acc04,7,UNIUSDT,21.11,1,ae850817-32cd-4073-9b3d-97fdafbdc868,2026-02-25,2026-02-25T23:40:14+00:00,2026-02-26T07:40:14+08:00,1,152,CLOSED_SL,STOP_LOSS_FILLED,4.021,,,2026-02-25T23:40:15+00:00,2026-02-27T04:00:57+00:00,,missing_exit_fill
2026-02-26,acc04,8,APTUSDT,21.04,1,ae850817-32cd-4073-9b3d-97fdafbdc868,2026-02-25,2026-02-25T23:40:14+00:00,2026-02-26T07:40:14+08:00,1,153,CLOSED_SL,STOP_LOSS_FILLED,0.9954335790336,,,2026-02-25T23:40:15+00:00,2026-02-27T04:01:57+00:00,,missing_exit_fill
2026-02-26,acc04,9,ALLOUSDT,18.83,1,ae850817-32cd-4073-9b3d-97fdafbdc868,2026-02-25,2026-02-25T23:40:14+00:00,2026-02-26T07:40:14+08:00,1,154,CLOSED_EXTERNAL,SHORT_POSITION_NOT_FOUND,0.1123440812558,,,2026-02-25T23:40:15+00:00,2026-02-26T03:55:32+00:00,,missing_exit_fill
2026-02-26,acc04,10,XPLUSDT,18.62,1,ae850817-32cd-4073-9b3d-97fdafbdc868,2026-02-25,2026-02-25T23:40:14+00:00,2026-02-26T07:40:14+08:00,1,155,CLOSED_EXTERNAL,SHORT_POSITION_NOT_FOUND,0.1027,,,2026-02-25T23:40:15+00:00,2026-02-26T03:55:32+00:00,,missing_exit_fill
2026-02-27,acc01,1,POWERUSDT,88.48,1,00d57ad1-1c28-4e3f-85df-a728699c70e1,2026-02-26,2026-02-26T23:40:12+00:00,2026-02-27T07:40:12+08:00,1,157,CLOSED_EXTERNAL,SHORT_POSITION_NOT_FOUND,1.71575,,,2026-02-26T23:40:13+00:00,2026-02-27T03:55:56+00:00,,missing_exit_fill
2026-02-27,acc01,2,DENTUSDT,68.35,1,00d57ad1-1c28-4e3f-85df-a728699c70e1,2026-02-26,2026-02-26T23:40:12+00:00,2026-02-27T07:40:12+08:00,1,158,CLOSED_EXTERNAL,SHORT_POSITION_NOT_FOUND,0.000366,,,2026-02-26T23:40:13+00:00,2026-02-27T03:55:56+00:00,,missing_exit_fill
2026-02-27,acc01,3,RAVEUSDT,29.04,1,00d57ad1-1c28-4e3f-85df-a728699c70e1,2026-02-26,2026-02-26T23:40:12+00:00,2026-02-27T07:40:12+08:00,1,159,CLOSED_EXTERNAL,SHORT_POSITION_NOT_FOUND,0.37369275,,,2026-02-26T23:40:13+00:00,2026-02-27T03:55:56+00:00,,missing_exit_fill
2026-02-27,acc01,4,MIRAUSDT,24.54,1,00d57ad1-1c28-4e3f-85df-a728699c70e1,2026-02-26,2026-02-26T23:40:12+00:00,2026-02-27T07:40:12+08:00,1,160,CLOSED_EXTERNAL,SHORT_POSITION_NOT_FOUND,0.1074,,,2026-02-26T23:40:13+00:00,2026-02-27T03:55:57+00:00,,missing_exit_fill
2026-02-27,acc01,5,GWEIUSDT,24.36,1,00d57ad1-1c28-4e3f-85df-a728699c70e1,2026-02-26,2026-02-26T23:40:12+00:00,2026-02-27T07:40:12+08:00,1,162,CLOSED_SL,STOP_LOSS_FILLED,0.0363028839394,,,2026-02-26T23:40:13+00:00,2026-02-27T16:55:08+00:00,,missing_exit_fill
2026-02-27,acc01,6,HOTUSDT,22.77,1,00d57ad1-1c28-4e3f-85df-a728699c70e1,2026-02-26,2026-02-26T23:40:12+00:00,2026-02-27T07:40:12+08:00,1,164,CLOSED_SL,STOP_LOSS_FILLED,0.0004501575526,0.000406,0.000411,2026-02-26T23:40:13+00:00,2026-02-28T04:16:43+00:00,8.698632817295977,entry_to_exit_fill
2026-02-27,acc01,7,WETUSDT,18.81,1,00d57ad1-1c28-4e3f-85df-a728699c70e1,2026-02-26,2026-02-26T23:40:12+00:00,2026-02-27T07:40:12+08:00,1,166,CLOSED_EXTERNAL,SHORT_POSITION_NOT_FOUND,0.1038156695652,,,2026-02-26T23:40:13+00:00,2026-02-27T03:55:57+00:00,,missing_exit_fill
2026-02-27,acc01,8,MYXUSDT,17.97,1,00d57ad1-1c28-4e3f-85df-a728699c70e1,2026-02-26,2026-02-26T23:40:12+00:00,2026-02-27T07:40:12+08:00,1,167,CLOSED_SL,STOP_LOSS_FILLED,0.494,,,2026-02-26T23:40:13+00:00,2026-02-27T09:28:56+00:00,,missing_exit_fill
2026-02-27,acc01,9,RIVERUSDT,17.76,1,00d57ad1-1c28-4e3f-85df-a728699c70e1,2026-02-26,2026-02-26T23:40:12+00:00,2026-02-27T07:40:12+08:00,1,168,CLOSED_SL,STOP_LOSS_FILLED,11.07623364486,,,2026-02-26T23:40:13+00:00,2026-02-27T12:08:57+00:00,,missing_exit_fill
2026-02-27,acc01,10,STEEMUSDT,17.25,1,00d57ad1-1c28-4e3f-85df-a728699c70e1,2026-02-26,2026-02-26T23:40:12+00:00,2026-02-27T07:40:12+08:00,1,169,CLOSED_TP,TAKE_PROFIT_FILLED,0.06864,,0.05691,2026-02-26T23:40:13+00:00,2026-02-28T06:29:52+00:00,17.089160839160844,entry_to_exit_fill
2026-02-27,acc02,1,POWERUSDT,88.48,1,44d18953-e5f7-44d7-a3c0-71ab7ecebe6f,2026-02-26,2026-02-26T23:40:12+00:00,2026-02-27T07:40:12+08:00,1,161,CLOSED_EXTERNAL,SHORT_POSITION_NOT_FOUND,1.71575,,,2026-02-26T23:40:13+00:00,2026-02-27T03:55:56+00:00,,missing_exit_fill
2026-02-27,acc02,2,DENTUSDT,68.35,1,44d18953-e5f7-44d7-a3c0-71ab7ecebe6f,2026-02-26,2026-02-26T23:40:12+00:00,2026-02-27T07:40:12+08:00,1,163,CLOSED_EXTERNAL,SHORT_POSITION_NOT_FOUND,0.000366,,,2026-02-26T23:40:13+00:00,2026-02-27T03:55:56+00:00,,missing_exit_fill
2026-02-27,acc02,3,RAVEUSDT,29.04,1,44d18953-e5f7-44d7-a3c0-71ab7ecebe6f,2026-02-26,2026-02-26T23:40:12+00:00,2026-02-27T07:40:12+08:00,1,165,CLOSED_EXTERNAL,SHORT_POSITION_NOT_FOUND,0.37357,,,2026-02-26T23:40:13+00:00,2026-02-27T03:55:56+00:00,,missing_exit_fill
2026-02-27,acc02,4,MIRAUSDT,24.54,1,44d18953-e5f7-44d7-a3c0-71ab7ecebe6f,2026-02-26,2026-02-26T23:40:12+00:00,2026-02-27T07:40:12+08:00,0,,,,,,,,,,rank_symbol_not_opened
2026-02-27,acc02,5,GWEIUSDT,24.36,1,44d18953-e5f7-44d7-a3c0-71ab7ecebe6f,2026-02-26,2026-02-26T23:40:12+00:00,2026-02-27T07:40:12+08:00,0,,,,,,,,,,rank_symbol_not_opened
2026-02-27,acc02,6,HOTUSDT,22.77,1,44d18953-e5f7-44d7-a3c0-71ab7ecebe6f,2026-02-26,2026-02-26T23:40:12+00:00,2026-02-27T07:40:12+08:00,0,,,,,,,,,,rank_symbol_not_opened
2026-02-27,acc02,7,WETUSDT,18.81,1,44d18953-e5f7-44d7-a3c0-71ab7ecebe6f,2026-02-26,2026-02-26T23:40:12+00:00,2026-02-27T07:40:12+08:00,0,,,,,,,,,,rank_symbol_not_opened
2026-02-27,acc02,8,MYXUSDT,17.97,1,44d18953-e5f7-44d7-a3c0-71ab7ecebe6f,2026-02-26,2026-02-26T23:40:12+00:00,2026-02-27T07:40:12+08:00,0,,,,,,,,,,rank_symbol_not_opened
2026-02-27,acc02,9,RIVERUSDT,17.76,1,44d18953-e5f7-44d7-a3c0-71ab7ecebe6f,2026-02-26,2026-02-26T23:40:12+00:00,2026-02-27T07:40:12+08:00,0,,,,,,,,,,rank_symbol_not_opened
2026-02-27,acc02,10,STEEMUSDT,17.25,1,44d18953-e5f7-44d7-a3c0-71ab7ecebe6f,2026-02-26,2026-02-26T23:40:12+00:00,2026-02-27T07:40:12+08:00,0,,,,,,,,,,rank_symbol_not_opened
2026-02-27,acc03,1,POWERUSDT,88.48,1,f1717c08-0ae3-4d3d-a503-fd91db59c011,2026-02-26,2026-02-26T23:40:12+00:00,2026-02-27T07:40:12+08:00,1,170,CLOSED_TP,TAKE_PROFIT_FILLED,1.715391098901,1.7154299999999998,1.5528454558139535,2026-02-26T23:40:13+00:00,2026-02-27T08:48:56+00:00,9.475719163471503,entry_to_exit_fill
2026-02-27,acc03,2,DENTUSDT,68.35,1,f1717c08-0ae3-4d3d-a503-fd91db59c011,2026-02-26,2026-02-26T23:40:12+00:00,2026-02-27T07:40:12+08:00,1,171,CLOSED_TP,TAKE_PROFIT_FILLED,0.000366,,0.000359,2026-02-26T23:40:13+00:00,2026-02-27T11:16:56+00:00,1.912568306010931,entry_to_exit_fill
2026-02-27,acc03,3,RAVEUSDT,29.04,1,f1717c08-0ae3-4d3d-a503-fd91db59c011,2026-02-26,2026-02-26T23:40:12+00:00,2026-02-27T07:40:12+08:00,1,172,CLOSED_EXTERNAL,SHORT_POSITION_NOT_FOUND,0.3735986148649,,0.3535848,2026-02-26T23:40:13+00:00,2026-02-27T16:37:08+00:00,5.357036688194725,entry_to_exit_fill
2026-02-27,acc03,4,MIRAUSDT,24.54,1,f1717c08-0ae3-4d3d-a503-fd91db59c011,2026-02-26,2026-02-26T23:40:12+00:00,2026-02-27T07:40:12+08:00,1,173,CLOSED_EXTERNAL,SHORT_POSITION_NOT_FOUND,0.1074,,0.1031,2026-02-26T23:40:13+00:00,2026-02-27T16:37:08+00:00,4.003724394785846,entry_to_exit_fill
2026-02-27,acc03,5,GWEIUSDT,24.36,1,f1717c08-0ae3-4d3d-a503-fd91db59c011,2026-02-26,2026-02-26T23:40:12+00:00,2026-02-27T07:40:12+08:00,1,174,CLOSED_EXTERNAL,SHORT_POSITION_NOT_FOUND,0.0362893210079,,0.0352134,2026-02-26T23:40:13+00:00,2026-02-27T16:37:08+00:00,2.964841937014413,entry_to_exit_fill
2026-02-27,acc03,6,HOTUSDT,22.77,1,f1717c08-0ae3-4d3d-a503-fd91db59c011,2026-02-26,2026-02-26T23:40:12+00:00,2026-02-27T07:40:12+08:00,1,175,CLOSED_EXTERNAL,SHORT_POSITION_NOT_FOUND,0.000468,,0.000442,2026-02-26T23:40:14+00:00,2026-02-27T16:37:08+00:00,5.555555555555552,entry_to_exit_fill
2026-02-27,acc03,7,WETUSDT,18.81,1,f1717c08-0ae3-4d3d-a503-fd91db59c011,2026-02-26,2026-02-26T23:40:12+00:00,2026-02-27T07:40:12+08:00,1,176,CLOSED_EXTERNAL,SHORT_POSITION_NOT_FOUND,0.1037422535211,,0.11601,2026-02-26T23:40:14+00:00,2026-02-27T16:37:08+00:00,-11.825216883692311,entry_to_exit_fill
2026-02-27,acc03,8,MYXUSDT,17.97,1,f1717c08-0ae3-4d3d-a503-fd91db59c011,2026-02-26,2026-02-26T23:40:12+00:00,2026-02-27T07:40:12+08:00,0,,,,,,,,,,rank_symbol_not_opened
2026-02-27,acc03,9,RIVERUSDT,17.76,1,f1717c08-0ae3-4d3d-a503-fd91db59c011,2026-02-26,2026-02-26T23:40:12+00:00,2026-02-27T07:40:12+08:00,0,,,,,,,,,,rank_symbol_not_opened
2026-02-27,acc03,10,STEEMUSDT,17.25,1,f1717c08-0ae3-4d3d-a503-fd91db59c011,2026-02-26,2026-02-26T23:40:12+00:00,2026-02-27T07:40:12+08:00,0,,,,,,,,,,rank_symbol_not_opened
2026-02-27,acc04,1,POWERUSDT,88.48,1,7e17b8ad-e63a-4e6d-9850-b51772dade3a,2026-02-26,2026-02-26T23:40:14+00:00,2026-02-27T07:40:14+08:00,1,177,CLOSED_EXTERNAL,SHORT_POSITION_NOT_FOUND,1.71543,,,2026-02-26T23:40:14+00:00,2026-02-27T03:55:57+00:00,,missing_exit_fill
2026-02-27,acc04,2,DENTUSDT,68.35,1,7e17b8ad-e63a-4e6d-9850-b51772dade3a,2026-02-26,2026-02-26T23:40:14+00:00,2026-02-27T07:40:14+08:00,1,178,CLOSED_EXTERNAL,SHORT_POSITION_NOT_FOUND,0.000366,,,2026-02-26T23:40:14+00:00,2026-02-27T03:55:57+00:00,,missing_exit_fill
2026-02-27,acc04,3,RAVEUSDT,29.04,1,7e17b8ad-e63a-4e6d-9850-b51772dade3a,2026-02-26,2026-02-26T23:40:14+00:00,2026-02-27T07:40:14+08:00,1,179,CLOSED_EXTERNAL,SHORT_POSITION_NOT_FOUND,0.3733508169935,,,2026-02-26T23:40:14+00:00,2026-02-27T03:55:57+00:00,,missing_exit_fill
2026-02-27,acc04,4,MIRAUSDT,24.54,1,7e17b8ad-e63a-4e6d-9850-b51772dade3a,2026-02-26,2026-02-26T23:40:14+00:00,2026-02-27T07:40:14+08:00,1,180,CLOSED_EXTERNAL,SHORT_POSITION_NOT_FOUND,0.1074,,,2026-02-26T23:40:14+00:00,2026-02-27T03:55:57+00:00,,missing_exit_fill
2026-02-27,acc04,5,GWEIUSDT,24.36,1,7e17b8ad-e63a-4e6d-9850-b51772dade3a,2026-02-26,2026-02-26T23:40:14+00:00,2026-02-27T07:40:14+08:00,1,181,CLOSED_SL,STOP_LOSS_FILLED,0.0362875391442,,,2026-02-26T23:40:14+00:00,2026-02-27T16:55:08+00:00,,missing_exit_fill
2026-02-27,acc04,6,HOTUSDT,22.77,1,7e17b8ad-e63a-4e6d-9850-b51772dade3a,2026-02-26,2026-02-26T23:40:14+00:00,2026-02-27T07:40:14+08:00,1,182,CLOSED_SL,STOP_LOSS_FILLED,0.0004501519627,0.000406,,2026-02-26T23:40:14+00:00,2026-02-28T04:16:44+00:00,,missing_exit_fill
2026-02-27,acc04,7,WETUSDT,18.81,1,7e17b8ad-e63a-4e6d-9850-b51772dade3a,2026-02-26,2026-02-26T23:40:14+00:00,2026-02-27T07:40:14+08:00,1,183,CLOSED_EXTERNAL,SHORT_POSITION_NOT_FOUND,0.10372,,,2026-02-26T23:40:14+00:00,2026-02-27T03:55:57+00:00,,missing_exit_fill
2026-02-27,acc04,8,MYXUSDT,17.97,1,7e17b8ad-e63a-4e6d-9850-b51772dade3a,2026-02-26,2026-02-26T23:40:14+00:00,2026-02-27T07:40:14+08:00,1,184,CLOSED_SL,STOP_LOSS_FILLED,0.494,,,2026-02-26T23:40:14+00:00,2026-02-27T09:28:56+00:00,,missing_exit_fill
2026-02-27,acc04,9,RIVERUSDT,17.76,1,7e17b8ad-e63a-4e6d-9850-b51772dade3a,2026-02-26,2026-02-26T23:40:14+00:00,2026-02-27T07:40:14+08:00,1,185,CLOSED_SL,STOP_LOSS_FILLED,11.082,,,2026-02-26T23:40:14+00:00,2026-02-27T12:08:57+00:00,,missing_exit_fill
2026-02-27,acc04,10,STEEMUSDT,17.25,1,7e17b8ad-e63a-4e6d-9850-b51772dade3a,2026-02-26,2026-02-26T23:40:14+00:00,2026-02-27T07:40:14+08:00,1,186,CLOSED_TP,TAKE_PROFIT_FILLED,0.06864,,,2026-02-26T23:40:15+00:00,2026-02-28T06:29:52+00:00,,missing_exit_fill
2026-02-28,acc01,1,SAHARAUSDT,45.36,1,273ac2d3-abfa-4ec2-9f6c-42cc38a218c1,2026-02-27,2026-02-27T23:40:13+00:00,2026-02-28T07:40:13+08:00,1,188,CLOSED_SL,STOP_LOSS_FILLED,0.0210733920558,0.02019,0.02162,2026-02-27T23:40:13+00:00,2026-03-01T08:44:28+00:00,-2.593829900533542,entry_to_exit_fill
2026-02-28,acc01,2,ALICEUSDT,39.42,1,273ac2d3-abfa-4ec2-9f6c-42cc38a218c1,2026-02-27,2026-02-27T23:40:13+00:00,2026-02-28T07:40:13+08:00,1,190,CLOSED_TP,TAKE_PROFIT_FILLED,0.147,,0.136,2026-02-27T23:40:13+00:00,2026-02-28T09:17:52+00:00,7.4829931972788994,entry_to_exit_fill
2026-02-28,acc01,3,GWEIUSDT,24.4,1,273ac2d3-abfa-4ec2-9f6c-42cc38a218c1,2026-02-27,2026-02-27T23:40:13+00:00,2026-02-28T07:40:13+08:00,1,192,CLOSED_EXTERNAL,SHORT_POSITION_NOT_FOUND,0.0459228630705,0.046583,0.041775,2026-02-27T23:40:13+00:00,2026-03-01T03:56:00+00:00,9.032239701893747,entry_to_exit_fill
2026-02-28,acc01,4,BUSDT,18.46,1,273ac2d3-abfa-4ec2-9f6c-42cc38a218c1,2026-02-27,2026-02-27T23:40:13+00:00,2026-02-28T07:40:13+08:00,1,194,CLOSED_EXTERNAL,SHORT_POSITION_NOT_FOUND,0.1668,,0.1738,2026-02-27T23:40:13+00:00,2026-02-28T03:55:43+00:00,-4.196642685851323,entry_to_exit_fill
2026-02-28,acc01,5,FOLKSUSDT,16.56,1,273ac2d3-abfa-4ec2-9f6c-42cc38a218c1,2026-02-27,2026-02-27T23:40:13+00:00,2026-02-28T07:40:13+08:00,1,196,CLOSED_EXTERNAL,SHORT_POSITION_NOT_FOUND,1.482,,1.55,2026-02-27T23:40:14+00:00,2026-02-28T03:55:43+00:00,-4.588394062078277,entry_to_exit_fill
2026-02-28,acc01,6,WETUSDT,15.73,1,273ac2d3-abfa-4ec2-9f6c-42cc38a218c1,2026-02-27,2026-02-27T23:40:13+00:00,2026-02-28T07:40:13+08:00,1,197,CLOSED_SL,STOP_LOSS_FILLED,0.1121200466849,0.1027884,0.10915110000000001,2026-02-27T23:40:14+00:00,2026-03-01T07:22:27+00:00,2.648007000250235,entry_to_exit_fill
2026-02-28,acc01,7,ATHUSDT,15.27,1,273ac2d3-abfa-4ec2-9f6c-42cc38a218c1,2026-02-27,2026-02-27T23:40:13+00:00,2026-02-28T07:40:13+08:00,1,201,CLOSED_EXTERNAL,SHORT_POSITION_NOT_FOUND,0.0058159296017,,0.006089,2026-02-27T23:40:14+00:00,2026-02-28T03:55:43+00:00,-4.6952149871308855,entry_to_exit_fill
2026-02-28,acc01,8,SKYAIUSDT,14.57,1,273ac2d3-abfa-4ec2-9f6c-42cc38a218c1,2026-02-27,2026-02-27T23:40:13+00:00,2026-02-28T07:40:13+08:00,1,199,CLOSED_EXTERNAL,SHORT_POSITION_NOT_FOUND,0.0507899092496,,0.05368,2026-02-27T23:40:14+00:00,2026-02-28T03:55:43+00:00,-5.690285320647148,entry_to_exit_fill
2026-02-28,acc01,9,币安人生USDT,13.99,1,273ac2d3-abfa-4ec2-9f6c-42cc38a218c1,2026-02-27,2026-02-27T23:40:13+00:00,2026-02-28T07:40:13+08:00,1,205,CLOSED_EXTERNAL,SHORT_POSITION_NOT_FOUND,0.0746,,0.0637158,2026-02-27T23:40:14+00:00,2026-02-28T06:50:53+00:00,14.590080428954419,entry_to_exit_fill
2026-02-28,acc01,10,ACUUSDT,13.78,1,273ac2d3-abfa-4ec2-9f6c-42cc38a218c1,2026-02-27,2026-02-27T23:40:13+00:00,2026-02-28T07:40:13+08:00,0,,,,,,,,,,rank_symbol_not_opened
2026-02-28,acc02,1,SAHARAUSDT,45.36,1,913b687d-4823-4472-b4c8-370a9adccf6b,2026-02-27,2026-02-27T23:40:13+00:00,2026-02-28T07:40:13+08:00,0,,,,,,,,,,rank_symbol_not_opened
2026-02-28,acc02,2,ALICEUSDT,39.42,1,913b687d-4823-4472-b4c8-370a9adccf6b,2026-02-27,2026-02-27T23:40:13+00:00,2026-02-28T07:40:13+08:00,0,,,,,,,,,,rank_symbol_not_opened
2026-02-28,acc02,3,GWEIUSDT,24.4,1,913b687d-4823-4472-b4c8-370a9adccf6b,2026-02-27,2026-02-27T23:40:13+00:00,2026-02-28T07:40:13+08:00,0,,,,,,,,,,rank_symbol_not_opened
2026-02-28,acc02,4,BUSDT,18.46,1,913b687d-4823-4472-b4c8-370a9adccf6b,2026-02-27,2026-02-27T23:40:13+00:00,2026-02-28T07:40:13+08:00,0,,,,,,,,,,rank_symbol_not_opened
2026-02-28,acc02,5,FOLKSUSDT,16.56,1,913b687d-4823-4472-b4c8-370a9adccf6b,2026-02-27,2026-02-27T23:40:13+00:00,2026-02-28T07:40:13+08:00,0,,,,,,,,,,rank_symbol_not_opened
2026-02-28,acc02,6,WETUSDT,15.73,1,913b687d-4823-4472-b4c8-370a9adccf6b,2026-02-27,2026-02-27T23:40:13+00:00,2026-02-28T07:40:13+08:00,0,,,,,,,,,,rank_symbol_not_opened
2026-02-28,acc02,7,ATHUSDT,15.27,1,913b687d-4823-4472-b4c8-370a9adccf6b,2026-02-27,2026-02-27T23:40:13+00:00,2026-02-28T07:40:13+08:00,0,,,,,,,,,,rank_symbol_not_opened
2026-02-28,acc02,8,SKYAIUSDT,14.57,1,913b687d-4823-4472-b4c8-370a9adccf6b,2026-02-27,2026-02-27T23:40:13+00:00,2026-02-28T07:40:13+08:00,0,,,,,,,,,,rank_symbol_not_opened
2026-02-28,acc02,9,币安人生USDT,13.99,1,913b687d-4823-4472-b4c8-370a9adccf6b,2026-02-27,2026-02-27T23:40:13+00:00,2026-02-28T07:40:13+08:00,0,,,,,,,,,,rank_symbol_not_opened
2026-02-28,acc02,10,ACUUSDT,13.78,1,913b687d-4823-4472-b4c8-370a9adccf6b,2026-02-27,2026-02-27T23:40:13+00:00,2026-02-28T07:40:13+08:00,0,,,,,,,,,,rank_symbol_not_opened
2026-02-28,acc03,1,SAHARAUSDT,45.36,1,bc906db8-e946-4267-9330-46a5f591ea58,2026-02-27,2026-02-27T23:40:13+00:00,2026-02-28T07:40:13+08:00,1,187,CLOSED_EXTERNAL,SHORT_POSITION_NOT_FOUND,0.02178,,0.01988,2026-02-27T23:40:13+00:00,2026-02-28T16:32:00+00:00,8.723599632690552,entry_to_exit_fill
2026-02-28,acc03,2,ALICEUSDT,39.42,1,bc906db8-e946-4267-9330-46a5f591ea58,2026-02-27,2026-02-27T23:40:13+00:00,2026-02-28T07:40:13+08:00,1,189,CLOSED_TP,TAKE_PROFIT_FILLED,0.147,,0.11899999999999998,2026-02-27T23:40:13+00:00,2026-02-28T09:17:52+00:00,19.047619047619055,entry_to_exit_fill
2026-02-28,acc03,3,GWEIUSDT,24.4,1,bc906db8-e946-4267-9330-46a5f591ea58,2026-02-27,2026-02-27T23:40:13+00:00,2026-02-28T07:40:13+08:00,1,191,CLOSED_EXTERNAL,SHORT_POSITION_NOT_FOUND,0.0453957027538,,0.0445445,2026-02-27T23:40:13+00:00,2026-02-28T16:32:00+00:00,1.875073414804101,entry_to_exit_fill
2026-02-28,acc03,4,BUSDT,18.46,1,bc906db8-e946-4267-9330-46a5f591ea58,2026-02-27,2026-02-27T23:40:13+00:00,2026-02-28T07:40:13+08:00,1,193,CLOSED_SL,STOP_LOSS_FILLED,0.1668,,0.16790000000000002,2026-02-27T23:40:13+00:00,2026-02-28T10:30:53+00:00,-0.6594724220623607,entry_to_exit_fill
2026-02-28,acc03,5,FOLKSUSDT,16.56,1,bc906db8-e946-4267-9330-46a5f591ea58,2026-02-27,2026-02-27T23:40:13+00:00,2026-02-28T07:40:13+08:00,1,195,CLOSED_EXTERNAL,SHORT_POSITION_NOT_FOUND,1.482848056537,,1.266,2026-02-27T23:40:13+00:00,2026-02-28T16:32:00+00:00,14.62375430719588,entry_to_exit_fill
2026-02-28,acc03,6,WETUSDT,15.73,1,bc906db8-e946-4267-9330-46a5f591ea58,2026-02-27,2026-02-27T23:40:13+00:00,2026-02-28T07:40:13+08:00,1,198,CLOSED_EXTERNAL,SHORT_POSITION_NOT_FOUND,0.1195623948681,,0.1006654,2026-02-27T23:40:14+00:00,2026-02-28T16:32:00+00:00,15.805132449000345,entry_to_exit_fill
2026-02-28,acc03,7,ATHUSDT,15.27,1,bc906db8-e946-4267-9330-46a5f591ea58,2026-02-27,2026-02-27T23:40:13+00:00,2026-02-28T07:40:13+08:00,1,202,CLOSED_EXTERNAL,SHORT_POSITION_NOT_FOUND,0.005814279139,,0.0055515,2026-02-27T23:40:14+00:00,2026-02-28T16:31:00+00:00,4.5195480422908565,entry_to_exit_fill
2026-02-28,acc03,8,SKYAIUSDT,14.57,1,bc906db8-e946-4267-9330-46a5f591ea58,2026-02-27,2026-02-27T23:40:13+00:00,2026-02-28T07:40:13+08:00,1,200,CLOSED_SL,STOP_LOSS_FILLED,0.0507649530729,,0.05189,2026-02-27T23:40:14+00:00,2026-02-28T13:44:00+00:00,-2.216188253901067,entry_to_exit_fill
2026-02-28,acc03,9,币安人生USDT,13.99,1,bc906db8-e946-4267-9330-46a5f591ea58,2026-02-27,2026-02-27T23:40:13+00:00,2026-02-28T07:40:13+08:00,1,206,CLOSED_TP,TAKE_PROFIT_FILLED,0.074592473357,,,2026-02-27T23:40:14+00:00,2026-02-28T06:50:53+00:00,,missing_exit_fill
2026-02-28,acc03,10,ACUUSDT,13.78,1,bc906db8-e946-4267-9330-46a5f591ea58,2026-02-27,2026-02-27T23:40:13+00:00,2026-02-28T07:40:13+08:00,0,,,,,,,,,,rank_symbol_not_opened
2026-02-28,acc04,1,SAHARAUSDT,45.36,1,53d93b2b-303a-43c2-b833-193edd5dfe92,2026-02-27,2026-02-27T23:40:14+00:00,2026-02-28T07:40:14+08:00,1,207,CLOSED_SL,STOP_LOSS_FILLED,0.021718312782,0.02019,,2026-02-27T23:40:14+00:00,2026-03-01T08:44:28+00:00,,missing_exit_fill
2026-02-28,acc04,2,ALICEUSDT,39.42,1,53d93b2b-303a-43c2-b833-193edd5dfe92,2026-02-27,2026-02-27T23:40:14+00:00,2026-02-28T07:40:14+08:00,1,208,CLOSED_TP,TAKE_PROFIT_FILLED,0.147,,,2026-02-27T23:40:14+00:00,2026-02-28T09:17:52+00:00,,missing_exit_fill
2026-02-28,acc04,3,GWEIUSDT,24.4,1,53d93b2b-303a-43c2-b833-193edd5dfe92,2026-02-27,2026-02-27T23:40:14+00:00,2026-02-28T07:40:14+08:00,1,209,CLOSED_EXTERNAL,SHORT_POSITION_NOT_FOUND,0.045387,,0.046615,2026-02-27T23:40:14+00:00,2026-03-01T03:56:00+00:00,-2.7056205521404806,entry_to_exit_fill
2026-02-28,acc04,4,BUSDT,18.46,1,53d93b2b-303a-43c2-b833-193edd5dfe92,2026-02-27,2026-02-27T23:40:14+00:00,2026-02-28T07:40:14+08:00,1,210,CLOSED_EXTERNAL,SHORT_POSITION_NOT_FOUND,0.1668,,,2026-02-27T23:40:14+00:00,2026-02-28T03:55:43+00:00,,missing_exit_fill
2026-02-28,acc04,5,FOLKSUSDT,16.56,1,53d93b2b-303a-43c2-b833-193edd5dfe92,2026-02-27,2026-02-27T23:40:14+00:00,2026-02-28T07:40:14+08:00,1,211,CLOSED_EXTERNAL,SHORT_POSITION_NOT_FOUND,1.482370607029,,,2026-02-27T23:40:14+00:00,2026-02-28T03:55:44+00:00,,missing_exit_fill
2026-02-28,acc04,6,WETUSDT,15.73,1,53d93b2b-303a-43c2-b833-193edd5dfe92,2026-02-27,2026-02-27T23:40:14+00:00,2026-02-28T07:40:14+08:00,1,212,CLOSED_SL,STOP_LOSS_FILLED,0.11959,,,2026-02-27T23:40:14+00:00,2026-03-01T07:22:28+00:00,,missing_exit_fill
2026-02-28,acc04,7,ATHUSDT,15.27,1,53d93b2b-303a-43c2-b833-193edd5dfe92,2026-02-27,2026-02-27T23:40:14+00:00,2026-02-28T07:40:14+08:00,1,214,CLOSED_EXTERNAL,SHORT_POSITION_NOT_FOUND,0.005814,,,2026-02-27T23:40:14+00:00,2026-02-28T03:55:44+00:00,,missing_exit_fill
2026-02-28,acc04,8,SKYAIUSDT,14.57,1,53d93b2b-303a-43c2-b833-193edd5dfe92,2026-02-27,2026-02-27T23:40:14+00:00,2026-02-28T07:40:14+08:00,1,213,CLOSED_EXTERNAL,SHORT_POSITION_NOT_FOUND,0.0507527564805,,,2026-02-27T23:40:14+00:00,2026-02-28T03:55:44+00:00,,missing_exit_fill
2026-02-28,acc04,9,币安人生USDT,13.99,1,53d93b2b-303a-43c2-b833-193edd5dfe92,2026-02-27,2026-02-27T23:40:14+00:00,2026-02-28T07:40:14+08:00,1,216,CLOSED_TP,TAKE_PROFIT_FILLED,0.07458,,,2026-02-27T23:40:14+00:00,2026-02-28T06:50:53+00:00,,missing_exit_fill
2026-02-28,acc04,10,ACUUSDT,13.78,1,53d93b2b-303a-43c2-b833-193edd5dfe92,2026-02-27,2026-02-27T23:40:14+00:00,2026-02-28T07:40:14+08:00,0,,,,,,,,,,rank_symbol_not_opened
2026-03-01,acc01,1,FIOUSDT,91.4,1,8f13129b-1428-4470-85f2-98e9e1913b7b,2026-02-28,2026-02-28T23:40:13+00:00,2026-03-01T07:40:13+08:00,1,218,CLOSED_TP,TAKE_PROFIT_FILLED,0.01576,,,2026-02-28T23:40:13+00:00,2026-03-01T00:36:00+00:00,,missing_exit_fill
2026-03-01,acc01,2,BULLAUSDT,62.21,1,8f13129b-1428-4470-85f2-98e9e1913b7b,2026-02-28,2026-02-28T23:40:13+00:00,2026-03-01T07:40:13+08:00,1,220,CLOSED_EXTERNAL,SHORT_POSITION_NOT_FOUND,0.02344,,,2026-02-28T23:40:13+00:00,2026-03-01T03:56:00+00:00,,missing_exit_fill
2026-03-01,acc01,3,COSUSDT,35.8,1,8f13129b-1428-4470-85f2-98e9e1913b7b,2026-02-28,2026-02-28T23:40:13+00:00,2026-03-01T07:40:13+08:00,1,221,CLOSED_TP,TAKE_PROFIT_FILLED,0.0013087742651,,,2026-02-28T23:40:13+00:00,2026-03-01T20:52:28+00:00,,missing_exit_fill
2026-03-01,acc01,4,POWERUSDT,32.5,1,8f13129b-1428-4470-85f2-98e9e1913b7b,2026-02-28,2026-02-28T23:40:13+00:00,2026-03-01T07:40:13+08:00,1,222,CLOSED_SL,STOP_LOSS_FILLED,1.883565540541,,,2026-02-28T23:40:13+00:00,2026-03-01T12:51:28+00:00,,missing_exit_fill
2026-03-01,acc01,5,GRASSUSDT,24.03,1,8f13129b-1428-4470-85f2-98e9e1913b7b,2026-02-28,2026-02-28T23:40:13+00:00,2026-03-01T07:40:13+08:00,1,224,CLOSED_EXTERNAL,SHORT_POSITION_NOT_FOUND,0.2624,,,2026-02-28T23:40:13+00:00,2026-03-01T03:56:00+00:00,,missing_exit_fill
2026-03-01,acc01,6,TAKEUSDT,21.76,1,8f13129b-1428-4470-85f2-98e9e1913b7b,2026-02-28,2026-02-28T23:40:13+00:00,2026-03-01T07:40:13+08:00,1,226,CLOSED_EXTERNAL,SHORT_POSITION_NOT_FOUND,0.0213769242635,,,2026-02-28T23:40:13+00:00,2026-03-01T03:56:00+00:00,,missing_exit_fill
2026-03-01,acc01,7,BEATUSDT,20.32,1,8f13129b-1428-4470-85f2-98e9e1913b7b,2026-02-28,2026-02-28T23:40:13+00:00,2026-03-01T07:40:13+08:00,1,229,CLOSED_SL,STOP_LOSS_FILLED,0.2371,,,2026-02-28T23:40:13+00:00,2026-03-01T18:47:28+00:00,,missing_exit_fill
2026-03-01,acc01,8,VVVUSDT,19.41,1,8f13129b-1428-4470-85f2-98e9e1913b7b,2026-02-28,2026-02-28T23:40:13+00:00,2026-03-01T07:40:13+08:00,1,231,CLOSED_EXTERNAL,SHORT_POSITION_NOT_FOUND,5.482,,,2026-02-28T23:40:13+00:00,2026-03-01T03:56:00+00:00,,missing_exit_fill
2026-03-01,acc01,9,BARDUSDT,19.09,1,8f13129b-1428-4470-85f2-98e9e1913b7b,2026-02-28,2026-02-28T23:40:13+00:00,2026-03-01T07:40:13+08:00,1,233,CLOSED_EXTERNAL,SHORT_POSITION_NOT_FOUND,1.0189,,,2026-02-28T23:40:13+00:00,2026-03-01T03:56:01+00:00,,missing_exit_fill
2026-03-01,acc01,10,XNYUSDT,18.12,1,8f13129b-1428-4470-85f2-98e9e1913b7b,2026-02-28,2026-02-28T23:40:13+00:00,2026-03-01T07:40:13+08:00,1,236,CLOSED_SL,STOP_LOSS_FILLED,0.0054932992219,,,2026-02-28T23:40:13+00:00,2026-03-01T07:39:28+00:00,,missing_exit_fill
2026-03-01,acc02,1,FIOUSDT,91.4,1,aadcc362-ba4e-43bf-8f58-317ea21bc698,2026-02-28,2026-02-28T23:45:00+00:00,2026-03-01T07:45:00+08:00,0,,,,,,,,,,rank_symbol_not_opened
2026-03-01,acc02,2,BULLAUSDT,62.21,1,aadcc362-ba4e-43bf-8f58-317ea21bc698,2026-02-28,2026-02-28T23:45:00+00:00,2026-03-01T07:45:00+08:00,0,,,,,,,,,,rank_symbol_not_opened
2026-03-01,acc02,3,COSUSDT,35.8,1,aadcc362-ba4e-43bf-8f58-317ea21bc698,2026-02-28,2026-02-28T23:45:00+00:00,2026-03-01T07:45:00+08:00,0,,,,,,,,,,rank_symbol_not_opened
2026-03-01,acc02,4,POWERUSDT,32.5,1,aadcc362-ba4e-43bf-8f58-317ea21bc698,2026-02-28,2026-02-28T23:45:00+00:00,2026-03-01T07:45:00+08:00,0,,,,,,,,,,rank_symbol_not_opened
2026-03-01,acc02,5,GRASSUSDT,24.03,1,aadcc362-ba4e-43bf-8f58-317ea21bc698,2026-02-28,2026-02-28T23:45:00+00:00,2026-03-01T07:45:00+08:00,0,,,,,,,,,,rank_symbol_not_opened
2026-03-01,acc02,6,TAKEUSDT,21.76,1,aadcc362-ba4e-43bf-8f58-317ea21bc698,2026-02-28,2026-02-28T23:45:00+00:00,2026-03-01T07:45:00+08:00,0,,,,,,,,,,rank_symbol_not_opened
2026-03-01,acc02,7,BEATUSDT,20.32,1,aadcc362-ba4e-43bf-8f58-317ea21bc698,2026-02-28,2026-02-28T23:45:00+00:00,2026-03-01T07:45:00+08:00,0,,,,,,,,,,rank_symbol_not_opened
2026-03-01,acc02,8,VVVUSDT,19.41,1,aadcc362-ba4e-43bf-8f58-317ea21bc698,2026-02-28,2026-02-28T23:45:00+00:00,2026-03-01T07:45:00+08:00,0,,,,,,,,,,rank_symbol_not_opened
2026-03-01,acc02,9,BARDUSDT,19.09,1,aadcc362-ba4e-43bf-8f58-317ea21bc698,2026-02-28,2026-02-28T23:45:00+00:00,2026-03-01T07:45:00+08:00,0,,,,,,,,,,rank_symbol_not_opened
2026-03-01,acc02,10,XNYUSDT,18.12,1,aadcc362-ba4e-43bf-8f58-317ea21bc698,2026-02-28,2026-02-28T23:45:00+00:00,2026-03-01T07:45:00+08:00,0,,,,,,,,,,rank_symbol_not_opened
2026-03-01,acc03,1,FIOUSDT,91.4,1,5d4e2c43-d69a-4945-9dd8-9b42e87133fe,2026-02-28,2026-02-28T23:40:13+00:00,2026-03-01T07:40:13+08:00,1,217,CLOSED_TP,TAKE_PROFIT_FILLED,0.015753367706,,,2026-02-28T23:40:13+00:00,2026-03-01T00:36:00+00:00,,missing_exit_fill
2026-03-01,acc03,2,BULLAUSDT,62.21,1,5d4e2c43-d69a-4945-9dd8-9b42e87133fe,2026-02-28,2026-02-28T23:40:13+00:00,2026-03-01T07:40:13+08:00,1,219,CLOSED_SL,STOP_LOSS_FILLED,0.0234436937372,,0.02399,2026-02-28T23:40:13+00:00,2026-03-02T10:52:34+00:00,-2.3302909043429967,entry_to_exit_fill
2026-03-01,acc03,3,COSUSDT,35.8,1,5d4e2c43-d69a-4945-9dd8-9b42e87133fe,2026-02-28,2026-02-28T23:40:13+00:00,2026-03-01T07:40:13+08:00,1,223,CLOSED_TP,TAKE_PROFIT_FILLED,0.0013075584055,,,2026-02-28T23:40:13+00:00,2026-03-01T20:53:28+00:00,,missing_exit_fill
2026-03-01,acc03,4,POWERUSDT,32.5,1,5d4e2c43-d69a-4945-9dd8-9b42e87133fe,2026-02-28,2026-02-28T23:40:13+00:00,2026-03-01T07:40:13+08:00,1,225,CLOSED_SL,STOP_LOSS_FILLED,1.883445882353,,,2026-02-28T23:40:13+00:00,2026-03-01T12:51:28+00:00,,missing_exit_fill
2026-03-01,acc03,5,GRASSUSDT,24.03,1,5d4e2c43-d69a-4945-9dd8-9b42e87133fe,2026-02-28,2026-02-28T23:40:13+00:00,2026-03-01T07:40:13+08:00,1,228,CLOSED_SL,STOP_LOSS_FILLED,0.2624,,0.2582,2026-02-28T23:40:13+00:00,2026-03-02T04:31:34+00:00,1.600609756097575,entry_to_exit_fill
2026-03-01,acc03,6,TAKEUSDT,21.76,1,5d4e2c43-d69a-4945-9dd8-9b42e87133fe,2026-02-28,2026-02-28T23:40:13+00:00,2026-03-01T07:40:13+08:00,1,232,CLOSED_TIMEOUT,MAX_HOLD_EXCEEDED,0.0213659939927,,0.021142181955723663,2026-02-28T23:40:13+00:00,2026-03-02T23:10:35+00:00,1.0475152106323915,entry_to_exit_fill
2026-03-01,acc03,7,BEATUSDT,20.32,1,5d4e2c43-d69a-4945-9dd8-9b42e87133fe,2026-02-28,2026-02-28T23:40:13+00:00,2026-03-01T07:40:13+08:00,1,235,CLOSED_SL,STOP_LOSS_FILLED,0.2371,,,2026-02-28T23:40:13+00:00,2026-03-01T18:47:28+00:00,,missing_exit_fill
2026-03-01,acc03,8,VVVUSDT,19.41,1,5d4e2c43-d69a-4945-9dd8-9b42e87133fe,2026-02-28,2026-02-28T23:40:13+00:00,2026-03-01T07:40:13+08:00,1,238,CLOSED_SL,STOP_LOSS_FILLED,5.482,,,2026-02-28T23:40:13+00:00,2026-03-01T13:52:28+00:00,,missing_exit_fill
2026-03-01,acc03,9,BARDUSDT,19.09,1,5d4e2c43-d69a-4945-9dd8-9b42e87133fe,2026-02-28,2026-02-28T23:40:13+00:00,2026-03-01T07:40:13+08:00,1,239,CLOSED_SL,STOP_LOSS_FILLED,1.0188,,0.9875,2026-02-28T23:40:13+00:00,2026-03-02T06:17:35+00:00,3.0722418531605697,entry_to_exit_fill
2026-03-01,acc03,10,XNYUSDT,18.12,1,5d4e2c43-d69a-4945-9dd8-9b42e87133fe,2026-02-28,2026-02-28T23:40:13+00:00,2026-03-01T07:40:13+08:00,1,241,CLOSED_SL,STOP_LOSS_FILLED,0.0054892772461,,,2026-02-28T23:40:14+00:00,2026-03-01T07:39:28+00:00,,missing_exit_fill
2026-03-01,acc04,1,FIOUSDT,91.4,1,bb3116f1-5016-4f8e-8514-9ebd3b06347f,2026-02-28,2026-02-28T23:40:13+00:00,2026-03-01T07:40:13+08:00,1,227,CLOSED_TP,TAKE_PROFIT_FILLED,0.01578,,,2026-02-28T23:40:13+00:00,2026-03-01T00:35:02+00:00,,missing_exit_fill
2026-03-01,acc04,2,BULLAUSDT,62.21,1,bb3116f1-5016-4f8e-8514-9ebd3b06347f,2026-02-28,2026-02-28T23:40:13+00:00,2026-03-01T07:40:13+08:00,1,230,CLOSED_EXTERNAL,SHORT_POSITION_NOT_FOUND,0.0234303878788,,,2026-02-28T23:40:13+00:00,2026-03-01T03:56:00+00:00,,missing_exit_fill
2026-03-01,acc04,3,COSUSDT,35.8,1,bb3116f1-5016-4f8e-8514-9ebd3b06347f,2026-02-28,2026-02-28T23:40:13+00:00,2026-03-01T07:40:13+08:00,1,234,CLOSED_TP,TAKE_PROFIT_FILLED,0.0013057521031,,,2026-02-28T23:40:13+00:00,2026-03-01T20:53:28+00:00,,missing_exit_fill
2026-03-01,acc04,4,POWERUSDT,32.5,1,bb3116f1-5016-4f8e-8514-9ebd3b06347f,2026-02-28,2026-02-28T23:40:13+00:00,2026-03-01T07:40:13+08:00,1,237,CLOSED_SL,STOP_LOSS_FILLED,1.88345,,,2026-02-28T23:40:13+00:00,2026-03-01T12:51:28+00:00,,missing_exit_fill
2026-03-01,acc04,5,GRASSUSDT,24.03,1,bb3116f1-5016-4f8e-8514-9ebd3b06347f,2026-02-28,2026-02-28T23:40:13+00:00,2026-03-01T07:40:13+08:00,1,240,CLOSED_EXTERNAL,SHORT_POSITION_NOT_FOUND,0.2623,,,2026-02-28T23:40:13+00:00,2026-03-01T03:56:00+00:00,,missing_exit_fill
2026-03-01,acc04,6,TAKEUSDT,21.76,1,bb3116f1-5016-4f8e-8514-9ebd3b06347f,2026-02-28,2026-02-28T23:40:13+00:00,2026-03-01T07:40:13+08:00,1,242,CLOSED_EXTERNAL,SHORT_POSITION_NOT_FOUND,0.0213373403576,,,2026-02-28T23:40:14+00:00,2026-03-01T03:56:01+00:00,,missing_exit_fill
2026-03-01,acc04,7,BEATUSDT,20.32,1,bb3116f1-5016-4f8e-8514-9ebd3b06347f,2026-02-28,2026-02-28T23:40:13+00:00,2026-03-01T07:40:13+08:00,1,243,CLOSED_SL,STOP_LOSS_FILLED,0.2370668430335,,,2026-02-28T23:40:14+00:00,2026-03-01T18:47:28+00:00,,missing_exit_fill
2026-03-01,acc04,8,VVVUSDT,19.41,1,bb3116f1-5016-4f8e-8514-9ebd3b06347f,2026-02-28,2026-02-28T23:40:13+00:00,2026-03-01T07:40:13+08:00,1,244,CLOSED_EXTERNAL,SHORT_POSITION_NOT_FOUND,5.477,,,2026-02-28T23:40:14+00:00,2026-03-01T03:56:01+00:00,,missing_exit_fill
2026-03-01,acc04,9,BARDUSDT,19.09,1,bb3116f1-5016-4f8e-8514-9ebd3b06347f,2026-02-28,2026-02-28T23:40:13+00:00,2026-03-01T07:40:13+08:00,1,245,CLOSED_EXTERNAL,SHORT_POSITION_NOT_FOUND,1.0188,,,2026-02-28T23:40:14+00:00,2026-03-01T03:56:01+00:00,,missing_exit_fill
2026-03-01,acc04,10,XNYUSDT,18.12,1,bb3116f1-5016-4f8e-8514-9ebd3b06347f,2026-02-28,2026-02-28T23:40:13+00:00,2026-03-01T07:40:13+08:00,1,246,CLOSED_EXTERNAL,SHORT_POSITION_NOT_FOUND,0.0054819137508,,,2026-02-28T23:40:14+00:00,2026-03-01T03:56:01+00:00,,missing_exit_fill
2026-03-02,acc01,1,ARCUSDT,53.68,1,8c3b533b-3e4d-48ba-9519-e78f5d334a07,2026-03-01,2026-03-01T23:40:16+00:00,2026-03-02T07:40:16+08:00,1,247,CLOSED_SL,STOP_LOSS_FILLED,0.0430836868434,,,2026-03-01T23:40:16+00:00,2026-03-02T07:06:34+00:00,,missing_exit_fill
2026-03-02,acc01,2,LYNUSDT,29.32,1,8c3b533b-3e4d-48ba-9519-e78f5d334a07,2026-03-01,2026-03-01T23:40:16+00:00,2026-03-02T07:40:16+08:00,1,248,CLOSED_EXTERNAL,SHORT_POSITION_NOT_FOUND,0.3354806782946,,,2026-03-01T23:40:16+00:00,2026-03-02T03:55:34+00:00,,missing_exit_fill
2026-03-02,acc01,3,DENTUSDT,20.85,1,8c3b533b-3e4d-48ba-9519-e78f5d334a07,2026-03-01,2026-03-01T23:40:16+00:00,2026-03-02T07:40:16+08:00,1,250,CLOSED_TIMEOUT,MAX_HOLD_EXCEEDED,0.000311,,0.0002685564912586113,2026-03-01T23:40:16+00:00,2026-03-03T23:10:39+00:00,13.647430463469043,entry_to_exit_fill
2026-03-02,acc01,4,UAIUSDT,17.88,1,8c3b533b-3e4d-48ba-9519-e78f5d334a07,2026-03-01,2026-03-01T23:40:16+00:00,2026-03-02T07:40:16+08:00,1,252,CLOSED_EXTERNAL,SHORT_POSITION_NOT_FOUND,0.1986,,,2026-03-01T23:40:16+00:00,2026-03-02T03:55:34+00:00,,missing_exit_fill
2026-03-02,acc01,5,VVVUSDT,17.15,1,8c3b533b-3e4d-48ba-9519-e78f5d334a07,2026-03-01,2026-03-01T23:40:16+00:00,2026-03-02T07:40:16+08:00,1,254,CLOSED_EXTERNAL,SHORT_POSITION_NOT_FOUND,6.339,,,2026-03-01T23:40:16+00:00,2026-03-02T03:55:34+00:00,,missing_exit_fill
2026-03-02,acc01,6,ALICEUSDT,16.54,1,8c3b533b-3e4d-48ba-9519-e78f5d334a07,2026-03-01,2026-03-01T23:40:16+00:00,2026-03-02T07:40:16+08:00,1,255,CLOSED_SL,STOP_LOSS_FILLED,0.148,,,2026-03-01T23:40:16+00:00,2026-03-02T04:51:34+00:00,,missing_exit_fill
2026-03-02,acc01,7,SAHARAUSDT,15.6,1,8c3b533b-3e4d-48ba-9519-e78f5d334a07,2026-03-01,2026-03-01T23:40:16+00:00,2026-03-02T07:40:16+08:00,1,257,CLOSED_EXTERNAL,SHORT_POSITION_NOT_FOUND,0.02289,,,2026-03-01T23:40:16+00:00,2026-03-02T03:55:34+00:00,,missing_exit_fill
2026-03-02,acc01,8,RIVERUSDT,13.74,1,8c3b533b-3e4d-48ba-9519-e78f5d334a07,2026-03-01,2026-03-01T23:40:16+00:00,2026-03-02T07:40:16+08:00,1,258,CLOSED_SL,STOP_LOSS_FILLED,14.49276271187,,,2026-03-01T23:40:16+00:00,2026-03-02T06:53:34+00:00,,missing_exit_fill
2026-03-02,acc01,9,FORMUSDT,11.84,1,8c3b533b-3e4d-48ba-9519-e78f5d334a07,2026-03-01,2026-03-01T23:40:16+00:00,2026-03-02T07:40:16+08:00,1,260,CLOSED_EXTERNAL,SHORT_POSITION_NOT_FOUND,0.2127,,,2026-03-01T23:40:16+00:00,2026-03-02T03:55:35+00:00,,missing_exit_fill
2026-03-02,acc01,10,HIPPOUSDT,11.13,1,8c3b533b-3e4d-48ba-9519-e78f5d334a07,2026-03-01,2026-03-01T23:40:16+00:00,2026-03-02T07:40:16+08:00,1,262,CLOSED_EXTERNAL,SHORT_POSITION_NOT_FOUND,0.0006482227925,,,2026-03-01T23:40:16+00:00,2026-03-02T03:55:35+00:00,,missing_exit_fill
2026-03-02,acc02,1,ARCUSDT,53.68,1,0a5a2a62-496c-415c-b5db-81944a6ab4b5,2026-03-01,2026-03-01T23:45:00+00:00,2026-03-02T07:45:00+08:00,1,277,CLOSED_SL,STOP_LOSS_FILLED,0.043280625,,,2026-03-01T23:45:01+00:00,2026-03-02T07:06:34+00:00,,missing_exit_fill
2026-03-02,acc02,2,LYNUSDT,29.32,1,0a5a2a62-496c-415c-b5db-81944a6ab4b5,2026-03-01,2026-03-01T23:45:00+00:00,2026-03-02T07:45:00+08:00,1,278,CLOSED_EXTERNAL,SHORT_POSITION_NOT_FOUND,0.3355989352818,,,2026-03-01T23:45:31+00:00,2026-03-02T03:55:34+00:00,,missing_exit_fill
2026-03-02,acc02,3,DENTUSDT,20.85,1,0a5a2a62-496c-415c-b5db-81944a6ab4b5,2026-03-01,2026-03-01T23:45:00+00:00,2026-03-02T07:45:00+08:00,1,279,CLOSED_EXTERNAL,SHORT_POSITION_NOT_FOUND,0.0003072286619,0.00031,0.00029282264377339086,2026-03-01T23:46:01+00:00,2026-03-03T13:25:38+00:00,4.6890215377425255,entry_to_exit_fill
2026-03-02,acc02,4,UAIUSDT,17.88,1,0a5a2a62-496c-415c-b5db-81944a6ab4b5,2026-03-01,2026-03-01T23:45:00+00:00,2026-03-02T07:45:00+08:00,1,280,CLOSED_EXTERNAL,SHORT_POSITION_NOT_FOUND,0.1986132589839,,,2026-03-01T23:46:31+00:00,2026-03-02T03:55:34+00:00,,missing_exit_fill
2026-03-02,acc02,5,VVVUSDT,17.15,1,0a5a2a62-496c-415c-b5db-81944a6ab4b5,2026-03-01,2026-03-01T23:45:00+00:00,2026-03-02T07:45:00+08:00,1,281,CLOSED_EXTERNAL,SHORT_POSITION_NOT_FOUND,6.416,,,2026-03-01T23:47:02+00:00,2026-03-02T03:55:34+00:00,,missing_exit_fill
2026-03-02,acc02,6,ALICEUSDT,16.54,1,0a5a2a62-496c-415c-b5db-81944a6ab4b5,2026-03-01,2026-03-01T23:45:00+00:00,2026-03-02T07:45:00+08:00,1,282,CLOSED_SL,STOP_LOSS_FILLED,0.148,,,2026-03-01T23:47:32+00:00,2026-03-02T04:51:34+00:00,,missing_exit_fill
2026-03-02,acc02,7,SAHARAUSDT,15.6,1,0a5a2a62-496c-415c-b5db-81944a6ab4b5,2026-03-01,2026-03-01T23:45:00+00:00,2026-03-02T07:45:00+08:00,1,283,CLOSED_EXTERNAL,SHORT_POSITION_NOT_FOUND,0.0228391489362,,,2026-03-01T23:48:02+00:00,2026-03-02T03:55:35+00:00,,missing_exit_fill
2026-03-02,acc02,8,RIVERUSDT,13.74,1,0a5a2a62-496c-415c-b5db-81944a6ab4b5,2026-03-01,2026-03-01T23:45:00+00:00,2026-03-02T07:45:00+08:00,0,,,,,,,,,,rank_symbol_not_opened
2026-03-02,acc02,9,FORMUSDT,11.84,1,0a5a2a62-496c-415c-b5db-81944a6ab4b5,2026-03-01,2026-03-01T23:45:00+00:00,2026-03-02T07:45:00+08:00,0,,,,,,,,,,rank_symbol_not_opened
2026-03-02,acc02,10,HIPPOUSDT,11.13,1,0a5a2a62-496c-415c-b5db-81944a6ab4b5,2026-03-01,2026-03-01T23:45:00+00:00,2026-03-02T07:45:00+08:00,0,,,,,,,,,,rank_symbol_not_opened
2026-03-02,acc03,1,ARCUSDT,53.68,1,82dc4a2f-61f8-4832-adf1-aa75cf6333f2,2026-03-01,2026-03-01T23:40:16+00:00,2026-03-02T07:40:16+08:00,1,267,CLOSED_SL,STOP_LOSS_FILLED,0.0431121492171,,,2026-03-01T23:40:16+00:00,2026-03-02T07:06:34+00:00,,missing_exit_fill
2026-03-02,acc03,2,LYNUSDT,29.32,1,82dc4a2f-61f8-4832-adf1-aa75cf6333f2,2026-03-01,2026-03-01T23:40:16+00:00,2026-03-02T07:40:16+08:00,1,268,CLOSED_SL,STOP_LOSS_FILLED,0.3354972380952,,,2026-03-01T23:40:17+00:00,2026-03-02T12:32:34+00:00,,missing_exit_fill
2026-03-02,acc03,3,DENTUSDT,20.85,1,82dc4a2f-61f8-4832-adf1-aa75cf6333f2,2026-03-01,2026-03-01T23:40:16+00:00,2026-03-02T07:40:16+08:00,1,269,CLOSED_EXTERNAL,SHORT_POSITION_NOT_FOUND,0.0003102360974,0.000306,0.000291,2026-03-01T23:40:17+00:00,2026-03-03T13:26:38+00:00,6.200470403416041,entry_to_exit_fill
2026-03-02,acc03,4,UAIUSDT,17.88,1,82dc4a2f-61f8-4832-adf1-aa75cf6333f2,2026-03-01,2026-03-01T23:40:16+00:00,2026-03-02T07:40:16+08:00,1,270,CLOSED_SL,STOP_LOSS_FILLED,0.1985,,,2026-03-01T23:40:17+00:00,2026-03-02T05:14:35+00:00,,missing_exit_fill
2026-03-02,acc03,5,VVVUSDT,17.15,1,82dc4a2f-61f8-4832-adf1-aa75cf6333f2,2026-03-01,2026-03-01T23:40:16+00:00,2026-03-02T07:40:16+08:00,1,271,CLOSED_SL,STOP_LOSS_FILLED,6.337041064982,,,2026-03-01T23:40:17+00:00,2026-03-02T15:53:34+00:00,,missing_exit_fill
2026-03-02,acc03,6,ALICEUSDT,16.54,1,82dc4a2f-61f8-4832-adf1-aa75cf6333f2,2026-03-01,2026-03-01T23:40:16+00:00,2026-03-02T07:40:16+08:00,1,272,CLOSED_SL,STOP_LOSS_FILLED,0.148,,,2026-03-01T23:40:17+00:00,2026-03-02T04:51:34+00:00,,missing_exit_fill
2026-03-02,acc03,7,SAHARAUSDT,15.6,1,82dc4a2f-61f8-4832-adf1-aa75cf6333f2,2026-03-01,2026-03-01T23:40:16+00:00,2026-03-02T07:40:16+08:00,1,273,CLOSED_SL,STOP_LOSS_FILLED,0.02289,,,2026-03-01T23:40:17+00:00,2026-03-02T10:00:35+00:00,,missing_exit_fill
2026-03-02,acc03,8,RIVERUSDT,13.74,1,82dc4a2f-61f8-4832-adf1-aa75cf6333f2,2026-03-01,2026-03-01T23:40:16+00:00,2026-03-02T07:40:16+08:00,1,274,CLOSED_SL,STOP_LOSS_FILLED,14.487125,,,2026-03-01T23:40:17+00:00,2026-03-02T06:53:35+00:00,,missing_exit_fill
2026-03-02,acc03,9,FORMUSDT,11.84,1,82dc4a2f-61f8-4832-adf1-aa75cf6333f2,2026-03-01,2026-03-01T23:40:16+00:00,2026-03-02T07:40:16+08:00,1,275,CLOSED_SL,STOP_LOSS_FILLED,0.2127,,,2026-03-01T23:40:17+00:00,2026-03-02T12:01:35+00:00,,missing_exit_fill
2026-03-02,acc03,10,HIPPOUSDT,11.13,1,82dc4a2f-61f8-4832-adf1-aa75cf6333f2,2026-03-01,2026-03-01T23:40:16+00:00,2026-03-02T07:40:16+08:00,1,276,CLOSED_SL,STOP_LOSS_FILLED,0.0006480538844,,,2026-03-01T23:40:17+00:00,2026-03-02T04:15:35+00:00,,missing_exit_fill
2026-03-02,acc04,1,ARCUSDT,53.68,1,656bdc07-0297-45f9-9871-6132461c9a8e,2026-03-01,2026-03-01T23:40:16+00:00,2026-03-02T07:40:16+08:00,1,249,CLOSED_SL,STOP_LOSS_FILLED,0.04309,,,2026-03-01T23:40:16+00:00,2026-03-02T07:06:34+00:00,,missing_exit_fill
2026-03-02,acc04,2,LYNUSDT,29.32,1,656bdc07-0297-45f9-9871-6132461c9a8e,2026-03-01,2026-03-01T23:40:16+00:00,2026-03-02T07:40:16+08:00,1,251,CLOSED_EXTERNAL,SHORT_POSITION_NOT_FOUND,0.3354503792415,,,2026-03-01T23:40:16+00:00,2026-03-02T03:55:35+00:00,,missing_exit_fill
2026-03-02,acc04,3,DENTUSDT,20.85,1,656bdc07-0297-45f9-9871-6132461c9a8e,2026-03-01,2026-03-01T23:40:16+00:00,2026-03-02T07:40:16+08:00,1,253,CLOSED_TIMEOUT,MAX_HOLD_EXCEEDED,0.000311,,0.0002690141834030449,2026-03-01T23:40:16+00:00,2026-03-03T23:10:39+00:00,13.500262571368204,entry_to_exit_fill
2026-03-02,acc04,4,UAIUSDT,17.88,1,656bdc07-0297-45f9-9871-6132461c9a8e,2026-03-01,2026-03-01T23:40:16+00:00,2026-03-02T07:40:16+08:00,1,256,CLOSED_EXTERNAL,SHORT_POSITION_NOT_FOUND,0.1985,,,2026-03-01T23:40:16+00:00,2026-03-02T03:55:35+00:00,,missing_exit_fill
2026-03-02,acc04,5,VVVUSDT,17.15,1,656bdc07-0297-45f9-9871-6132461c9a8e,2026-03-01,2026-03-01T23:40:16+00:00,2026-03-02T07:40:16+08:00,1,259,CLOSED_EXTERNAL,SHORT_POSITION_NOT_FOUND,6.337757862827,,,2026-03-01T23:40:16+00:00,2026-03-02T03:55:35+00:00,,missing_exit_fill
2026-03-02,acc04,6,ALICEUSDT,16.54,1,656bdc07-0297-45f9-9871-6132461c9a8e,2026-03-01,2026-03-01T23:40:16+00:00,2026-03-02T07:40:16+08:00,1,261,CLOSED_SL,STOP_LOSS_FILLED,0.148,,,2026-03-01T23:40:16+00:00,2026-03-02T04:51:34+00:00,,missing_exit_fill
2026-03-02,acc04,7,SAHARAUSDT,15.6,1,656bdc07-0297-45f9-9871-6132461c9a8e,2026-03-01,2026-03-01T23:40:16+00:00,2026-03-02T07:40:16+08:00,1,263,CLOSED_EXTERNAL,SHORT_POSITION_NOT_FOUND,0.0228857951593,,,2026-03-01T23:40:16+00:00,2026-03-02T03:55:35+00:00,,missing_exit_fill
2026-03-02,acc04,8,RIVERUSDT,13.74,1,656bdc07-0297-45f9-9871-6132461c9a8e,2026-03-01,2026-03-01T23:40:16+00:00,2026-03-02T07:40:16+08:00,1,264,CLOSED_SL,STOP_LOSS_FILLED,14.49052173913,,,2026-03-01T23:40:16+00:00,2026-03-02T06:53:35+00:00,,missing_exit_fill
2026-03-02,acc04,9,FORMUSDT,11.84,1,656bdc07-0297-45f9-9871-6132461c9a8e,2026-03-01,2026-03-01T23:40:16+00:00,2026-03-02T07:40:16+08:00,1,265,CLOSED_EXTERNAL,SHORT_POSITION_NOT_FOUND,0.2127,,,2026-03-01T23:40:16+00:00,2026-03-02T03:55:36+00:00,,missing_exit_fill
2026-03-02,acc04,10,HIPPOUSDT,11.13,1,656bdc07-0297-45f9-9871-6132461c9a8e,2026-03-01,2026-03-01T23:40:16+00:00,2026-03-02T07:40:16+08:00,1,266,CLOSED_EXTERNAL,SHORT_POSITION_NOT_FOUND,0.0006483,,,2026-03-01T23:40:16+00:00,2026-03-02T03:55:36+00:00,,missing_exit_fill
2026-03-03,acc01,1,SIRENUSDT,68.23,1,ab00f489-1862-4540-80ae-c9a59983f904,2026-03-02,2026-03-02T23:40:13+00:00,2026-03-03T07:40:13+08:00,1,286,CLOSED_EXTERNAL,SHORT_POSITION_NOT_FOUND,0.4214,,,2026-03-02T23:40:13+00:00,2026-03-03T03:55:46+00:00,,missing_exit_fill
2026-03-03,acc01,2,ROBOUSDT,40.55,1,ab00f489-1862-4540-80ae-c9a59983f904,2026-03-02,2026-03-02T23:40:13+00:00,2026-03-03T07:40:13+08:00,1,287,CLOSED_TP,TAKE_PROFIT_FILLED,0.0564206734771,,,2026-03-02T23:40:13+00:00,2026-03-03T10:05:38+00:00,,missing_exit_fill
2026-03-03,acc01,3,OPNUSDT,28.61,1,ab00f489-1862-4540-80ae-c9a59983f904,2026-03-02,2026-03-02T23:40:13+00:00,2026-03-03T07:40:13+08:00,1,290,CLOSED_SL,STOP_LOSS_FILLED,0.5309970398971,0.4756,0.4935,2026-03-02T23:40:13+00:00,2026-03-04T16:14:46+00:00,7.061628800109024,entry_to_exit_fill
2026-03-03,acc01,4,FORMUSDT,25.05,1,ab00f489-1862-4540-80ae-c9a59983f904,2026-03-02,2026-03-02T23:40:13+00:00,2026-03-03T07:40:13+08:00,1,294,CLOSED_EXTERNAL,SHORT_POSITION_NOT_FOUND,0.2728,,,2026-03-02T23:40:13+00:00,2026-03-03T03:55:47+00:00,,missing_exit_fill
2026-03-03,acc01,5,ARCUSDT,24.71,1,ab00f489-1862-4540-80ae-c9a59983f904,2026-03-02,2026-03-02T23:40:13+00:00,2026-03-03T07:40:13+08:00,1,297,CLOSED_EXTERNAL,SHORT_POSITION_NOT_FOUND,0.05213,,,2026-03-02T23:40:13+00:00,2026-03-03T03:55:47+00:00,,missing_exit_fill
2026-03-03,acc01,6,SKYAIUSDT,24.67,1,ab00f489-1862-4540-80ae-c9a59983f904,2026-03-02,2026-03-02T23:40:13+00:00,2026-03-03T07:40:13+08:00,1,299,CLOSED_SL,STOP_LOSS_FILLED,0.050057074074,,0.04584,2026-03-02T23:40:13+00:00,2026-03-03T22:25:38+00:00,8.424531701085542,entry_to_exit_fill
2026-03-03,acc01,7,HIPPOUSDT,22.71,1,ab00f489-1862-4540-80ae-c9a59983f904,2026-03-02,2026-03-02T23:40:13+00:00,2026-03-03T07:40:13+08:00,1,302,CLOSED_SL,STOP_LOSS_FILLED,0.0007481774797,0.000729,0.0006843,2026-03-02T23:40:13+00:00,2026-03-04T09:35:45+00:00,8.537744242931941,entry_to_exit_fill
2026-03-03,acc01,8,1000RATSUSDT,22.33,1,ab00f489-1862-4540-80ae-c9a59983f904,2026-03-02,2026-03-02T23:40:13+00:00,2026-03-03T07:40:13+08:00,1,305,CLOSED_EXTERNAL,SHORT_POSITION_NOT_FOUND,0.038239866564,,,2026-03-02T23:40:13+00:00,2026-03-03T03:55:47+00:00,,missing_exit_fill
2026-03-03,acc01,9,AIOUSDT,21.41,1,ab00f489-1862-4540-80ae-c9a59983f904,2026-03-02,2026-03-02T23:40:13+00:00,2026-03-03T07:40:13+08:00,1,308,CLOSED_SL,STOP_LOSS_FILLED,0.08386,,,2026-03-02T23:40:13+00:00,2026-03-03T06:13:46+00:00,,missing_exit_fill
2026-03-03,acc01,10,GRASSUSDT,20.68,1,ab00f489-1862-4540-80ae-c9a59983f904,2026-03-02,2026-03-02T23:40:13+00:00,2026-03-03T07:40:13+08:00,1,311,CLOSED_SL,STOP_LOSS_FILLED,0.3113036890371,,,2026-03-02T23:40:13+00:00,2026-03-03T04:04:47+00:00,,missing_exit_fill
2026-03-03,acc02,1,SIRENUSDT,68.23,1,f8f738c9-97a9-4534-b33d-e7d0d57d6559,2026-03-02,2026-03-02T23:45:00+00:00,2026-03-03T07:45:00+08:00,0,,,,,,,,,,rank_symbol_not_opened
2026-03-03,acc02,2,ROBOUSDT,40.55,1,f8f738c9-97a9-4534-b33d-e7d0d57d6559,2026-03-02,2026-03-02T23:45:00+00:00,2026-03-03T07:45:00+08:00,1,314,CLOSED_TP,TAKE_PROFIT_FILLED,0.0556825917927,0.05625,0.048103,2026-03-02T23:45:32+00:00,2026-03-03T11:55:38+00:00,13.61213899833895,entry_to_exit_fill
2026-03-03,acc02,3,OPNUSDT,28.61,1,f8f738c9-97a9-4534-b33d-e7d0d57d6559,2026-03-02,2026-03-02T23:45:00+00:00,2026-03-03T07:45:00+08:00,1,315,CLOSED_EXTERNAL,SHORT_POSITION_NOT_FOUND,0.5781985294118,0.5833333,0.5231143,2026-03-02T23:46:02+00:00,2026-03-03T13:25:38+00:00,9.526871240547269,entry_to_exit_fill
2026-03-03,acc02,4,FORMUSDT,25.05,1,f8f738c9-97a9-4534-b33d-e7d0d57d6559,2026-03-02,2026-03-02T23:45:00+00:00,2026-03-03T07:45:00+08:00,1,316,CLOSED_EXTERNAL,SHORT_POSITION_NOT_FOUND,0.2729,0.2729,,2026-03-02T23:46:32+00:00,2026-03-03T03:55:47+00:00,,missing_exit_fill
2026-03-03,acc02,5,ARCUSDT,24.71,1,f8f738c9-97a9-4534-b33d-e7d0d57d6559,2026-03-02,2026-03-02T23:45:00+00:00,2026-03-03T07:45:00+08:00,1,317,CLOSED_TP,TAKE_PROFIT_FILLED,0.052354013289,0.05239,0.04427,2026-03-02T23:47:02+00:00,2026-03-03T08:11:46+00:00,15.441057487561363,entry_to_exit_fill
2026-03-03,acc02,6,SKYAIUSDT,24.67,1,f8f738c9-97a9-4534-b33d-e7d0d57d6559,2026-03-02,2026-03-02T23:45:00+00:00,2026-03-03T07:45:00+08:00,1,318,CLOSED_EXTERNAL,SHORT_POSITION_NOT_FOUND,0.0492135659411,0.0494165,0.04726,2026-03-02T23:47:32+00:00,2026-03-03T13:25:38+00:00,3.969567950914326,entry_to_exit_fill
2026-03-03,acc02,7,HIPPOUSDT,22.71,1,f8f738c9-97a9-4534-b33d-e7d0d57d6559,2026-03-02,2026-03-02T23:45:00+00:00,2026-03-03T07:45:00+08:00,1,319,CLOSED_EXTERNAL,SHORT_POSITION_NOT_FOUND,0.0007626644071,0.0007624,0.0007242,2026-03-02T23:48:02+00:00,2026-03-03T13:25:39+00:00,5.043424964101746,entry_to_exit_fill
2026-03-03,acc02,8,1000RATSUSDT,22.33,1,f8f738c9-97a9-4534-b33d-e7d0d57d6559,2026-03-02,2026-03-02T23:45:00+00:00,2026-03-03T07:45:00+08:00,1,320,CLOSED_EXTERNAL,SHORT_POSITION_NOT_FOUND,0.0384438566553,0.03842,,2026-03-02T23:48:33+00:00,2026-03-03T03:55:47+00:00,,missing_exit_fill
2026-03-03,acc02,9,AIOUSDT,21.41,1,f8f738c9-97a9-4534-b33d-e7d0d57d6559,2026-03-02,2026-03-02T23:45:00+00:00,2026-03-03T07:45:00+08:00,1,321,CLOSED_EXTERNAL,SHORT_POSITION_NOT_FOUND,0.0828494224598,0.08304,,2026-03-02T23:49:03+00:00,2026-03-03T03:55:47+00:00,,missing_exit_fill
2026-03-03,acc02,10,GRASSUSDT,20.68,1,f8f738c9-97a9-4534-b33d-e7d0d57d6559,2026-03-02,2026-03-02T23:45:00+00:00,2026-03-03T07:45:00+08:00,1,322,CLOSED_SL,STOP_LOSS_FILLED,0.3088779449613,0.3089,,2026-03-02T23:49:33+00:00,2026-03-03T04:02:46+00:00,,missing_exit_fill
2026-03-03,acc03,1,SIRENUSDT,68.23,1,d9ee1d22-50e4-46c1-84b6-7898b51f3719,2026-03-02,2026-03-02T23:40:13+00:00,2026-03-03T07:40:13+08:00,1,284,CLOSED_EXTERNAL,SHORT_POSITION_NOT_FOUND,0.4214381606217,,0.3874713,2026-03-02T23:40:13+00:00,2026-03-03T13:26:38+00:00,8.059749637192915,entry_to_exit_fill
2026-03-03,acc03,2,ROBOUSDT,40.55,1,d9ee1d22-50e4-46c1-84b6-7898b51f3719,2026-03-02,2026-03-02T23:40:13+00:00,2026-03-03T07:40:13+08:00,1,285,CLOSED_TP,TAKE_PROFIT_FILLED,0.0564309583333,,0.048038800000000006,2026-03-02T23:40:13+00:00,2026-03-03T10:05:38+00:00,14.871550264542947,entry_to_exit_fill
2026-03-03,acc03,3,OPNUSDT,28.61,1,d9ee1d22-50e4-46c1-84b6-7898b51f3719,2026-03-02,2026-03-02T23:40:13+00:00,2026-03-03T07:40:13+08:00,1,289,CLOSED_EXTERNAL,SHORT_POSITION_NOT_FOUND,0.5754429078014,,0.5236,2026-03-02T23:40:13+00:00,2026-03-03T13:26:38+00:00,9.00921830794243,entry_to_exit_fill
2026-03-03,acc03,4,FORMUSDT,25.05,1,d9ee1d22-50e4-46c1-84b6-7898b51f3719,2026-03-02,2026-03-02T23:40:13+00:00,2026-03-03T07:40:13+08:00,1,292,CLOSED_SL,STOP_LOSS_FILLED,0.2728,,,2026-03-02T23:40:13+00:00,2026-03-03T05:14:47+00:00,,missing_exit_fill
2026-03-03,acc03,5,ARCUSDT,24.71,1,d9ee1d22-50e4-46c1-84b6-7898b51f3719,2026-03-02,2026-03-02T23:40:13+00:00,2026-03-03T07:40:13+08:00,1,295,CLOSED_TP,TAKE_PROFIT_FILLED,0.05214,,0.0464134,2026-03-02T23:40:13+00:00,2026-03-03T08:11:46+00:00,10.983122362869196,entry_to_exit_fill
2026-03-03,acc03,6,SKYAIUSDT,24.67,1,d9ee1d22-50e4-46c1-84b6-7898b51f3719,2026-03-02,2026-03-02T23:40:13+00:00,2026-03-03T07:40:13+08:00,1,298,CLOSED_EXTERNAL,SHORT_POSITION_NOT_FOUND,0.05006,,0.0473561,2026-03-02T23:40:13+00:00,2026-03-03T13:26:38+00:00,5.401318417898526,entry_to_exit_fill
2026-03-03,acc03,7,HIPPOUSDT,22.71,1,d9ee1d22-50e4-46c1-84b6-7898b51f3719,2026-03-02,2026-03-02T23:40:13+00:00,2026-03-03T07:40:13+08:00,1,300,CLOSED_EXTERNAL,SHORT_POSITION_NOT_FOUND,0.0007637742234,,0.0007252,2026-03-02T23:40:13+00:00,2026-03-03T13:26:38+00:00,5.050474632186977,entry_to_exit_fill
2026-03-03,acc03,8,1000RATSUSDT,22.33,1,d9ee1d22-50e4-46c1-84b6-7898b51f3719,2026-03-02,2026-03-02T23:40:13+00:00,2026-03-03T07:40:13+08:00,1,303,CLOSED_EXTERNAL,SHORT_POSITION_NOT_FOUND,0.0382506500236,,0.0398713,2026-03-02T23:40:13+00:00,2026-03-03T13:26:39+00:00,-4.236921399767282,entry_to_exit_fill
2026-03-03,acc03,9,AIOUSDT,21.41,1,d9ee1d22-50e4-46c1-84b6-7898b51f3719,2026-03-02,2026-03-02T23:40:13+00:00,2026-03-03T07:40:13+08:00,1,306,CLOSED_SL,STOP_LOSS_FILLED,0.0838751471347,,,2026-03-02T23:40:13+00:00,2026-03-03T06:13:46+00:00,,missing_exit_fill
2026-03-03,acc03,10,GRASSUSDT,20.68,1,d9ee1d22-50e4-46c1-84b6-7898b51f3719,2026-03-02,2026-03-02T23:40:13+00:00,2026-03-03T07:40:13+08:00,1,309,CLOSED_SL,STOP_LOSS_FILLED,0.311393075746,,,2026-03-02T23:40:13+00:00,2026-03-03T04:04:47+00:00,,missing_exit_fill
2026-03-03,acc04,1,SIRENUSDT,68.23,1,7346b2fa-f0f7-4cd5-96f1-97cd2880aab4,2026-03-02,2026-03-02T23:40:13+00:00,2026-03-03T07:40:13+08:00,1,288,CLOSED_EXTERNAL,SHORT_POSITION_NOT_FOUND,0.4212897667639,,,2026-03-02T23:40:13+00:00,2026-03-03T03:55:47+00:00,,missing_exit_fill
2026-03-03,acc04,2,ROBOUSDT,40.55,1,7346b2fa-f0f7-4cd5-96f1-97cd2880aab4,2026-03-02,2026-03-02T23:40:13+00:00,2026-03-03T07:40:13+08:00,1,291,CLOSED_TP,TAKE_PROFIT_FILLED,0.0564149863441,,,2026-03-02T23:40:13+00:00,2026-03-03T10:05:38+00:00,,missing_exit_fill
2026-03-03,acc04,3,OPNUSDT,28.61,1,7346b2fa-f0f7-4cd5-96f1-97cd2880aab4,2026-03-02,2026-03-02T23:40:13+00:00,2026-03-03T07:40:13+08:00,1,293,CLOSED_TP,TAKE_PROFIT_FILLED,0.5752187250996,,,2026-03-02T23:40:13+00:00,2026-03-04T00:37:31+00:00,,missing_exit_fill
2026-03-03,acc04,4,FORMUSDT,25.05,1,7346b2fa-f0f7-4cd5-96f1-97cd2880aab4,2026-03-02,2026-03-02T23:40:13+00:00,2026-03-03T07:40:13+08:00,1,296,CLOSED_EXTERNAL,SHORT_POSITION_NOT_FOUND,0.2728,,,2026-03-02T23:40:13+00:00,2026-03-03T03:55:47+00:00,,missing_exit_fill
2026-03-03,acc04,5,ARCUSDT,24.71,1,7346b2fa-f0f7-4cd5-96f1-97cd2880aab4,2026-03-02,2026-03-02T23:40:13+00:00,2026-03-03T07:40:13+08:00,1,301,CLOSED_EXTERNAL,SHORT_POSITION_NOT_FOUND,0.0521206921413,,,2026-03-02T23:40:13+00:00,2026-03-03T03:55:47+00:00,,missing_exit_fill
2026-03-03,acc04,6,SKYAIUSDT,24.67,1,7346b2fa-f0f7-4cd5-96f1-97cd2880aab4,2026-03-02,2026-03-02T23:40:13+00:00,2026-03-03T07:40:13+08:00,1,304,CLOSED_SL,STOP_LOSS_FILLED,0.0500341617494,,,2026-03-02T23:40:13+00:00,2026-03-03T22:25:38+00:00,,missing_exit_fill
2026-03-03,acc04,7,HIPPOUSDT,22.71,1,7346b2fa-f0f7-4cd5-96f1-97cd2880aab4,2026-03-02,2026-03-02T23:40:13+00:00,2026-03-03T07:40:13+08:00,1,307,CLOSED_SL,STOP_LOSS_FILLED,0.0007633722058,,,2026-03-02T23:40:13+00:00,2026-03-04T09:35:46+00:00,,missing_exit_fill
2026-03-03,acc04,8,1000RATSUSDT,22.33,1,7346b2fa-f0f7-4cd5-96f1-97cd2880aab4,2026-03-02,2026-03-02T23:40:13+00:00,2026-03-03T07:40:13+08:00,1,310,CLOSED_EXTERNAL,SHORT_POSITION_NOT_FOUND,0.0382235740741,,,2026-03-02T23:40:13+00:00,2026-03-03T03:55:48+00:00,,missing_exit_fill
2026-03-03,acc04,9,AIOUSDT,21.41,1,7346b2fa-f0f7-4cd5-96f1-97cd2880aab4,2026-03-02,2026-03-02T23:40:13+00:00,2026-03-03T07:40:13+08:00,1,312,CLOSED_SL,STOP_LOSS_FILLED,0.0838707308585,,,2026-03-02T23:40:13+00:00,2026-03-03T06:13:47+00:00,,missing_exit_fill
2026-03-03,acc04,10,GRASSUSDT,20.68,1,7346b2fa-f0f7-4cd5-96f1-97cd2880aab4,2026-03-02,2026-03-02T23:40:13+00:00,2026-03-03T07:40:13+08:00,1,313,CLOSED_SL,STOP_LOSS_FILLED,0.3113,,,2026-03-02T23:40:13+00:00,2026-03-03T04:04:48+00:00,,missing_exit_fill
2026-03-04,acc01,1,PHAUSDT,45.5,1,743c4a86-c13e-47d6-9b0f-390316f61290,2026-03-03,2026-03-03T23:40:13+00:00,2026-03-04T07:40:13+08:00,1,323,CLOSED_SL,STOP_LOSS_FILLED,0.04184,,,2026-03-03T23:40:13+00:00,2026-03-04T08:45:46+00:00,,missing_exit_fill
2026-03-04,acc01,2,AIXBTUSDT,23.56,1,743c4a86-c13e-47d6-9b0f-390316f61290,2026-03-03,2026-03-03T23:40:13+00:00,2026-03-04T07:40:13+08:00,1,325,CLOSED_EXTERNAL,SHORT_POSITION_NOT_FOUND,0.02883,,,2026-03-03T23:40:13+00:00,2026-03-04T03:55:31+00:00,,missing_exit_fill
2026-03-04,acc01,3,RIVERUSDT,23.0,1,743c4a86-c13e-47d6-9b0f-390316f61290,2026-03-03,2026-03-03T23:40:13+00:00,2026-03-04T07:40:13+08:00,1,327,CLOSED_EXTERNAL,SHORT_POSITION_NOT_FOUND,18.468,,,2026-03-03T23:40:13+00:00,2026-03-04T03:55:31+00:00,,missing_exit_fill
2026-03-04,acc01,4,FORMUSDT,19.47,1,743c4a86-c13e-47d6-9b0f-390316f61290,2026-03-03,2026-03-03T23:40:13+00:00,2026-03-04T07:40:13+08:00,1,330,CLOSED_EXTERNAL,SHORT_POSITION_NOT_FOUND,0.3279423471665,,,2026-03-03T23:40:13+00:00,2026-03-04T03:55:31+00:00,,missing_exit_fill
2026-03-04,acc01,5,TAUSDT,17.31,1,743c4a86-c13e-47d6-9b0f-390316f61290,2026-03-03,2026-03-03T23:40:13+00:00,2026-03-04T07:40:13+08:00,1,332,CLOSED_EXTERNAL,SHORT_POSITION_NOT_FOUND,0.0470496808511,,,2026-03-03T23:40:14+00:00,2026-03-04T03:55:31+00:00,,missing_exit_fill
2026-03-04,acc01,6,1000RATSUSDT,16.87,1,743c4a86-c13e-47d6-9b0f-390316f61290,2026-03-03,2026-03-03T23:40:13+00:00,2026-03-04T07:40:13+08:00,1,335,CLOSED_EXTERNAL,SHORT_POSITION_NOT_FOUND,0.0454806859994,,,2026-03-03T23:40:14+00:00,2026-03-04T03:55:31+00:00,,missing_exit_fill
2026-03-04,acc01,7,USUALUSDT,16.24,1,743c4a86-c13e-47d6-9b0f-390316f61290,2026-03-03,2026-03-03T23:40:13+00:00,2026-03-04T07:40:13+08:00,1,338,CLOSED_SL,STOP_LOSS_FILLED,0.01602,,,2026-03-03T23:40:14+00:00,2026-03-04T15:17:45+00:00,,missing_exit_fill
2026-03-04,acc01,8,BANANAS31USDT,14.29,1,743c4a86-c13e-47d6-9b0f-390316f61290,2026-03-03,2026-03-03T23:40:13+00:00,2026-03-04T07:40:13+08:00,0,,,,,,,,,,rank_symbol_not_opened
2026-03-04,acc01,9,SAHARAUSDT,14.13,1,743c4a86-c13e-47d6-9b0f-390316f61290,2026-03-03,2026-03-03T23:40:13+00:00,2026-03-04T07:40:13+08:00,1,342,CLOSED_EXTERNAL,SHORT_POSITION_NOT_FOUND,0.02988,,,2026-03-03T23:40:14+00:00,2026-03-04T03:55:32+00:00,,missing_exit_fill
2026-03-04,acc01,10,DODOXUSDT,12.79,1,743c4a86-c13e-47d6-9b0f-390316f61290,2026-03-03,2026-03-03T23:40:13+00:00,2026-03-04T07:40:13+08:00,0,,,,,,,,,,rank_symbol_not_opened
2026-03-04,acc02,1,PHAUSDT,45.5,1,2f0a95cd-4f9b-4f85-9d6d-eb5bc0dd4ee8,2026-03-03,2026-03-03T23:45:00+00:00,2026-03-04T07:45:00+08:00,1,353,CLOSED_SL,STOP_LOSS_FILLED,0.04085,,,2026-03-03T23:45:30+00:00,2026-03-04T08:45:45+00:00,,missing_exit_fill
2026-03-04,acc02,2,AIXBTUSDT,23.56,1,2f0a95cd-4f9b-4f85-9d6d-eb5bc0dd4ee8,2026-03-03,2026-03-03T23:45:00+00:00,2026-03-04T07:45:00+08:00,1,354,CLOSED_SL,STOP_LOSS_FILLED,0.02897,,,2026-03-03T23:46:00+00:00,2026-03-04T09:42:45+00:00,,missing_exit_fill
2026-03-04,acc02,3,RIVERUSDT,23.0,1,2f0a95cd-4f9b-4f85-9d6d-eb5bc0dd4ee8,2026-03-03,2026-03-03T23:45:00+00:00,2026-03-04T07:45:00+08:00,1,355,CLOSED_EXTERNAL,SHORT_POSITION_NOT_FOUND,18.52,,,2026-03-03T23:46:30+00:00,2026-03-04T03:55:31+00:00,,missing_exit_fill
2026-03-04,acc02,4,FORMUSDT,19.47,1,2f0a95cd-4f9b-4f85-9d6d-eb5bc0dd4ee8,2026-03-03,2026-03-03T23:45:00+00:00,2026-03-04T07:45:00+08:00,1,356,CLOSED_EXTERNAL,SHORT_POSITION_NOT_FOUND,0.3318288807269,,,2026-03-03T23:47:00+00:00,2026-03-04T03:55:31+00:00,,missing_exit_fill
2026-03-04,acc02,5,TAUSDT,17.31,1,2f0a95cd-4f9b-4f85-9d6d-eb5bc0dd4ee8,2026-03-03,2026-03-03T23:45:00+00:00,2026-03-04T07:45:00+08:00,1,357,CLOSED_EXTERNAL,SHORT_POSITION_NOT_FOUND,0.0473,,,2026-03-03T23:47:30+00:00,2026-03-04T03:55:31+00:00,,missing_exit_fill
2026-03-04,acc02,6,1000RATSUSDT,16.87,1,2f0a95cd-4f9b-4f85-9d6d-eb5bc0dd4ee8,2026-03-03,2026-03-03T23:45:00+00:00,2026-03-04T07:45:00+08:00,1,358,CLOSED_EXTERNAL,SHORT_POSITION_NOT_FOUND,0.0453241518099,,,2026-03-03T23:48:00+00:00,2026-03-04T03:55:31+00:00,,missing_exit_fill
2026-03-04,acc02,7,USUALUSDT,16.24,1,2f0a95cd-4f9b-4f85-9d6d-eb5bc0dd4ee8,2026-03-03,2026-03-03T23:45:00+00:00,2026-03-04T07:45:00+08:00,1,359,CLOSED_SL,STOP_LOSS_FILLED,0.0162246281149,,,2026-03-03T23:48:30+00:00,2026-03-04T05:41:30+00:00,,missing_exit_fill
2026-03-04,acc02,8,BANANAS31USDT,14.29,1,2f0a95cd-4f9b-4f85-9d6d-eb5bc0dd4ee8,2026-03-03,2026-03-03T23:45:00+00:00,2026-03-04T07:45:00+08:00,0,,,,,,,,,,rank_symbol_not_opened
2026-03-04,acc02,9,SAHARAUSDT,14.13,1,2f0a95cd-4f9b-4f85-9d6d-eb5bc0dd4ee8,2026-03-03,2026-03-03T23:45:00+00:00,2026-03-04T07:45:00+08:00,1,361,CLOSED_EXTERNAL,SHORT_POSITION_NOT_FOUND,0.02988,,,2026-03-03T23:49:30+00:00,2026-03-04T03:55:31+00:00,,missing_exit_fill
2026-03-04,acc02,10,DODOXUSDT,12.79,1,2f0a95cd-4f9b-4f85-9d6d-eb5bc0dd4ee8,2026-03-03,2026-03-03T23:45:00+00:00,2026-03-04T07:45:00+08:00,0,,,,,,,,,,rank_symbol_not_opened
2026-03-04,acc03,1,PHAUSDT,45.5,1,9906d41e-904a-444b-9cfd-2e1d4314af1b,2026-03-03,2026-03-03T23:40:13+00:00,2026-03-04T07:40:13+08:00,1,324,CLOSED_SL,STOP_LOSS_FILLED,0.0418402892562,,,2026-03-03T23:40:13+00:00,2026-03-04T08:45:45+00:00,,missing_exit_fill
2026-03-04,acc03,2,AIXBTUSDT,23.56,1,9906d41e-904a-444b-9cfd-2e1d4314af1b,2026-03-03,2026-03-03T23:40:13+00:00,2026-03-04T07:40:13+08:00,1,328,CLOSED_SL,STOP_LOSS_FILLED,0.0288278186715,,,2026-03-03T23:40:13+00:00,2026-03-04T09:42:45+00:00,,missing_exit_fill
2026-03-04,acc03,3,RIVERUSDT,23.0,1,9906d41e-904a-444b-9cfd-2e1d4314af1b,2026-03-03,2026-03-03T23:40:13+00:00,2026-03-04T07:40:13+08:00,1,331,CLOSED_SL,STOP_LOSS_FILLED,18.46782692308,,,2026-03-03T23:40:13+00:00,2026-03-04T05:07:31+00:00,,missing_exit_fill
2026-03-04,acc03,4,FORMUSDT,19.47,1,9906d41e-904a-444b-9cfd-2e1d4314af1b,2026-03-03,2026-03-03T23:40:13+00:00,2026-03-04T07:40:13+08:00,1,334,CLOSED_SL,STOP_LOSS_FILLED,0.3279350042337,,,2026-03-03T23:40:14+00:00,2026-03-04T04:00:30+00:00,,missing_exit_fill
2026-03-04,acc03,5,TAUSDT,17.31,1,9906d41e-904a-444b-9cfd-2e1d4314af1b,2026-03-03,2026-03-03T23:40:13+00:00,2026-03-04T07:40:13+08:00,1,337,CLOSED_SL,STOP_LOSS_FILLED,0.047024274529,,,2026-03-03T23:40:14+00:00,2026-03-04T06:22:46+00:00,,missing_exit_fill
2026-03-04,acc03,6,1000RATSUSDT,16.87,1,9906d41e-904a-444b-9cfd-2e1d4314af1b,2026-03-03,2026-03-03T23:40:13+00:00,2026-03-04T07:40:13+08:00,1,340,CLOSED_SL,STOP_LOSS_FILLED,0.04548,,,2026-03-03T23:40:14+00:00,2026-03-04T05:06:30+00:00,,missing_exit_fill
2026-03-04,acc03,7,USUALUSDT,16.24,1,9906d41e-904a-444b-9cfd-2e1d4314af1b,2026-03-03,2026-03-03T23:40:13+00:00,2026-03-04T07:40:13+08:00,1,344,CLOSED_SL,STOP_LOSS_FILLED,0.01602,,,2026-03-03T23:40:14+00:00,2026-03-04T15:17:45+00:00,,missing_exit_fill
2026-03-04,acc03,8,BANANAS31USDT,14.29,1,9906d41e-904a-444b-9cfd-2e1d4314af1b,2026-03-03,2026-03-03T23:40:13+00:00,2026-03-04T07:40:13+08:00,0,,,,,,,,,,rank_symbol_not_opened
2026-03-04,acc03,9,SAHARAUSDT,14.13,1,9906d41e-904a-444b-9cfd-2e1d4314af1b,2026-03-03,2026-03-03T23:40:13+00:00,2026-03-04T07:40:13+08:00,1,348,CLOSED_TIMEOUT,MAX_HOLD_EXCEEDED,0.0297801702554,0.02876,0.02623862776025236,2026-03-03T23:40:14+00:00,2026-03-05T23:11:05+00:00,11.892284244095134,entry_to_exit_fill
2026-03-04,acc03,10,DODOXUSDT,12.79,1,9906d41e-904a-444b-9cfd-2e1d4314af1b,2026-03-03,2026-03-03T23:40:13+00:00,2026-03-04T07:40:13+08:00,0,,,,,,,,,,rank_symbol_not_opened
2026-03-04,acc04,1,PHAUSDT,45.5,1,12994cc5-cf41-49f9-8ce6-035238e08562,2026-03-03,2026-03-03T23:40:13+00:00,2026-03-04T07:40:13+08:00,1,326,CLOSED_SL,STOP_LOSS_FILLED,0.04184,,,2026-03-03T23:40:13+00:00,2026-03-04T08:45:46+00:00,,missing_exit_fill
2026-03-04,acc04,2,AIXBTUSDT,23.56,1,12994cc5-cf41-49f9-8ce6-035238e08562,2026-03-03,2026-03-03T23:40:13+00:00,2026-03-04T07:40:13+08:00,1,329,CLOSED_EXTERNAL,SHORT_POSITION_NOT_FOUND,0.02882,,,2026-03-03T23:40:13+00:00,2026-03-04T03:55:31+00:00,,missing_exit_fill
2026-03-04,acc04,3,RIVERUSDT,23.0,1,12994cc5-cf41-49f9-8ce6-035238e08562,2026-03-03,2026-03-03T23:40:13+00:00,2026-03-04T07:40:13+08:00,1,333,CLOSED_EXTERNAL,SHORT_POSITION_NOT_FOUND,18.467,,,2026-03-03T23:40:14+00:00,2026-03-04T03:55:32+00:00,,missing_exit_fill
2026-03-04,acc04,4,FORMUSDT,19.47,1,12994cc5-cf41-49f9-8ce6-035238e08562,2026-03-03,2026-03-03T23:40:13+00:00,2026-03-04T07:40:13+08:00,1,336,CLOSED_EXTERNAL,SHORT_POSITION_NOT_FOUND,0.328,,,2026-03-03T23:40:14+00:00,2026-03-04T03:55:32+00:00,,missing_exit_fill
2026-03-04,acc04,5,TAUSDT,17.31,1,12994cc5-cf41-49f9-8ce6-035238e08562,2026-03-03,2026-03-03T23:40:13+00:00,2026-03-04T07:40:13+08:00,1,339,CLOSED_EXTERNAL,SHORT_POSITION_NOT_FOUND,0.0470066028226,,,2026-03-03T23:40:14+00:00,2026-03-04T03:55:32+00:00,,missing_exit_fill
2026-03-04,acc04,6,1000RATSUSDT,16.87,1,12994cc5-cf41-49f9-8ce6-035238e08562,2026-03-03,2026-03-03T23:40:13+00:00,2026-03-04T07:40:13+08:00,1,343,CLOSED_EXTERNAL,SHORT_POSITION_NOT_FOUND,0.0454792980175,,,2026-03-03T23:40:14+00:00,2026-03-04T03:55:32+00:00,,missing_exit_fill
2026-03-04,acc04,7,USUALUSDT,16.24,1,12994cc5-cf41-49f9-8ce6-035238e08562,2026-03-03,2026-03-03T23:40:13+00:00,2026-03-04T07:40:13+08:00,1,347,CLOSED_SL,STOP_LOSS_FILLED,0.01601835908,,,2026-03-03T23:40:14+00:00,2026-03-04T15:17:45+00:00,,missing_exit_fill
2026-03-04,acc04,8,BANANAS31USDT,14.29,1,12994cc5-cf41-49f9-8ce6-035238e08562,2026-03-03,2026-03-03T23:40:13+00:00,2026-03-04T07:40:13+08:00,0,,,,,,,,,,rank_symbol_not_opened
2026-03-04,acc04,9,SAHARAUSDT,14.13,1,12994cc5-cf41-49f9-8ce6-035238e08562,2026-03-03,2026-03-03T23:40:13+00:00,2026-03-04T07:40:13+08:00,1,351,CLOSED_EXTERNAL,SHORT_POSITION_NOT_FOUND,0.02988,,,2026-03-03T23:40:14+00:00,2026-03-04T03:55:32+00:00,,missing_exit_fill
2026-03-04,acc04,10,DODOXUSDT,12.79,1,12994cc5-cf41-49f9-8ce6-035238e08562,2026-03-03,2026-03-03T23:40:13+00:00,2026-03-04T07:40:13+08:00,0,,,,,,,,,,rank_symbol_not_opened
2026-03-05,acc01,1,MANTRAUSDT,58.49,1,5e40d4cf-51c4-4bb8-b7d8-ae68d1fb132f,2026-03-04,2026-03-04T23:40:13+00:00,2026-03-05T07:40:13+08:00,0,,,,,,,,,,rank_symbol_not_opened
2026-03-05,acc01,2,PHAUSDT,29.29,1,5e40d4cf-51c4-4bb8-b7d8-ae68d1fb132f,2026-03-04,2026-03-04T23:40:13+00:00,2026-03-05T07:40:13+08:00,1,362,CLOSED_EXTERNAL,SHORT_POSITION_NOT_FOUND,0.0474071674491,0.0474,,2026-03-04T23:40:13+00:00,2026-03-05T03:55:04+00:00,,missing_exit_fill
2026-03-05,acc01,3,CYSUSDT,19.76,1,5e40d4cf-51c4-4bb8-b7d8-ae68d1fb132f,2026-03-04,2026-03-04T23:40:13+00:00,2026-03-05T07:40:13+08:00,1,364,CLOSED_EXTERNAL,SHORT_POSITION_NOT_FOUND,0.3786700623701,0.3784,,2026-03-04T23:40:13+00:00,2026-03-05T03:55:04+00:00,,missing_exit_fill
2026-03-05,acc01,4,GIGGLEUSDT,18.29,1,5e40d4cf-51c4-4bb8-b7d8-ae68d1fb132f,2026-03-04,2026-03-04T23:40:13+00:00,2026-03-05T07:40:13+08:00,1,366,CLOSED_TIMEOUT,MAX_HOLD_EXCEEDED,31.89304195804,31.870000000000005,28.195664335664333,2026-03-04T23:40:13+00:00,2026-03-06T23:10:43+00:00,11.593054144035913,entry_to_exit_fill
2026-03-05,acc01,5,RIFUSDT,16.54,1,5e40d4cf-51c4-4bb8-b7d8-ae68d1fb132f,2026-03-04,2026-03-04T23:40:13+00:00,2026-03-05T07:40:13+08:00,1,369,CLOSED_TIMEOUT,MAX_HOLD_EXCEEDED,0.0361756862357,0.03616,0.03432701705672352,2026-03-04T23:40:13+00:00,2026-03-06T23:10:43+00:00,5.11025324283169,entry_to_exit_fill
2026-03-05,acc01,6,ALLOUSDT,15.73,1,5e40d4cf-51c4-4bb8-b7d8-ae68d1fb132f,2026-03-04,2026-03-04T23:40:13+00:00,2026-03-05T07:40:13+08:00,1,371,CLOSED_EXTERNAL,SHORT_POSITION_NOT_FOUND,0.1207134834437,0.12062000000000002,,2026-03-04T23:40:13+00:00,2026-03-05T03:55:04+00:00,,missing_exit_fill
2026-03-05,acc01,7,COOKIEUSDT,15.65,1,5e40d4cf-51c4-4bb8-b7d8-ae68d1fb132f,2026-03-04,2026-03-04T23:40:13+00:00,2026-03-05T07:40:13+08:00,1,374,CLOSED_SL,STOP_LOSS_FILLED,0.02251,0.02251,,2026-03-04T23:40:13+00:00,2026-03-05T04:13:05+00:00,,missing_exit_fill
2026-03-05,acc01,8,TAGUSDT,15.42,1,5e40d4cf-51c4-4bb8-b7d8-ae68d1fb132f,2026-03-04,2026-03-04T23:40:13+00:00,2026-03-05T07:40:13+08:00,1,377,CLOSED_EXTERNAL,SHORT_POSITION_NOT_FOUND,0.0004256,0.00042560000000000005,,2026-03-04T23:40:13+00:00,2026-03-05T03:55:04+00:00,,missing_exit_fill
2026-03-05,acc01,9,AZTECUSDT,14.29,1,5e40d4cf-51c4-4bb8-b7d8-ae68d1fb132f,2026-03-04,2026-03-04T23:40:13+00:00,2026-03-05T07:40:13+08:00,1,380,CLOSED_SL,STOP_LOSS_FILLED,0.0234580015432,0.02344,0.02144,2026-03-04T23:40:13+00:00,2026-03-06T05:15:43+00:00,8.602614930703584,entry_to_exit_fill
2026-03-05,acc01,10,HIPPOUSDT,14.23,1,5e40d4cf-51c4-4bb8-b7d8-ae68d1fb132f,2026-03-04,2026-03-04T23:40:13+00:00,2026-03-05T07:40:13+08:00,1,383,CLOSED_TIMEOUT,MAX_HOLD_EXCEEDED,0.0008258879372,0.0008257,0.0007436853834115806,2026-03-04T23:40:13+00:00,2026-03-06T23:10:43+00:00,9.953233372933127,entry_to_exit_fill
2026-03-05,acc02,1,MANTRAUSDT,58.49,1,c077a3f6-02e1-47de-b05b-50141d4a0d6c,2026-03-04,2026-03-04T23:45:00+00:00,2026-03-05T07:45:00+08:00,0,,,,,,,,,,rank_symbol_not_opened
2026-03-05,acc02,2,PHAUSDT,29.29,1,c077a3f6-02e1-47de-b05b-50141d4a0d6c,2026-03-04,2026-03-04T23:45:00+00:00,2026-03-05T07:45:00+08:00,1,389,CLOSED_EXTERNAL,SHORT_POSITION_NOT_FOUND,0.0469873884834,0.04751,,2026-03-04T23:46:00+00:00,2026-03-05T03:55:04+00:00,,missing_exit_fill
2026-03-05,acc02,3,CYSUSDT,19.76,1,c077a3f6-02e1-47de-b05b-50141d4a0d6c,2026-03-04,2026-03-04T23:45:00+00:00,2026-03-05T07:45:00+08:00,1,390,CLOSED_EXTERNAL,SHORT_POSITION_NOT_FOUND,0.3788495689655,0.3793,,2026-03-04T23:46:30+00:00,2026-03-05T03:55:04+00:00,,missing_exit_fill
2026-03-05,acc02,4,GIGGLEUSDT,18.29,1,c077a3f6-02e1-47de-b05b-50141d4a0d6c,2026-03-04,2026-03-04T23:45:00+00:00,2026-03-05T07:45:00+08:00,1,391,CLOSED_TIMEOUT,MAX_HOLD_EXCEEDED,31.75619565217,32.09,28.25032608695652,2026-03-04T23:47:00+00:00,2026-03-06T23:17:43+00:00,11.039954544976842,entry_to_exit_fill
2026-03-05,acc02,5,RIFUSDT,16.54,1,c077a3f6-02e1-47de-b05b-50141d4a0d6c,2026-03-04,2026-03-04T23:45:00+00:00,2026-03-05T07:45:00+08:00,1,392,CLOSED_TIMEOUT,MAX_HOLD_EXCEEDED,0.0363279930228,0.03631,0.03434564385388878,2026-03-04T23:47:31+00:00,2026-03-06T23:17:43+00:00,5.456808934275744,entry_to_exit_fill
2026-03-05,acc02,6,ALLOUSDT,15.73,1,c077a3f6-02e1-47de-b05b-50141d4a0d6c,2026-03-04,2026-03-04T23:45:00+00:00,2026-03-05T07:45:00+08:00,1,393,CLOSED_EXTERNAL,SHORT_POSITION_NOT_FOUND,0.1200917695473,0.12046999999999998,,2026-03-04T23:48:01+00:00,2026-03-05T03:55:04+00:00,,missing_exit_fill
2026-03-05,acc02,7,COOKIEUSDT,15.65,1,c077a3f6-02e1-47de-b05b-50141d4a0d6c,2026-03-04,2026-03-04T23:45:00+00:00,2026-03-05T07:45:00+08:00,1,394,CLOSED_SL,STOP_LOSS_FILLED,0.0224106207602,0.0224,,2026-03-04T23:48:31+00:00,2026-03-05T04:13:05+00:00,,missing_exit_fill
2026-03-05,acc02,8,TAGUSDT,15.42,1,c077a3f6-02e1-47de-b05b-50141d4a0d6c,2026-03-04,2026-03-04T23:45:00+00:00,2026-03-05T07:45:00+08:00,1,395,CLOSED_EXTERNAL,SHORT_POSITION_NOT_FOUND,0.0004241699183,0.0004239,,2026-03-04T23:49:01+00:00,2026-03-05T03:55:04+00:00,,missing_exit_fill
2026-03-05,acc02,9,AZTECUSDT,14.29,1,c077a3f6-02e1-47de-b05b-50141d4a0d6c,2026-03-04,2026-03-04T23:45:00+00:00,2026-03-05T07:45:00+08:00,1,396,CLOSED_SL,STOP_LOSS_FILLED,0.0235640085174,0.023600000000000003,0.0214,2026-03-04T23:49:31+00:00,2026-03-06T05:15:43+00:00,9.183533080978414,entry_to_exit_fill
2026-03-05,acc02,10,HIPPOUSDT,14.23,1,c077a3f6-02e1-47de-b05b-50141d4a0d6c,2026-03-04,2026-03-04T23:45:00+00:00,2026-03-05T07:45:00+08:00,1,397,CLOSED_TIMEOUT,MAX_HOLD_EXCEEDED,0.000824530571,0.0008244,0.0007453734839415407,2026-03-04T23:50:01+00:00,2026-03-06T23:20:43+00:00,9.600261026399135,entry_to_exit_fill
2026-03-05,acc03,1,MANTRAUSDT,58.49,1,344eb04b-a790-4ff8-b920-42c9f914134b,2026-03-04,2026-03-04T23:40:13+00:00,2026-03-05T07:40:13+08:00,0,,,,,,,,,,rank_symbol_not_opened
2026-03-05,acc03,2,PHAUSDT,29.29,1,344eb04b-a790-4ff8-b920-42c9f914134b,2026-03-04,2026-03-04T23:40:13+00:00,2026-03-05T07:40:13+08:00,1,373,CLOSED_SL,STOP_LOSS_FILLED,0.0474007931316,0.04739899999999999,,2026-03-04T23:40:13+00:00,2026-03-05T07:33:04+00:00,,missing_exit_fill
2026-03-05,acc03,3,CYSUSDT,19.76,1,344eb04b-a790-4ff8-b920-42c9f914134b,2026-03-04,2026-03-04T23:40:13+00:00,2026-03-05T07:40:13+08:00,1,376,CLOSED_SL,STOP_LOSS_FILLED,0.3784,0.37840000000000007,,2026-03-04T23:40:13+00:00,2026-03-05T07:13:04+00:00,,missing_exit_fill
2026-03-05,acc03,4,GIGGLEUSDT,18.29,1,344eb04b-a790-4ff8-b920-42c9f914134b,2026-03-04,2026-03-04T23:40:13+00:00,2026-03-05T07:40:13+08:00,1,379,CLOSED_TIMEOUT,MAX_HOLD_EXCEEDED,31.87893967093,31.87,28.18614259597806,2026-03-04T23:40:13+00:00,2026-03-06T23:10:43+00:00,11.583813994664807,entry_to_exit_fill
2026-03-05,acc03,5,RIFUSDT,16.54,1,344eb04b-a790-4ff8-b920-42c9f914134b,2026-03-04,2026-03-04T23:40:13+00:00,2026-03-05T07:40:13+08:00,1,382,CLOSED_TIMEOUT,MAX_HOLD_EXCEEDED,0.03616,0.03616,0.034306038860103624,2026-03-04T23:40:13+00:00,2026-03-06T23:10:43+00:00,5.127104922279794,entry_to_exit_fill
2026-03-05,acc03,6,ALLOUSDT,15.73,1,344eb04b-a790-4ff8-b920-42c9f914134b,2026-03-04,2026-03-04T23:40:13+00:00,2026-03-05T07:40:13+08:00,1,384,CLOSED_SL,STOP_LOSS_FILLED,0.1206152285319,0.12062,0.115696,2026-03-04T23:40:14+00:00,2026-03-06T09:38:43+00:00,4.078447300374664,entry_to_exit_fill
2026-03-05,acc03,7,COOKIEUSDT,15.65,1,344eb04b-a790-4ff8-b920-42c9f914134b,2026-03-04,2026-03-04T23:40:13+00:00,2026-03-05T07:40:13+08:00,1,385,CLOSED_SL,STOP_LOSS_FILLED,0.0225094094081,0.022509999999999995,,2026-03-04T23:40:14+00:00,2026-03-05T04:13:05+00:00,,missing_exit_fill
2026-03-05,acc03,8,TAGUSDT,15.42,1,344eb04b-a790-4ff8-b920-42c9f914134b,2026-03-04,2026-03-04T23:40:13+00:00,2026-03-05T07:40:13+08:00,1,386,CLOSED_SL,STOP_LOSS_FILLED,0.0004256,0.0004256,,2026-03-04T23:40:14+00:00,2026-03-05T04:00:06+00:00,,missing_exit_fill
2026-03-05,acc03,9,AZTECUSDT,14.29,1,344eb04b-a790-4ff8-b920-42c9f914134b,2026-03-04,2026-03-04T23:40:13+00:00,2026-03-05T07:40:13+08:00,1,387,CLOSED_SL,STOP_LOSS_FILLED,0.0234490001344,0.023440000000000003,0.02144,2026-03-04T23:40:14+00:00,2026-03-06T05:15:43+00:00,8.567530056229426,entry_to_exit_fill
2026-03-05,acc03,10,HIPPOUSDT,14.23,1,344eb04b-a790-4ff8-b920-42c9f914134b,2026-03-04,2026-03-04T23:40:13+00:00,2026-03-05T07:40:13+08:00,1,388,CLOSED_TIMEOUT,MAX_HOLD_EXCEEDED,0.0008257800028,0.0008256,0.000743345629097943,2026-03-04T23:40:14+00:00,2026-03-06T23:10:43+00:00,9.982607162021843,entry_to_exit_fill
2026-03-05,acc04,1,MANTRAUSDT,58.49,1,e931ed6d-63c9-4307-97b4-e49ba693f7ed,2026-03-04,2026-03-04T23:40:13+00:00,2026-03-05T07:40:13+08:00,0,,,,,,,,,,rank_symbol_not_opened
2026-03-05,acc04,2,PHAUSDT,29.29,1,e931ed6d-63c9-4307-97b4-e49ba693f7ed,2026-03-04,2026-03-04T23:40:13+00:00,2026-03-05T07:40:13+08:00,1,363,CLOSED_EXTERNAL,SHORT_POSITION_NOT_FOUND,0.0474098846257,0.0474088,,2026-03-04T23:40:13+00:00,2026-03-05T03:55:04+00:00,,missing_exit_fill
2026-03-05,acc04,3,CYSUSDT,19.76,1,e931ed6d-63c9-4307-97b4-e49ba693f7ed,2026-03-04,2026-03-04T23:40:13+00:00,2026-03-05T07:40:13+08:00,1,365,CLOSED_EXTERNAL,SHORT_POSITION_NOT_FOUND,0.3785730192719,0.3784,,2026-03-04T23:40:13+00:00,2026-03-05T03:55:05+00:00,,missing_exit_fill
2026-03-05,acc04,4,GIGGLEUSDT,18.29,1,e931ed6d-63c9-4307-97b4-e49ba693f7ed,2026-03-04,2026-03-04T23:40:13+00:00,2026-03-05T07:40:13+08:00,1,367,CLOSED_TIMEOUT,MAX_HOLD_EXCEEDED,31.88802158273,31.87,28.202086336690645,2026-03-04T23:40:13+00:00,2026-03-06T23:10:43+00:00,11.558996334961073,entry_to_exit_fill
2026-03-05,acc04,5,RIFUSDT,16.54,1,e931ed6d-63c9-4307-97b4-e49ba693f7ed,2026-03-04,2026-03-04T23:40:13+00:00,2026-03-05T07:40:13+08:00,1,368,CLOSED_TIMEOUT,MAX_HOLD_EXCEEDED,0.0361804200652,0.03616,0.0343323322593801,2026-03-04T23:40:13+00:00,2026-03-06T23:10:43+00:00,5.107977747327147,entry_to_exit_fill
2026-03-05,acc04,6,ALLOUSDT,15.73,1,e931ed6d-63c9-4307-97b4-e49ba693f7ed,2026-03-04,2026-03-04T23:40:13+00:00,2026-03-05T07:40:13+08:00,1,370,CLOSED_EXTERNAL,SHORT_POSITION_NOT_FOUND,0.1207283310626,0.12062,,2026-03-04T23:40:13+00:00,2026-03-05T03:55:05+00:00,,missing_exit_fill
2026-03-05,acc04,7,COOKIEUSDT,15.65,1,e931ed6d-63c9-4307-97b4-e49ba693f7ed,2026-03-04,2026-03-04T23:40:13+00:00,2026-03-05T07:40:13+08:00,1,372,CLOSED_SL,STOP_LOSS_FILLED,0.02251,0.02251,,2026-03-04T23:40:13+00:00,2026-03-05T04:13:05+00:00,,missing_exit_fill
2026-03-05,acc04,8,TAGUSDT,15.42,1,e931ed6d-63c9-4307-97b4-e49ba693f7ed,2026-03-04,2026-03-04T23:40:13+00:00,2026-03-05T07:40:13+08:00,1,375,CLOSED_EXTERNAL,SHORT_POSITION_NOT_FOUND,0.0004256,0.00042559999999999994,,2026-03-04T23:40:13+00:00,2026-03-05T03:55:05+00:00,,missing_exit_fill
2026-03-05,acc04,9,AZTECUSDT,14.29,1,e931ed6d-63c9-4307-97b4-e49ba693f7ed,2026-03-04,2026-03-04T23:40:13+00:00,2026-03-05T07:40:13+08:00,1,378,CLOSED_SL,STOP_LOSS_FILLED,0.023458000529,0.02344,0.02144,2026-03-04T23:40:13+00:00,2026-03-06T05:15:44+00:00,8.602610979163556,entry_to_exit_fill
2026-03-05,acc04,10,HIPPOUSDT,14.23,1,e931ed6d-63c9-4307-97b4-e49ba693f7ed,2026-03-04,2026-03-04T23:40:13+00:00,2026-03-05T07:40:13+08:00,1,381,CLOSED_TIMEOUT,MAX_HOLD_EXCEEDED,0.0008260533546,0.0008258,0.0007441953527644568,2026-03-04T23:40:13+00:00,2026-03-06T23:10:43+00:00,9.909529618117865,entry_to_exit_fill
2026-03-06,acc01,1,BARDUSDT,54.58,1,6e8e403b-ded9-4218-8479-329faeaa68a5,2026-03-05,2026-03-05T23:40:13+00:00,2026-03-06T07:40:13+08:00,1,398,CLOSED_TP,TAKE_PROFIT_FILLED,1.640376829268,1.6399875,,2026-03-05T23:40:14+00:00,2026-03-06T16:16:43+00:00,,missing_exit_fill
2026-03-06,acc01,2,HUSDT,44.27,1,6e8e403b-ded9-4218-8479-329faeaa68a5,2026-03-05,2026-03-05T23:40:13+00:00,2026-03-06T07:40:13+08:00,1,399,CLOSED_EXTERNAL,SHORT_POSITION_NOT_FOUND,0.1804411796247,0.18052,,2026-03-05T23:40:14+00:00,2026-03-06T03:55:44+00:00,,missing_exit_fill
2026-03-06,acc01,3,SIRENUSDT,29.02,1,6e8e403b-ded9-4218-8479-329faeaa68a5,2026-03-05,2026-03-05T23:40:13+00:00,2026-03-06T07:40:13+08:00,1,400,CLOSED_EXTERNAL,SHORT_POSITION_NOT_FOUND,0.4725180350877,0.4725,,2026-03-05T23:40:14+00:00,2026-03-06T03:55:44+00:00,,missing_exit_fill
2026-03-06,acc01,4,KITEUSDT,21.89,1,6e8e403b-ded9-4218-8479-329faeaa68a5,2026-03-05,2026-03-05T23:40:13+00:00,2026-03-06T07:40:13+08:00,1,403,CLOSED_EXTERNAL,SHORT_POSITION_NOT_FOUND,0.2731566322313,0.27315,,2026-03-05T23:40:14+00:00,2026-03-06T03:55:44+00:00,,missing_exit_fill
2026-03-06,acc01,5,AKEUSDT,20.91,1,6e8e403b-ded9-4218-8479-329faeaa68a5,2026-03-05,2026-03-05T23:40:13+00:00,2026-03-06T07:40:13+08:00,1,405,CLOSED_TP,TAKE_PROFIT_FILLED,0.0002911175065,0.000278,,2026-03-05T23:40:14+00:00,2026-03-07T05:12:35+00:00,,missing_exit_fill
2026-03-06,acc01,6,GWEIUSDT,19.82,1,6e8e403b-ded9-4218-8479-329faeaa68a5,2026-03-05,2026-03-05T23:40:13+00:00,2026-03-06T07:40:13+08:00,1,407,CLOSED_SL,STOP_LOSS_FILLED,0.0491647094156,,,2026-03-05T23:40:14+00:00,2026-03-06T06:57:43+00:00,,missing_exit_fill
2026-03-06,acc01,7,HUMAUSDT,17.05,1,6e8e403b-ded9-4218-8479-329faeaa68a5,2026-03-05,2026-03-05T23:40:13+00:00,2026-03-06T07:40:13+08:00,1,410,CLOSED_EXTERNAL,SHORT_POSITION_NOT_FOUND,0.0165095383264,,,2026-03-05T23:40:14+00:00,2026-03-06T03:55:44+00:00,,missing_exit_fill
2026-03-06,acc01,8,ORCAUSDT,15.26,1,6e8e403b-ded9-4218-8479-329faeaa68a5,2026-03-05,2026-03-05T23:40:13+00:00,2026-03-06T07:40:13+08:00,1,412,CLOSED_TIMEOUT,MAX_HOLD_EXCEEDED,1.00523521682,0.936,0.891,2026-03-05T23:40:14+00:00,2026-03-07T23:10:35+00:00,11.364028528703574,entry_to_exit_fill
2026-03-06,acc01,9,DAMUSDT,14.77,1,6e8e403b-ded9-4218-8479-329faeaa68a5,2026-03-05,2026-03-05T23:40:13+00:00,2026-03-06T07:40:13+08:00,1,415,CLOSED_SL,STOP_LOSS_FILLED,0.0351982651581,,,2026-03-05T23:40:14+00:00,2026-03-06T14:47:43+00:00,,missing_exit_fill
2026-03-06,acc01,10,VELVETUSDT,13.92,1,6e8e403b-ded9-4218-8479-329faeaa68a5,2026-03-05,2026-03-05T23:40:13+00:00,2026-03-06T07:40:13+08:00,0,,,,,,,,,,rank_symbol_not_opened
2026-03-06,acc02,1,BARDUSDT,54.58,1,2c0e2d85-c5fd-4fcb-a1c3-eee7c8ea0cad,2026-03-05,2026-03-05T23:45:00+00:00,2026-03-06T07:45:00+08:00,1,425,CLOSED_TP,TAKE_PROFIT_FILLED,1.631601282051,1.6376000000000002,,2026-03-05T23:45:33+00:00,2026-03-06T16:28:43+00:00,,missing_exit_fill
2026-03-06,acc02,2,HUSDT,44.27,1,2c0e2d85-c5fd-4fcb-a1c3-eee7c8ea0cad,2026-03-05,2026-03-05T23:45:00+00:00,2026-03-06T07:45:00+08:00,1,426,CLOSED_EXTERNAL,SHORT_POSITION_NOT_FOUND,0.1796173361227,0.18023,,2026-03-05T23:46:03+00:00,2026-03-06T03:55:44+00:00,,missing_exit_fill
2026-03-06,acc02,3,SIRENUSDT,29.02,1,2c0e2d85-c5fd-4fcb-a1c3-eee7c8ea0cad,2026-03-05,2026-03-05T23:45:00+00:00,2026-03-06T07:45:00+08:00,1,427,CLOSED_EXTERNAL,SHORT_POSITION_NOT_FOUND,0.4644837226277,0.46547000000000005,,2026-03-05T23:46:33+00:00,2026-03-06T03:55:44+00:00,,missing_exit_fill
2026-03-06,acc02,4,KITEUSDT,21.89,1,2c0e2d85-c5fd-4fcb-a1c3-eee7c8ea0cad,2026-03-05,2026-03-05T23:45:00+00:00,2026-03-06T07:45:00+08:00,1,428,CLOSED_EXTERNAL,SHORT_POSITION_NOT_FOUND,0.27398,0.27398,,2026-03-05T23:47:03+00:00,2026-03-06T03:55:44+00:00,,missing_exit_fill
2026-03-06,acc02,5,AKEUSDT,20.91,1,2c0e2d85-c5fd-4fcb-a1c3-eee7c8ea0cad,2026-03-05,2026-03-05T23:45:00+00:00,2026-03-06T07:45:00+08:00,1,429,CLOSED_TP,TAKE_PROFIT_FILLED,0.0002885685997,0.0002746,,2026-03-05T23:47:33+00:00,2026-03-07T05:18:34+00:00,,missing_exit_fill
2026-03-06,acc02,6,GWEIUSDT,19.82,1,2c0e2d85-c5fd-4fcb-a1c3-eee7c8ea0cad,2026-03-05,2026-03-05T23:45:00+00:00,2026-03-06T07:45:00+08:00,1,430,CLOSED_SL,STOP_LOSS_FILLED,0.0487358965808,,,2026-03-05T23:48:04+00:00,2026-03-06T06:57:43+00:00,,missing_exit_fill
2026-03-06,acc02,7,HUMAUSDT,17.05,1,2c0e2d85-c5fd-4fcb-a1c3-eee7c8ea0cad,2026-03-05,2026-03-05T23:45:00+00:00,2026-03-06T07:45:00+08:00,1,431,CLOSED_EXTERNAL,SHORT_POSITION_NOT_FOUND,0.0166891307833,,,2026-03-05T23:48:34+00:00,2026-03-06T03:55:44+00:00,,missing_exit_fill
2026-03-06,acc02,8,ORCAUSDT,15.26,1,2c0e2d85-c5fd-4fcb-a1c3-eee7c8ea0cad,2026-03-05,2026-03-05T23:45:00+00:00,2026-03-06T07:45:00+08:00,1,432,CLOSED_TIMEOUT,MAX_HOLD_EXCEEDED,1.009555099247,0.934,0.892,2026-03-05T23:49:04+00:00,2026-03-07T23:19:35+00:00,11.644247979598251,entry_to_exit_fill
2026-03-06,acc02,9,DAMUSDT,14.77,1,2c0e2d85-c5fd-4fcb-a1c3-eee7c8ea0cad,2026-03-05,2026-03-05T23:45:00+00:00,2026-03-06T07:45:00+08:00,1,433,CLOSED_SL,STOP_LOSS_FILLED,0.03509,,,2026-03-05T23:49:34+00:00,2026-03-06T14:47:43+00:00,,missing_exit_fill
2026-03-06,acc02,10,VELVETUSDT,13.92,1,2c0e2d85-c5fd-4fcb-a1c3-eee7c8ea0cad,2026-03-05,2026-03-05T23:45:00+00:00,2026-03-06T07:45:00+08:00,0,,,,,,,,,,rank_symbol_not_opened
2026-03-06,acc03,1,BARDUSDT,54.58,1,d3592b6d-7ccd-4282-8fe1-005e3735d03b,2026-03-05,2026-03-05T23:40:13+00:00,2026-03-06T07:40:13+08:00,1,402,CLOSED_TP,TAKE_PROFIT_FILLED,1.640230864198,1.6396,,2026-03-05T23:40:14+00:00,2026-03-06T16:16:43+00:00,,missing_exit_fill
2026-03-06,acc03,2,HUSDT,44.27,1,d3592b6d-7ccd-4282-8fe1-005e3735d03b,2026-03-05,2026-03-05T23:40:13+00:00,2026-03-06T07:40:13+08:00,1,406,CLOSED_SL,STOP_LOSS_FILLED,0.176962443439,0.16652691590909088,,2026-03-05T23:40:14+00:00,2026-03-07T05:56:35+00:00,,missing_exit_fill
2026-03-06,acc03,3,SIRENUSDT,29.02,1,d3592b6d-7ccd-4282-8fe1-005e3735d03b,2026-03-05,2026-03-05T23:40:13+00:00,2026-03-06T07:40:13+08:00,1,409,CLOSED_SL,STOP_LOSS_FILLED,0.4725182078853,0.4725,,2026-03-05T23:40:14+00:00,2026-03-06T15:55:43+00:00,,missing_exit_fill
2026-03-06,acc03,4,KITEUSDT,21.89,1,d3592b6d-7ccd-4282-8fe1-005e3735d03b,2026-03-05,2026-03-05T23:40:13+00:00,2026-03-06T07:40:13+08:00,1,413,CLOSED_SL,STOP_LOSS_FILLED,0.27315,,,2026-03-05T23:40:14+00:00,2026-03-06T04:05:44+00:00,,missing_exit_fill
2026-03-06,acc03,5,AKEUSDT,20.91,1,d3592b6d-7ccd-4282-8fe1-005e3735d03b,2026-03-05,2026-03-05T23:40:13+00:00,2026-03-06T07:40:13+08:00,1,416,CLOSED_TP,TAKE_PROFIT_FILLED,0.0002939978541,,,2026-03-05T23:40:14+00:00,2026-03-07T05:11:35+00:00,,missing_exit_fill
2026-03-06,acc03,6,GWEIUSDT,19.82,1,d3592b6d-7ccd-4282-8fe1-005e3735d03b,2026-03-05,2026-03-05T23:40:13+00:00,2026-03-06T07:40:13+08:00,1,418,CLOSED_SL,STOP_LOSS_FILLED,0.049164,,,2026-03-05T23:40:14+00:00,2026-03-06T06:57:43+00:00,,missing_exit_fill
2026-03-06,acc03,7,HUMAUSDT,17.05,1,d3592b6d-7ccd-4282-8fe1-005e3735d03b,2026-03-05,2026-03-05T23:40:13+00:00,2026-03-06T07:40:13+08:00,1,420,CLOSED_SL,STOP_LOSS_FILLED,0.016508,,,2026-03-05T23:40:14+00:00,2026-03-06T04:04:44+00:00,,missing_exit_fill
2026-03-06,acc03,8,ORCAUSDT,15.26,1,d3592b6d-7ccd-4282-8fe1-005e3735d03b,2026-03-05,2026-03-05T23:40:13+00:00,2026-03-06T07:40:13+08:00,1,422,CLOSED_TIMEOUT,MAX_HOLD_EXCEEDED,1.025,,0.891,2026-03-05T23:40:15+00:00,2026-03-07T23:10:35+00:00,13.07317073170731,entry_to_exit_fill
2026-03-06,acc03,9,DAMUSDT,14.77,1,d3592b6d-7ccd-4282-8fe1-005e3735d03b,2026-03-05,2026-03-05T23:40:13+00:00,2026-03-06T07:40:13+08:00,1,424,CLOSED_SL,STOP_LOSS_FILLED,0.03519,,,2026-03-05T23:40:15+00:00,2026-03-06T14:47:43+00:00,,missing_exit_fill
2026-03-06,acc03,10,VELVETUSDT,13.92,1,d3592b6d-7ccd-4282-8fe1-005e3735d03b,2026-03-05,2026-03-05T23:40:13+00:00,2026-03-06T07:40:13+08:00,0,,,,,,,,,,rank_symbol_not_opened
2026-03-06,acc04,1,BARDUSDT,54.58,1,4d83445f-6332-4b4c-b11a-36cdb54a7345,2026-03-05,2026-03-05T23:40:13+00:00,2026-03-06T07:40:13+08:00,1,401,CLOSED_TP,TAKE_PROFIT_FILLED,1.64023,1.6396,,2026-03-05T23:40:14+00:00,2026-03-06T16:16:43+00:00,,missing_exit_fill
2026-03-06,acc04,2,HUSDT,44.27,1,4d83445f-6332-4b4c-b11a-36cdb54a7345,2026-03-05,2026-03-05T23:40:13+00:00,2026-03-06T07:40:13+08:00,1,404,CLOSED_EXTERNAL,SHORT_POSITION_NOT_FOUND,0.1804184551723,0.1804678,,2026-03-05T23:40:14+00:00,2026-03-06T03:55:45+00:00,,missing_exit_fill
2026-03-06,acc04,3,SIRENUSDT,29.02,1,4d83445f-6332-4b4c-b11a-36cdb54a7345,2026-03-05,2026-03-05T23:40:13+00:00,2026-03-06T07:40:13+08:00,1,408,CLOSED_EXTERNAL,SHORT_POSITION_NOT_FOUND,0.4725180434783,0.4724999999999999,,2026-03-05T23:40:14+00:00,2026-03-06T03:55:45+00:00,,missing_exit_fill
2026-03-06,acc04,4,KITEUSDT,21.89,1,4d83445f-6332-4b4c-b11a-36cdb54a7345,2026-03-05,2026-03-05T23:40:13+00:00,2026-03-06T07:40:13+08:00,1,411,CLOSED_EXTERNAL,SHORT_POSITION_NOT_FOUND,0.2731508085106,0.27315,,2026-03-05T23:40:14+00:00,2026-03-06T03:55:45+00:00,,missing_exit_fill
2026-03-06,acc04,5,AKEUSDT,20.91,1,4d83445f-6332-4b4c-b11a-36cdb54a7345,2026-03-05,2026-03-05T23:40:13+00:00,2026-03-06T07:40:13+08:00,1,414,CLOSED_TP,TAKE_PROFIT_FILLED,0.0002909178207,0.0002778,,2026-03-05T23:40:14+00:00,2026-03-07T05:12:35+00:00,,missing_exit_fill
2026-03-06,acc04,6,GWEIUSDT,19.82,1,4d83445f-6332-4b4c-b11a-36cdb54a7345,2026-03-05,2026-03-05T23:40:13+00:00,2026-03-06T07:40:13+08:00,1,417,CLOSED_SL,STOP_LOSS_FILLED,0.049164,,,2026-03-05T23:40:14+00:00,2026-03-06T06:57:43+00:00,,missing_exit_fill
2026-03-06,acc04,7,HUMAUSDT,17.05,1,4d83445f-6332-4b4c-b11a-36cdb54a7345,2026-03-05,2026-03-05T23:40:13+00:00,2026-03-06T07:40:13+08:00,1,419,CLOSED_EXTERNAL,SHORT_POSITION_NOT_FOUND,0.016508,,,2026-03-05T23:40:14+00:00,2026-03-06T03:55:45+00:00,,missing_exit_fill
2026-03-06,acc04,8,ORCAUSDT,15.26,1,4d83445f-6332-4b4c-b11a-36cdb54a7345,2026-03-05,2026-03-05T23:40:13+00:00,2026-03-06T07:40:13+08:00,1,421,CLOSED_TIMEOUT,MAX_HOLD_EXCEEDED,1.005262339419,0.936,0.8909999999999999,2026-03-05T23:40:15+00:00,2026-03-07T23:10:35+00:00,11.36641998197594,entry_to_exit_fill
2026-03-06,acc04,9,DAMUSDT,14.77,1,4d83445f-6332-4b4c-b11a-36cdb54a7345,2026-03-05,2026-03-05T23:40:13+00:00,2026-03-06T07:40:13+08:00,1,423,CLOSED_SL,STOP_LOSS_FILLED,0.03519,,,2026-03-05T23:40:15+00:00,2026-03-06T14:47:44+00:00,,missing_exit_fill
2026-03-06,acc04,10,VELVETUSDT,13.92,1,4d83445f-6332-4b4c-b11a-36cdb54a7345,2026-03-05,2026-03-05T23:40:13+00:00,2026-03-06T07:40:13+08:00,0,,,,,,,,,,rank_symbol_not_opened
2026-03-07,acc01,1,UAIUSDT,58.38,1,d93d2682-7b01-457c-b044-5e44127d1532,2026-03-06,2026-03-06T23:40:15+00:00,2026-03-07T07:40:15+08:00,1,434,CLOSED_SL,STOP_LOSS_FILLED,0.3481,,,2026-03-06T23:40:15+00:00,2026-03-07T04:05:35+00:00,,missing_exit_fill
2026-03-07,acc01,2,SIGNUSDT,40.03,1,d93d2682-7b01-457c-b044-5e44127d1532,2026-03-06,2026-03-06T23:40:15+00:00,2026-03-07T07:40:15+08:00,1,436,CLOSED_SL,STOP_LOSS_FILLED,0.04821,,,2026-03-06T23:40:15+00:00,2026-03-07T05:17:35+00:00,,missing_exit_fill
2026-03-07,acc01,3,FLOWUSDT,27.5,1,d93d2682-7b01-457c-b044-5e44127d1532,2026-03-06,2026-03-06T23:40:15+00:00,2026-03-07T07:40:15+08:00,1,439,CLOSED_SL,STOP_LOSS_FILLED,0.0435234432944,0.04198999999999999,,2026-03-06T23:40:15+00:00,2026-03-08T04:24:07+00:00,,missing_exit_fill
2026-03-07,acc01,4,TRIAUSDT,23.03,1,d93d2682-7b01-457c-b044-5e44127d1532,2026-03-06,2026-03-06T23:40:15+00:00,2026-03-07T07:40:15+08:00,1,442,CLOSED_EXTERNAL,SHORT_POSITION_NOT_FOUND,0.02196,,,2026-03-06T23:40:15+00:00,2026-03-07T03:55:35+00:00,,missing_exit_fill
2026-03-07,acc01,5,BEATUSDT,20.45,1,d93d2682-7b01-457c-b044-5e44127d1532,2026-03-06,2026-03-06T23:40:15+00:00,2026-03-07T07:40:15+08:00,1,444,CLOSED_SL,STOP_LOSS_FILLED,0.3456,,,2026-03-06T23:40:15+00:00,2026-03-07T04:56:35+00:00,,missing_exit_fill
2026-03-07,acc01,6,BANANAS31USDT,19.35,1,d93d2682-7b01-457c-b044-5e44127d1532,2026-03-06,2026-03-06T23:40:15+00:00,2026-03-07T07:40:15+08:00,1,446,CLOSED_EXTERNAL,SHORT_POSITION_NOT_FOUND,0.006363,,,2026-03-06T23:40:15+00:00,2026-03-07T03:55:35+00:00,,missing_exit_fill
2026-03-07,acc01,7,LABUSDT,18.12,1,d93d2682-7b01-457c-b044-5e44127d1532,2026-03-06,2026-03-06T23:40:15+00:00,2026-03-07T07:40:15+08:00,1,449,CLOSED_EXTERNAL,SHORT_POSITION_NOT_FOUND,0.1642683564814,,,2026-03-06T23:40:15+00:00,2026-03-07T03:55:35+00:00,,missing_exit_fill
2026-03-07,acc01,8,APRUSDT,13.63,1,d93d2682-7b01-457c-b044-5e44127d1532,2026-03-06,2026-03-06T23:40:15+00:00,2026-03-07T07:40:15+08:00,1,452,CLOSED_EXTERNAL,SHORT_POSITION_NOT_FOUND,0.1136282507987,,,2026-03-06T23:40:15+00:00,2026-03-07T03:55:35+00:00,,missing_exit_fill
2026-03-07,acc01,9,RESOLVUSDT,13.1,1,d93d2682-7b01-457c-b044-5e44127d1532,2026-03-06,2026-03-06T23:40:15+00:00,2026-03-07T07:40:15+08:00,1,455,CLOSED_EXTERNAL,SHORT_POSITION_NOT_FOUND,0.0731213874614,,,2026-03-06T23:40:15+00:00,2026-03-07T03:55:35+00:00,,missing_exit_fill
2026-03-07,acc01,10,SPACEUSDT,12.47,1,d93d2682-7b01-457c-b044-5e44127d1532,2026-03-06,2026-03-06T23:40:15+00:00,2026-03-07T07:40:15+08:00,1,457,CLOSED_SL,STOP_LOSS_FILLED,0.007875,,,2026-03-06T23:40:15+00:00,2026-03-07T15:59:35+00:00,,missing_exit_fill
2026-03-07,acc02,1,UAIUSDT,58.38,1,a155a5f7-f8e0-4b7d-bcd9-c66d78ee8b95,2026-03-06,2026-03-06T23:45:00+00:00,2026-03-07T07:45:00+08:00,1,464,CLOSED_SL,STOP_LOSS_FILLED,0.3492,,,2026-03-06T23:45:32+00:00,2026-03-07T04:05:35+00:00,,missing_exit_fill
2026-03-07,acc02,2,SIGNUSDT,40.03,1,a155a5f7-f8e0-4b7d-bcd9-c66d78ee8b95,2026-03-06,2026-03-06T23:45:00+00:00,2026-03-07T07:45:00+08:00,1,465,CLOSED_SL,STOP_LOSS_FILLED,0.04823,,,2026-03-06T23:46:02+00:00,2026-03-07T05:17:35+00:00,,missing_exit_fill
2026-03-07,acc02,3,FLOWUSDT,27.5,1,a155a5f7-f8e0-4b7d-bcd9-c66d78ee8b95,2026-03-06,2026-03-06T23:45:00+00:00,2026-03-07T07:45:00+08:00,1,466,CLOSED_SL,STOP_LOSS_FILLED,0.0436953470702,0.04197,,2026-03-06T23:46:32+00:00,2026-03-08T04:24:07+00:00,,missing_exit_fill
2026-03-07,acc02,4,TRIAUSDT,23.03,1,a155a5f7-f8e0-4b7d-bcd9-c66d78ee8b95,2026-03-06,2026-03-06T23:45:00+00:00,2026-03-07T07:45:00+08:00,1,467,CLOSED_EXTERNAL,SHORT_POSITION_NOT_FOUND,0.02187,,,2026-03-06T23:47:02+00:00,2026-03-07T03:55:35+00:00,,missing_exit_fill
2026-03-07,acc02,5,BEATUSDT,20.45,1,a155a5f7-f8e0-4b7d-bcd9-c66d78ee8b95,2026-03-06,2026-03-06T23:45:00+00:00,2026-03-07T07:45:00+08:00,1,468,CLOSED_EXTERNAL,SHORT_POSITION_NOT_FOUND,0.3441352791878,,,2026-03-06T23:47:32+00:00,2026-03-07T03:55:35+00:00,,missing_exit_fill
2026-03-07,acc02,6,BANANAS31USDT,19.35,1,a155a5f7-f8e0-4b7d-bcd9-c66d78ee8b95,2026-03-06,2026-03-06T23:45:00+00:00,2026-03-07T07:45:00+08:00,1,469,CLOSED_EXTERNAL,SHORT_POSITION_NOT_FOUND,0.0062855052386,,,2026-03-06T23:48:02+00:00,2026-03-07T03:55:35+00:00,,missing_exit_fill
2026-03-07,acc02,7,LABUSDT,18.12,1,a155a5f7-f8e0-4b7d-bcd9-c66d78ee8b95,2026-03-06,2026-03-06T23:45:00+00:00,2026-03-07T07:45:00+08:00,1,470,CLOSED_SL,STOP_LOSS_FILLED,0.1636021748634,0.15072,,2026-03-06T23:48:32+00:00,2026-03-08T04:22:07+00:00,,missing_exit_fill
2026-03-07,acc02,8,APRUSDT,13.63,1,a155a5f7-f8e0-4b7d-bcd9-c66d78ee8b95,2026-03-06,2026-03-06T23:45:00+00:00,2026-03-07T07:45:00+08:00,1,471,CLOSED_EXTERNAL,SHORT_POSITION_NOT_FOUND,0.1137527773144,,,2026-03-06T23:49:02+00:00,2026-03-07T03:55:35+00:00,,missing_exit_fill
2026-03-07,acc02,9,RESOLVUSDT,13.1,1,a155a5f7-f8e0-4b7d-bcd9-c66d78ee8b95,2026-03-06,2026-03-06T23:45:00+00:00,2026-03-07T07:45:00+08:00,1,472,CLOSED_EXTERNAL,SHORT_POSITION_NOT_FOUND,0.0729,,,2026-03-06T23:49:32+00:00,2026-03-07T03:55:35+00:00,,missing_exit_fill
2026-03-07,acc02,10,SPACEUSDT,12.47,1,a155a5f7-f8e0-4b7d-bcd9-c66d78ee8b95,2026-03-06,2026-03-06T23:45:00+00:00,2026-03-07T07:45:00+08:00,1,473,CLOSED_SL,STOP_LOSS_FILLED,0.007937,,,2026-03-06T23:50:32+00:00,2026-03-07T15:59:35+00:00,,missing_exit_fill
2026-03-07,acc03,1,UAIUSDT,58.38,1,91440d28-482a-471d-9699-49ce6fc07cd9,2026-03-06,2026-03-06T23:40:15+00:00,2026-03-07T07:40:15+08:00,1,435,CLOSED_SL,STOP_LOSS_FILLED,0.3481,,,2026-03-06T23:40:15+00:00,2026-03-07T04:05:35+00:00,,missing_exit_fill
2026-03-07,acc03,2,SIGNUSDT,40.03,1,91440d28-482a-471d-9699-49ce6fc07cd9,2026-03-06,2026-03-06T23:40:15+00:00,2026-03-07T07:40:15+08:00,1,438,CLOSED_SL,STOP_LOSS_FILLED,0.0482098668033,,,2026-03-06T23:40:15+00:00,2026-03-07T05:17:35+00:00,,missing_exit_fill
2026-03-07,acc03,3,FLOWUSDT,27.5,1,91440d28-482a-471d-9699-49ce6fc07cd9,2026-03-06,2026-03-06T23:40:15+00:00,2026-03-07T07:40:15+08:00,1,441,CLOSED_SL,STOP_LOSS_FILLED,0.0436903889043,,,2026-03-06T23:40:15+00:00,2026-03-08T04:24:07+00:00,,missing_exit_fill
2026-03-07,acc03,4,TRIAUSDT,23.03,1,91440d28-482a-471d-9699-49ce6fc07cd9,2026-03-06,2026-03-06T23:40:15+00:00,2026-03-07T07:40:15+08:00,1,445,CLOSED_SL,STOP_LOSS_FILLED,0.0219582724871,,,2026-03-06T23:40:15+00:00,2026-03-07T08:29:35+00:00,,missing_exit_fill
2026-03-07,acc03,5,BEATUSDT,20.45,1,91440d28-482a-471d-9699-49ce6fc07cd9,2026-03-06,2026-03-06T23:40:15+00:00,2026-03-07T07:40:15+08:00,1,448,CLOSED_SL,STOP_LOSS_FILLED,0.3456,,,2026-03-06T23:40:15+00:00,2026-03-07T04:56:35+00:00,,missing_exit_fill
2026-03-07,acc03,6,BANANAS31USDT,19.35,1,91440d28-482a-471d-9699-49ce6fc07cd9,2026-03-06,2026-03-06T23:40:15+00:00,2026-03-07T07:40:15+08:00,1,450,CLOSED_SL,STOP_LOSS_FILLED,0.006363,,,2026-03-06T23:40:15+00:00,2026-03-07T04:28:35+00:00,,missing_exit_fill
2026-03-07,acc03,7,LABUSDT,18.12,1,91440d28-482a-471d-9699-49ce6fc07cd9,2026-03-06,2026-03-06T23:40:15+00:00,2026-03-07T07:40:15+08:00,1,453,CLOSED_SL,STOP_LOSS_FILLED,0.1634048959475,0.15079000000000004,,2026-03-06T23:40:15+00:00,2026-03-08T04:22:07+00:00,,missing_exit_fill
2026-03-07,acc03,8,APRUSDT,13.63,1,91440d28-482a-471d-9699-49ce6fc07cd9,2026-03-06,2026-03-06T23:40:15+00:00,2026-03-07T07:40:15+08:00,1,456,CLOSED_SL,STOP_LOSS_FILLED,0.1135583306452,,0.11617,2026-03-06T23:40:15+00:00,2026-03-08T04:31:07+00:00,-2.299848315805076,entry_to_exit_fill
2026-03-07,acc03,9,RESOLVUSDT,13.1,1,91440d28-482a-471d-9699-49ce6fc07cd9,2026-03-06,2026-03-06T23:40:15+00:00,2026-03-07T07:40:15+08:00,1,459,CLOSED_SL,STOP_LOSS_FILLED,0.0731116078838,,,2026-03-06T23:40:15+00:00,2026-03-07T04:02:36+00:00,,missing_exit_fill
2026-03-07,acc03,10,SPACEUSDT,12.47,1,91440d28-482a-471d-9699-49ce6fc07cd9,2026-03-06,2026-03-06T23:40:15+00:00,2026-03-07T07:40:15+08:00,1,461,CLOSED_SL,STOP_LOSS_FILLED,0.007875,,,2026-03-06T23:40:15+00:00,2026-03-07T15:59:35+00:00,,missing_exit_fill
2026-03-07,acc04,1,UAIUSDT,58.38,1,874eac5f-c09e-4028-9439-8e0376c2cb8f,2026-03-06,2026-03-06T23:40:15+00:00,2026-03-07T07:40:15+08:00,1,437,CLOSED_SL,STOP_LOSS_FILLED,0.3480413533835,,,2026-03-06T23:40:15+00:00,2026-03-07T04:05:35+00:00,,missing_exit_fill
2026-03-07,acc04,2,SIGNUSDT,40.03,1,874eac5f-c09e-4028-9439-8e0376c2cb8f,2026-03-06,2026-03-06T23:40:15+00:00,2026-03-07T07:40:15+08:00,1,440,CLOSED_SL,STOP_LOSS_FILLED,0.0482,,,2026-03-06T23:40:15+00:00,2026-03-07T05:17:35+00:00,,missing_exit_fill
2026-03-07,acc04,3,FLOWUSDT,27.5,1,874eac5f-c09e-4028-9439-8e0376c2cb8f,2026-03-06,2026-03-06T23:40:15+00:00,2026-03-07T07:40:15+08:00,1,443,CLOSED_SL,STOP_LOSS_FILLED,0.0435133515093,0.04198999999999999,,2026-03-06T23:40:15+00:00,2026-03-08T04:24:07+00:00,,missing_exit_fill
2026-03-07,acc04,4,TRIAUSDT,23.03,1,874eac5f-c09e-4028-9439-8e0376c2cb8f,2026-03-06,2026-03-06T23:40:15+00:00,2026-03-07T07:40:15+08:00,1,447,CLOSED_EXTERNAL,SHORT_POSITION_NOT_FOUND,0.02195,,,2026-03-06T23:40:15+00:00,2026-03-07T03:55:36+00:00,,missing_exit_fill
2026-03-07,acc04,5,BEATUSDT,20.45,1,874eac5f-c09e-4028-9439-8e0376c2cb8f,2026-03-06,2026-03-06T23:40:15+00:00,2026-03-07T07:40:15+08:00,1,451,CLOSED_SL,STOP_LOSS_FILLED,0.3456,,,2026-03-06T23:40:15+00:00,2026-03-07T04:56:35+00:00,,missing_exit_fill
2026-03-07,acc04,6,BANANAS31USDT,19.35,1,874eac5f-c09e-4028-9439-8e0376c2cb8f,2026-03-06,2026-03-06T23:40:15+00:00,2026-03-07T07:40:15+08:00,1,454,CLOSED_EXTERNAL,SHORT_POSITION_NOT_FOUND,0.006363,,,2026-03-06T23:40:15+00:00,2026-03-07T03:55:36+00:00,,missing_exit_fill
2026-03-07,acc04,7,LABUSDT,18.12,1,874eac5f-c09e-4028-9439-8e0376c2cb8f,2026-03-06,2026-03-06T23:40:15+00:00,2026-03-07T07:40:15+08:00,1,458,CLOSED_EXTERNAL,SHORT_POSITION_NOT_FOUND,0.1641514761905,,,2026-03-06T23:40:15+00:00,2026-03-07T03:55:36+00:00,,missing_exit_fill
2026-03-07,acc04,8,APRUSDT,13.63,1,874eac5f-c09e-4028-9439-8e0376c2cb8f,2026-03-06,2026-03-06T23:40:15+00:00,2026-03-07T07:40:15+08:00,1,460,CLOSED_EXTERNAL,SHORT_POSITION_NOT_FOUND,0.1135434182416,,,2026-03-06T23:40:15+00:00,2026-03-07T03:55:36+00:00,,missing_exit_fill
2026-03-07,acc04,9,RESOLVUSDT,13.1,1,874eac5f-c09e-4028-9439-8e0376c2cb8f,2026-03-06,2026-03-06T23:40:15+00:00,2026-03-07T07:40:15+08:00,1,462,CLOSED_EXTERNAL,SHORT_POSITION_NOT_FOUND,0.0731086303543,,,2026-03-06T23:40:15+00:00,2026-03-07T03:55:36+00:00,,missing_exit_fill
2026-03-07,acc04,10,SPACEUSDT,12.47,1,874eac5f-c09e-4028-9439-8e0376c2cb8f,2026-03-06,2026-03-06T23:40:15+00:00,2026-03-07T07:40:15+08:00,1,463,CLOSED_SL,STOP_LOSS_FILLED,0.007875,,,2026-03-06T23:40:15+00:00,2026-03-07T15:59:36+00:00,,missing_exit_fill
2026-03-08,acc01,1,DEGOUSDT,37.59,1,ba4e15c9-1d7f-48e3-8593-469b1e7efa45,2026-03-07,2026-03-07T23:40:13+00:00,2026-03-08T07:40:13+08:00,1,474,CLOSED_EXTERNAL,SHORT_POSITION_NOT_FOUND,0.3692357793765,,,2026-03-07T23:40:13+00:00,2026-03-08T03:55:07+00:00,,missing_exit_fill
2026-03-08,acc01,2,RESOLVUSDT,19.14,1,ba4e15c9-1d7f-48e3-8593-469b1e7efa45,2026-03-07,2026-03-07T23:40:13+00:00,2026-03-08T07:40:13+08:00,1,475,CLOSED_SL,STOP_LOSS_FILLED,0.08642,,,2026-03-07T23:40:13+00:00,2026-03-08T09:03:07+00:00,,missing_exit_fill
2026-03-08,acc01,3,MLNUSDT,18.7,1,ba4e15c9-1d7f-48e3-8593-469b1e7efa45,2026-03-07,2026-03-07T23:40:13+00:00,2026-03-08T07:40:13+08:00,1,476,CLOSED_SL,STOP_LOSS_FILLED,3.753,,3.495,2026-03-07T23:40:13+00:00,2026-03-09T16:20:04+00:00,6.874500399680255,entry_to_exit_fill
2026-03-08,acc01,4,BANANAUSDT,15.23,1,ba4e15c9-1d7f-48e3-8593-469b1e7efa45,2026-03-07,2026-03-07T23:40:13+00:00,2026-03-08T07:40:13+08:00,1,478,CLOSED_SL,STOP_LOSS_FILLED,4.829457142857,,,2026-03-07T23:40:13+00:00,2026-03-08T08:29:08+00:00,,missing_exit_fill
2026-03-08,acc01,5,KAVAUSDT,13.82,1,ba4e15c9-1d7f-48e3-8593-469b1e7efa45,2026-03-07,2026-03-07T23:40:13+00:00,2026-03-08T07:40:13+08:00,1,479,CLOSED_SL,STOP_LOSS_FILLED,0.0658,,,2026-03-07T23:40:13+00:00,2026-03-08T05:41:07+00:00,,missing_exit_fill
2026-03-08,acc01,6,HANAUSDT,13.27,1,ba4e15c9-1d7f-48e3-8593-469b1e7efa45,2026-03-07,2026-03-07T23:40:13+00:00,2026-03-08T07:40:13+08:00,1,481,CLOSED_SL,STOP_LOSS_FILLED,0.0398224405378,,,2026-03-07T23:40:13+00:00,2026-03-09T05:57:04+00:00,,missing_exit_fill
2026-03-08,acc01,7,BANANAS31USDT,12.26,1,ba4e15c9-1d7f-48e3-8593-469b1e7efa45,2026-03-07,2026-03-07T23:40:13+00:00,2026-03-08T07:40:13+08:00,1,483,CLOSED_SL,STOP_LOSS_FILLED,0.0070405158458,,,2026-03-07T23:40:13+00:00,2026-03-08T13:10:07+00:00,,missing_exit_fill
2026-03-08,acc01,8,AKTUSDT,11.03,1,ba4e15c9-1d7f-48e3-8593-469b1e7efa45,2026-03-07,2026-03-07T23:40:13+00:00,2026-03-08T07:40:13+08:00,1,485,CLOSED_EXTERNAL,SHORT_POSITION_NOT_FOUND,0.3917,,,2026-03-07T23:40:13+00:00,2026-03-08T03:55:07+00:00,,missing_exit_fill
2026-03-08,acc01,9,COLLECTUSDT,10.73,1,ba4e15c9-1d7f-48e3-8593-469b1e7efa45,2026-03-07,2026-03-07T23:40:13+00:00,2026-03-08T07:40:13+08:00,1,488,CLOSED_SL,STOP_LOSS_FILLED,0.04045,,,2026-03-07T23:40:14+00:00,2026-03-08T09:51:07+00:00,,missing_exit_fill
2026-03-08,acc01,10,LYNUSDT,10.51,1,ba4e15c9-1d7f-48e3-8593-469b1e7efa45,2026-03-07,2026-03-07T23:40:13+00:00,2026-03-08T07:40:13+08:00,1,490,CLOSED_EXTERNAL,SHORT_POSITION_NOT_FOUND,0.3245713263158,,,2026-03-07T23:40:14+00:00,2026-03-08T03:55:08+00:00,,missing_exit_fill
2026-03-08,acc02,1,DEGOUSDT,37.59,1,07780fc7-cd43-4158-9ef5-a67a72c256c7,2026-03-07,2026-03-07T23:45:00+00:00,2026-03-08T07:45:00+08:00,1,504,CLOSED_EXTERNAL,SHORT_POSITION_NOT_FOUND,0.3696,,,2026-03-07T23:45:30+00:00,2026-03-08T03:55:07+00:00,,missing_exit_fill
2026-03-08,acc02,2,RESOLVUSDT,19.14,1,07780fc7-cd43-4158-9ef5-a67a72c256c7,2026-03-07,2026-03-07T23:45:00+00:00,2026-03-08T07:45:00+08:00,1,505,CLOSED_SL,STOP_LOSS_FILLED,0.0856027534418,,,2026-03-07T23:46:00+00:00,2026-03-08T09:03:07+00:00,,missing_exit_fill
2026-03-08,acc02,3,MLNUSDT,18.7,1,07780fc7-cd43-4158-9ef5-a67a72c256c7,2026-03-07,2026-03-07T23:45:00+00:00,2026-03-08T07:45:00+08:00,1,506,CLOSED_SL,STOP_LOSS_FILLED,3.761948968512,,,2026-03-07T23:46:30+00:00,2026-03-09T16:20:04+00:00,,missing_exit_fill
2026-03-08,acc02,4,BANANAUSDT,15.23,1,07780fc7-cd43-4158-9ef5-a67a72c256c7,2026-03-07,2026-03-07T23:45:00+00:00,2026-03-08T07:45:00+08:00,1,507,CLOSED_SL,STOP_LOSS_FILLED,4.769,,,2026-03-07T23:47:00+00:00,2026-03-08T08:29:08+00:00,,missing_exit_fill
2026-03-08,acc02,5,KAVAUSDT,13.82,1,07780fc7-cd43-4158-9ef5-a67a72c256c7,2026-03-07,2026-03-07T23:45:00+00:00,2026-03-08T07:45:00+08:00,1,508,CLOSED_SL,STOP_LOSS_FILLED,0.0661,,,2026-03-07T23:47:30+00:00,2026-03-08T05:41:07+00:00,,missing_exit_fill
2026-03-08,acc02,6,HANAUSDT,13.27,1,07780fc7-cd43-4158-9ef5-a67a72c256c7,2026-03-07,2026-03-07T23:45:00+00:00,2026-03-08T07:45:00+08:00,1,509,CLOSED_SL,STOP_LOSS_FILLED,0.0397552610326,,,2026-03-07T23:48:00+00:00,2026-03-09T05:57:04+00:00,,missing_exit_fill
2026-03-08,acc02,7,BANANAS31USDT,12.26,1,07780fc7-cd43-4158-9ef5-a67a72c256c7,2026-03-07,2026-03-07T23:45:00+00:00,2026-03-08T07:45:00+08:00,1,510,CLOSED_SL,STOP_LOSS_FILLED,0.0070458027551,,,2026-03-07T23:48:30+00:00,2026-03-08T13:10:07+00:00,,missing_exit_fill
2026-03-08,acc02,8,AKTUSDT,11.03,1,07780fc7-cd43-4158-9ef5-a67a72c256c7,2026-03-07,2026-03-07T23:45:00+00:00,2026-03-08T07:45:00+08:00,1,511,CLOSED_EXTERNAL,SHORT_POSITION_NOT_FOUND,0.3929396825397,,,2026-03-07T23:49:00+00:00,2026-03-08T03:55:07+00:00,,missing_exit_fill
2026-03-08,acc02,9,COLLECTUSDT,10.73,1,07780fc7-cd43-4158-9ef5-a67a72c256c7,2026-03-07,2026-03-07T23:45:00+00:00,2026-03-08T07:45:00+08:00,1,512,CLOSED_SL,STOP_LOSS_FILLED,0.040293983026,,,2026-03-07T23:49:30+00:00,2026-03-08T09:51:07+00:00,,missing_exit_fill
2026-03-08,acc02,10,LYNUSDT,10.51,1,07780fc7-cd43-4158-9ef5-a67a72c256c7,2026-03-07,2026-03-07T23:45:00+00:00,2026-03-08T07:45:00+08:00,1,513,CLOSED_EXTERNAL,SHORT_POSITION_NOT_FOUND,0.3274120422536,,,2026-03-07T23:50:01+00:00,2026-03-08T03:55:08+00:00,,missing_exit_fill
2026-03-08,acc03,1,DEGOUSDT,37.59,1,ab9b1eca-09cf-41b7-b18a-864cd8f2c6f1,2026-03-07,2026-03-07T23:40:13+00:00,2026-03-08T07:40:13+08:00,1,484,CLOSED_SL,STOP_LOSS_FILLED,0.3692,,,2026-03-07T23:40:13+00:00,2026-03-08T06:15:07+00:00,,missing_exit_fill
2026-03-08,acc03,2,RESOLVUSDT,19.14,1,ab9b1eca-09cf-41b7-b18a-864cd8f2c6f1,2026-03-07,2026-03-07T23:40:13+00:00,2026-03-08T07:40:13+08:00,1,487,CLOSED_SL,STOP_LOSS_FILLED,0.08642,,,2026-03-07T23:40:14+00:00,2026-03-08T09:03:07+00:00,,missing_exit_fill
2026-03-08,acc03,3,MLNUSDT,18.7,1,ab9b1eca-09cf-41b7-b18a-864cd8f2c6f1,2026-03-07,2026-03-07T23:40:13+00:00,2026-03-08T07:40:13+08:00,1,491,CLOSED_SL,STOP_LOSS_FILLED,3.753,,,2026-03-07T23:40:14+00:00,2026-03-09T16:20:04+00:00,,missing_exit_fill
2026-03-08,acc03,4,BANANAUSDT,15.23,1,ab9b1eca-09cf-41b7-b18a-864cd8f2c6f1,2026-03-07,2026-03-07T23:40:13+00:00,2026-03-08T07:40:13+08:00,1,493,CLOSED_SL,STOP_LOSS_FILLED,4.831,,,2026-03-07T23:40:14+00:00,2026-03-08T08:29:08+00:00,,missing_exit_fill
2026-03-08,acc03,5,KAVAUSDT,13.82,1,ab9b1eca-09cf-41b7-b18a-864cd8f2c6f1,2026-03-07,2026-03-07T23:40:13+00:00,2026-03-08T07:40:13+08:00,1,495,CLOSED_SL,STOP_LOSS_FILLED,0.0658,,,2026-03-07T23:40:14+00:00,2026-03-08T05:41:07+00:00,,missing_exit_fill
2026-03-08,acc03,6,HANAUSDT,13.27,1,ab9b1eca-09cf-41b7-b18a-864cd8f2c6f1,2026-03-07,2026-03-07T23:40:13+00:00,2026-03-08T07:40:13+08:00,1,497,CLOSED_SL,STOP_LOSS_FILLED,0.0398357258298,,,2026-03-07T23:40:14+00:00,2026-03-09T05:57:04+00:00,,missing_exit_fill
2026-03-08,acc03,7,BANANAS31USDT,12.26,1,ab9b1eca-09cf-41b7-b18a-864cd8f2c6f1,2026-03-07,2026-03-07T23:40:13+00:00,2026-03-08T07:40:13+08:00,1,500,CLOSED_SL,STOP_LOSS_FILLED,0.0070390023481,,,2026-03-07T23:40:14+00:00,2026-03-08T13:10:07+00:00,,missing_exit_fill
2026-03-08,acc03,8,AKTUSDT,11.03,1,ab9b1eca-09cf-41b7-b18a-864cd8f2c6f1,2026-03-07,2026-03-07T23:40:13+00:00,2026-03-08T07:40:13+08:00,1,501,CLOSED_TIMEOUT,MAX_HOLD_EXCEEDED,0.3917,,0.379338088485536,2026-03-07T23:40:14+00:00,2026-03-09T23:11:04+00:00,3.1559641344048956,entry_to_exit_fill
2026-03-08,acc03,9,COLLECTUSDT,10.73,1,ab9b1eca-09cf-41b7-b18a-864cd8f2c6f1,2026-03-07,2026-03-07T23:40:13+00:00,2026-03-08T07:40:13+08:00,1,502,CLOSED_SL,STOP_LOSS_FILLED,0.04043,,,2026-03-07T23:40:14+00:00,2026-03-08T09:51:07+00:00,,missing_exit_fill
2026-03-08,acc03,10,LYNUSDT,10.51,1,ab9b1eca-09cf-41b7-b18a-864cd8f2c6f1,2026-03-07,2026-03-07T23:40:13+00:00,2026-03-08T07:40:13+08:00,1,503,CLOSED_SL,STOP_LOSS_FILLED,0.3244377230047,,,2026-03-07T23:40:14+00:00,2026-03-08T06:15:07+00:00,,missing_exit_fill
2026-03-08,acc04,1,DEGOUSDT,37.59,1,14425cec-c416-4f70-b095-95cf2e13436c,2026-03-07,2026-03-07T23:40:13+00:00,2026-03-08T07:40:13+08:00,1,477,CLOSED_EXTERNAL,SHORT_POSITION_NOT_FOUND,0.3692,,,2026-03-07T23:40:13+00:00,2026-03-08T03:55:08+00:00,,missing_exit_fill
2026-03-08,acc04,2,RESOLVUSDT,19.14,1,14425cec-c416-4f70-b095-95cf2e13436c,2026-03-07,2026-03-07T23:40:13+00:00,2026-03-08T07:40:13+08:00,1,480,CLOSED_SL,STOP_LOSS_FILLED,0.08642,,,2026-03-07T23:40:13+00:00,2026-03-08T09:03:07+00:00,,missing_exit_fill
2026-03-08,acc04,3,MLNUSDT,18.7,1,14425cec-c416-4f70-b095-95cf2e13436c,2026-03-07,2026-03-07T23:40:13+00:00,2026-03-08T07:40:13+08:00,1,482,CLOSED_SL,STOP_LOSS_FILLED,3.753,,3.495,2026-03-07T23:40:13+00:00,2026-03-09T16:20:05+00:00,6.874500399680255,entry_to_exit_fill
2026-03-08,acc04,4,BANANAUSDT,15.23,1,14425cec-c416-4f70-b095-95cf2e13436c,2026-03-07,2026-03-07T23:40:13+00:00,2026-03-08T07:40:13+08:00,1,486,CLOSED_SL,STOP_LOSS_FILLED,4.829,,,2026-03-07T23:40:14+00:00,2026-03-08T08:29:08+00:00,,missing_exit_fill
2026-03-08,acc04,5,KAVAUSDT,13.82,1,14425cec-c416-4f70-b095-95cf2e13436c,2026-03-07,2026-03-07T23:40:13+00:00,2026-03-08T07:40:13+08:00,1,489,CLOSED_SL,STOP_LOSS_FILLED,0.0658,,,2026-03-07T23:40:14+00:00,2026-03-08T05:41:08+00:00,,missing_exit_fill
2026-03-08,acc04,6,HANAUSDT,13.27,1,14425cec-c416-4f70-b095-95cf2e13436c,2026-03-07,2026-03-07T23:40:13+00:00,2026-03-08T07:40:13+08:00,1,492,CLOSED_SL,STOP_LOSS_FILLED,0.0398105641299,,,2026-03-07T23:40:14+00:00,2026-03-09T05:57:05+00:00,,missing_exit_fill
2026-03-08,acc04,7,BANANAS31USDT,12.26,1,14425cec-c416-4f70-b095-95cf2e13436c,2026-03-07,2026-03-07T23:40:13+00:00,2026-03-08T07:40:13+08:00,1,494,CLOSED_SL,STOP_LOSS_FILLED,0.00704,,,2026-03-07T23:40:14+00:00,2026-03-08T13:10:08+00:00,,missing_exit_fill
2026-03-08,acc04,8,AKTUSDT,11.03,1,14425cec-c416-4f70-b095-95cf2e13436c,2026-03-07,2026-03-07T23:40:13+00:00,2026-03-08T07:40:13+08:00,1,496,CLOSED_EXTERNAL,SHORT_POSITION_NOT_FOUND,0.3917,,,2026-03-07T23:40:14+00:00,2026-03-08T03:55:08+00:00,,missing_exit_fill
2026-03-08,acc04,9,COLLECTUSDT,10.73,1,14425cec-c416-4f70-b095-95cf2e13436c,2026-03-07,2026-03-07T23:40:13+00:00,2026-03-08T07:40:13+08:00,1,498,CLOSED_SL,STOP_LOSS_FILLED,0.04045,,,2026-03-07T23:40:14+00:00,2026-03-08T09:51:07+00:00,,missing_exit_fill
2026-03-08,acc04,10,LYNUSDT,10.51,1,14425cec-c416-4f70-b095-95cf2e13436c,2026-03-07,2026-03-07T23:40:13+00:00,2026-03-08T07:40:13+08:00,1,499,CLOSED_EXTERNAL,SHORT_POSITION_NOT_FOUND,0.3245088528139,,,2026-03-07T23:40:14+00:00,2026-03-08T03:55:08+00:00,,missing_exit_fill
2026-03-09,acc01,1,DEGOUSDT,68.86,1,f3a2614c-8ace-4b84-9a46-0b38c6b75796,2026-03-08,2026-03-08T23:40:13+00:00,2026-03-09T07:40:13+08:00,1,524,CLOSED_SL,STOP_LOSS_FILLED,0.6198610952187,0.6199,,2026-03-08T23:40:13+00:00,2026-03-09T05:01:04+00:00,,missing_exit_fill
2026-03-09,acc01,2,COSUSDT,54.96,1,f3a2614c-8ace-4b84-9a46-0b38c6b75796,2026-03-08,2026-03-08T23:40:13+00:00,2026-03-09T07:40:13+08:00,1,527,CLOSED_TIMEOUT,MAX_HOLD_EXCEEDED,0.001299,0.001299,0.0011117760099801765,2026-03-08T23:40:13+00:00,2026-03-10T23:10:33+00:00,14.412932257107277,entry_to_exit_fill
2026-03-09,acc01,3,MBOXUSDT,29.51,1,f3a2614c-8ace-4b84-9a46-0b38c6b75796,2026-03-08,2026-03-08T23:40:13+00:00,2026-03-09T07:40:13+08:00,1,529,CLOSED_EXTERNAL,SHORT_POSITION_NOT_FOUND,0.0205378240866,0.02053,,2026-03-08T23:40:13+00:00,2026-03-09T03:55:04+00:00,,missing_exit_fill
2026-03-09,acc01,4,BABYUSDT,26.15,1,f3a2614c-8ace-4b84-9a46-0b38c6b75796,2026-03-08,2026-03-08T23:40:13+00:00,2026-03-09T07:40:13+08:00,1,531,CLOSED_SL,STOP_LOSS_FILLED,0.01429,0.01429,,2026-03-08T23:40:14+00:00,2026-03-09T19:17:04+00:00,,missing_exit_fill
2026-03-09,acc01,5,HUMAUSDT,19.81,1,f3a2614c-8ace-4b84-9a46-0b38c6b75796,2026-03-08,2026-03-08T23:40:13+00:00,2026-03-09T07:40:13+08:00,1,534,CLOSED_TP,TAKE_PROFIT_FILLED,0.0186676813888,0.0186767,,2026-03-08T23:40:14+00:00,2026-03-09T17:14:04+00:00,,missing_exit_fill
2026-03-09,acc01,6,RESOLVUSDT,19.78,1,f3a2614c-8ace-4b84-9a46-0b38c6b75796,2026-03-08,2026-03-08T23:40:13+00:00,2026-03-09T07:40:13+08:00,1,537,CLOSED_EXTERNAL,SHORT_POSITION_NOT_FOUND,0.1014,,,2026-03-08T23:40:14+00:00,2026-03-09T03:55:05+00:00,,missing_exit_fill
2026-03-09,acc01,7,SQDUSDT,19.05,1,f3a2614c-8ace-4b84-9a46-0b38c6b75796,2026-03-08,2026-03-08T23:40:13+00:00,2026-03-09T07:40:13+08:00,1,538,CLOSED_EXTERNAL,SHORT_POSITION_NOT_FOUND,0.0424316992855,,,2026-03-08T23:40:14+00:00,2026-03-09T12:38:05+00:00,,missing_exit_fill
2026-03-09,acc01,8,PLUMEUSDT,17.2,1,f3a2614c-8ace-4b84-9a46-0b38c6b75796,2026-03-08,2026-03-08T23:40:13+00:00,2026-03-09T07:40:13+08:00,1,540,CLOSED_SL,STOP_LOSS_FILLED,0.01353,,,2026-03-08T23:40:14+00:00,2026-03-10T14:48:34+00:00,,missing_exit_fill
2026-03-09,acc01,9,ONUSDT,13.38,1,f3a2614c-8ace-4b84-9a46-0b38c6b75796,2026-03-08,2026-03-08T23:40:13+00:00,2026-03-09T07:40:13+08:00,1,541,CLOSED_EXTERNAL,SHORT_POSITION_NOT_FOUND,0.0784734542314,,,2026-03-08T23:40:14+00:00,2026-03-09T03:55:05+00:00,,missing_exit_fill
2026-03-09,acc01,10,SIGNUSDT,12.79,1,f3a2614c-8ace-4b84-9a46-0b38c6b75796,2026-03-08,2026-03-08T23:40:13+00:00,2026-03-09T07:40:13+08:00,0,,,,,,,,,,rank_symbol_not_opened
2026-03-09,acc02,1,DEGOUSDT,68.86,1,7490c451-b594-483b-8754-8aeaef5d15f7,2026-03-08,2026-03-08T23:45:00+00:00,2026-03-09T07:45:00+08:00,1,542,CLOSED_SL,STOP_LOSS_FILLED,0.6211504412448,,,2026-03-08T23:45:31+00:00,2026-03-09T05:01:04+00:00,,missing_exit_fill
2026-03-09,acc02,2,COSUSDT,54.96,1,7490c451-b594-483b-8754-8aeaef5d15f7,2026-03-08,2026-03-08T23:45:00+00:00,2026-03-09T07:45:00+08:00,1,543,CLOSED_TIMEOUT,MAX_HOLD_EXCEEDED,0.001284,,0.001097,2026-03-08T23:46:01+00:00,2026-03-10T23:16:33+00:00,14.5638629283489,entry_to_exit_fill
2026-03-09,acc02,3,MBOXUSDT,29.51,1,7490c451-b594-483b-8754-8aeaef5d15f7,2026-03-08,2026-03-08T23:45:00+00:00,2026-03-09T07:45:00+08:00,1,544,CLOSED_EXTERNAL,SHORT_POSITION_NOT_FOUND,0.0202488899139,,,2026-03-08T23:46:31+00:00,2026-03-09T03:55:04+00:00,,missing_exit_fill
2026-03-09,acc02,4,BABYUSDT,26.15,1,7490c451-b594-483b-8754-8aeaef5d15f7,2026-03-08,2026-03-08T23:45:00+00:00,2026-03-09T07:45:00+08:00,1,545,CLOSED_EXTERNAL,SHORT_POSITION_NOT_FOUND,0.0142,,,2026-03-08T23:47:01+00:00,2026-03-09T03:55:04+00:00,,missing_exit_fill
2026-03-09,acc02,5,HUMAUSDT,19.81,1,7490c451-b594-483b-8754-8aeaef5d15f7,2026-03-08,2026-03-08T23:45:00+00:00,2026-03-09T07:45:00+08:00,1,546,CLOSED_TP,TAKE_PROFIT_FILLED,0.0185596339049,,,2026-03-08T23:47:31+00:00,2026-03-09T17:36:04+00:00,,missing_exit_fill
2026-03-09,acc02,6,RESOLVUSDT,19.78,1,7490c451-b594-483b-8754-8aeaef5d15f7,2026-03-08,2026-03-08T23:45:00+00:00,2026-03-09T07:45:00+08:00,1,547,CLOSED_EXTERNAL,SHORT_POSITION_NOT_FOUND,0.1010382142857,,,2026-03-08T23:48:01+00:00,2026-03-09T03:55:05+00:00,,missing_exit_fill
2026-03-09,acc02,7,SQDUSDT,19.05,1,7490c451-b594-483b-8754-8aeaef5d15f7,2026-03-08,2026-03-08T23:45:00+00:00,2026-03-09T07:45:00+08:00,1,548,CLOSED_SL,STOP_LOSS_FILLED,0.0417131639136,,,2026-03-08T23:48:31+00:00,2026-03-09T12:30:04+00:00,,missing_exit_fill
2026-03-09,acc02,8,PLUMEUSDT,17.2,1,7490c451-b594-483b-8754-8aeaef5d15f7,2026-03-08,2026-03-08T23:45:00+00:00,2026-03-09T07:45:00+08:00,1,549,CLOSED_EXTERNAL,SHORT_POSITION_NOT_FOUND,0.0133559512009,0.01237,,2026-03-08T23:49:01+00:00,2026-03-10T03:55:33+00:00,,missing_exit_fill
2026-03-09,acc02,9,ONUSDT,13.38,1,7490c451-b594-483b-8754-8aeaef5d15f7,2026-03-08,2026-03-08T23:45:00+00:00,2026-03-09T07:45:00+08:00,1,550,CLOSED_EXTERNAL,SHORT_POSITION_NOT_FOUND,0.07904,,,2026-03-08T23:49:31+00:00,2026-03-09T03:55:05+00:00,,missing_exit_fill
2026-03-09,acc02,10,SIGNUSDT,12.79,1,7490c451-b594-483b-8754-8aeaef5d15f7,2026-03-08,2026-03-08T23:45:00+00:00,2026-03-09T07:45:00+08:00,1,551,CLOSED_EXTERNAL,SHORT_POSITION_NOT_FOUND,0.0544867552658,,,2026-03-08T23:50:02+00:00,2026-03-09T03:55:05+00:00,,missing_exit_fill
2026-03-09,acc03,1,DEGOUSDT,68.86,1,a8c7c18b-4f86-499d-b83f-352fd08bf243,2026-03-08,2026-03-08T23:40:13+00:00,2026-03-09T07:40:13+08:00,1,514,CLOSED_SL,STOP_LOSS_FILLED,0.6201,,,2026-03-08T23:40:13+00:00,2026-03-09T05:01:05+00:00,,missing_exit_fill
2026-03-09,acc03,2,COSUSDT,54.96,1,a8c7c18b-4f86-499d-b83f-352fd08bf243,2026-03-08,2026-03-08T23:40:13+00:00,2026-03-09T07:40:13+08:00,1,516,CLOSED_TIMEOUT,MAX_HOLD_EXCEEDED,0.0013,,0.001097,2026-03-08T23:40:13+00:00,2026-03-10T23:10:33+00:00,15.615384615384603,entry_to_exit_fill
2026-03-09,acc03,3,MBOXUSDT,29.51,1,a8c7c18b-4f86-499d-b83f-352fd08bf243,2026-03-08,2026-03-08T23:40:13+00:00,2026-03-09T07:40:13+08:00,1,518,CLOSED_TIMEOUT,MAX_HOLD_EXCEEDED,0.0205389311091,,0.0171704,2026-03-08T23:40:13+00:00,2026-03-10T23:10:33+00:00,16.400712827784577,entry_to_exit_fill
2026-03-09,acc03,4,BABYUSDT,26.15,1,a8c7c18b-4f86-499d-b83f-352fd08bf243,2026-03-08,2026-03-08T23:40:13+00:00,2026-03-09T07:40:13+08:00,1,520,CLOSED_SL,STOP_LOSS_FILLED,0.01429,,,2026-03-08T23:40:13+00:00,2026-03-09T19:17:05+00:00,,missing_exit_fill
2026-03-09,acc03,5,HUMAUSDT,19.81,1,a8c7c18b-4f86-499d-b83f-352fd08bf243,2026-03-08,2026-03-08T23:40:13+00:00,2026-03-09T07:40:13+08:00,1,522,CLOSED_TP,TAKE_PROFIT_FILLED,0.0186726498599,,,2026-03-08T23:40:13+00:00,2026-03-09T16:12:04+00:00,,missing_exit_fill
2026-03-09,acc03,6,RESOLVUSDT,19.78,1,a8c7c18b-4f86-499d-b83f-352fd08bf243,2026-03-08,2026-03-08T23:40:13+00:00,2026-03-09T07:40:13+08:00,1,526,CLOSED_SL,STOP_LOSS_FILLED,0.1014093664122,,,2026-03-08T23:40:13+00:00,2026-03-09T05:56:04+00:00,,missing_exit_fill
2026-03-09,acc03,7,SQDUSDT,19.05,1,a8c7c18b-4f86-499d-b83f-352fd08bf243,2026-03-08,2026-03-08T23:40:13+00:00,2026-03-09T07:40:13+08:00,1,530,CLOSED_SL,STOP_LOSS_FILLED,0.04243,,,2026-03-08T23:40:13+00:00,2026-03-09T12:38:05+00:00,,missing_exit_fill
2026-03-09,acc03,8,PLUMEUSDT,17.2,1,a8c7c18b-4f86-499d-b83f-352fd08bf243,2026-03-08,2026-03-08T23:40:13+00:00,2026-03-09T07:40:13+08:00,1,533,CLOSED_SL,STOP_LOSS_FILLED,0.01353,,,2026-03-08T23:40:14+00:00,2026-03-10T14:48:34+00:00,,missing_exit_fill
2026-03-09,acc03,9,ONUSDT,13.38,1,a8c7c18b-4f86-499d-b83f-352fd08bf243,2026-03-08,2026-03-08T23:40:13+00:00,2026-03-09T07:40:13+08:00,1,536,CLOSED_SL,STOP_LOSS_FILLED,0.0785222767593,,,2026-03-08T23:40:14+00:00,2026-03-09T06:25:05+00:00,,missing_exit_fill
2026-03-09,acc03,10,SIGNUSDT,12.79,1,a8c7c18b-4f86-499d-b83f-352fd08bf243,2026-03-08,2026-03-08T23:40:13+00:00,2026-03-09T07:40:13+08:00,1,539,CLOSED_SL,STOP_LOSS_FILLED,0.05416,,,2026-03-08T23:40:14+00:00,2026-03-10T05:56:33+00:00,,missing_exit_fill
2026-03-09,acc04,1,DEGOUSDT,68.86,1,e74fc279-0e0f-4529-b87e-61d3f78fc996,2026-03-08,2026-03-08T23:40:13+00:00,2026-03-09T07:40:13+08:00,1,515,CLOSED_SL,STOP_LOSS_FILLED,0.6201426167438,0.62,,2026-03-08T23:40:13+00:00,2026-03-09T05:01:05+00:00,,missing_exit_fill
2026-03-09,acc04,2,COSUSDT,54.96,1,e74fc279-0e0f-4529-b87e-61d3f78fc996,2026-03-08,2026-03-08T23:40:13+00:00,2026-03-09T07:40:13+08:00,1,517,CLOSED_TIMEOUT,MAX_HOLD_EXCEEDED,0.0012998999271,0.001299,0.00111199784509654,2026-03-08T23:40:13+00:00,2026-03-10T23:10:34+00:00,14.455119050791737,entry_to_exit_fill
2026-03-09,acc04,3,MBOXUSDT,29.51,1,e74fc279-0e0f-4529-b87e-61d3f78fc996,2026-03-08,2026-03-08T23:40:13+00:00,2026-03-09T07:40:13+08:00,1,519,CLOSED_EXTERNAL,SHORT_POSITION_NOT_FOUND,0.02053,0.02053,,2026-03-08T23:40:13+00:00,2026-03-09T03:55:05+00:00,,missing_exit_fill
2026-03-09,acc04,4,BABYUSDT,26.15,1,e74fc279-0e0f-4529-b87e-61d3f78fc996,2026-03-08,2026-03-08T23:40:13+00:00,2026-03-09T07:40:13+08:00,1,521,CLOSED_SL,STOP_LOSS_FILLED,0.01429,0.01429,,2026-03-08T23:40:13+00:00,2026-03-09T19:17:05+00:00,,missing_exit_fill
2026-03-09,acc04,5,HUMAUSDT,19.81,1,e74fc279-0e0f-4529-b87e-61d3f78fc996,2026-03-08,2026-03-08T23:40:13+00:00,2026-03-09T07:40:13+08:00,1,523,CLOSED_TP,TAKE_PROFIT_FILLED,0.0186712719929,0.018678,,2026-03-08T23:40:13+00:00,2026-03-09T16:12:05+00:00,,missing_exit_fill
2026-03-09,acc04,6,RESOLVUSDT,19.78,1,e74fc279-0e0f-4529-b87e-61d3f78fc996,2026-03-08,2026-03-08T23:40:13+00:00,2026-03-09T07:40:13+08:00,1,525,CLOSED_EXTERNAL,SHORT_POSITION_NOT_FOUND,0.10141,,,2026-03-08T23:40:13+00:00,2026-03-09T03:55:07+00:00,,missing_exit_fill
2026-03-09,acc04,7,SQDUSDT,19.05,1,e74fc279-0e0f-4529-b87e-61d3f78fc996,2026-03-08,2026-03-08T23:40:13+00:00,2026-03-09T07:40:13+08:00,1,528,CLOSED_SL,STOP_LOSS_FILLED,0.04243,,,2026-03-08T23:40:13+00:00,2026-03-09T12:38:05+00:00,,missing_exit_fill
2026-03-09,acc04,8,PLUMEUSDT,17.2,1,e74fc279-0e0f-4529-b87e-61d3f78fc996,2026-03-08,2026-03-08T23:40:13+00:00,2026-03-09T07:40:13+08:00,1,532,CLOSED_SL,STOP_LOSS_FILLED,0.0134680119784,0.01238,,2026-03-08T23:40:14+00:00,2026-03-10T14:48:34+00:00,,missing_exit_fill
2026-03-09,acc04,9,ONUSDT,13.38,1,e74fc279-0e0f-4529-b87e-61d3f78fc996,2026-03-08,2026-03-08T23:40:13+00:00,2026-03-09T07:40:13+08:00,1,535,CLOSED_EXTERNAL,SHORT_POSITION_NOT_FOUND,0.0785348312611,,,2026-03-08T23:40:14+00:00,2026-03-09T03:55:07+00:00,,missing_exit_fill
2026-03-09,acc04,10,SIGNUSDT,12.79,1,e74fc279-0e0f-4529-b87e-61d3f78fc996,2026-03-08,2026-03-08T23:40:13+00:00,2026-03-09T07:40:13+08:00,0,,,,,,,,,,rank_symbol_not_opened
2026-03-10,acc01,1,ARIAUSDT,38.9,1,769b83be-a805-491c-b739-96fea09997de,2026-03-09,2026-03-09T23:40:13+00:00,2026-03-10T07:40:13+08:00,1,555,CLOSED_SL,STOP_LOSS_FILLED,0.1059765542169,,,2026-03-09T23:40:13+00:00,2026-03-10T07:41:34+00:00,,missing_exit_fill
2026-03-10,acc01,2,FLOWUSDT,30.65,1,769b83be-a805-491c-b739-96fea09997de,2026-03-09,2026-03-09T23:40:13+00:00,2026-03-10T07:40:13+08:00,1,558,CLOSED_EXTERNAL,SHORT_POSITION_NOT_FOUND,0.05163,,,2026-03-09T23:40:13+00:00,2026-03-10T03:55:33+00:00,,missing_exit_fill
2026-03-10,acc01,3,NAORISUSDT,29.37,1,769b83be-a805-491c-b739-96fea09997de,2026-03-09,2026-03-09T23:40:13+00:00,2026-03-10T07:40:13+08:00,1,563,CLOSED_EXTERNAL,SHORT_POSITION_NOT_FOUND,0.0449,,,2026-03-09T23:40:13+00:00,2026-03-10T03:55:33+00:00,,missing_exit_fill
2026-03-10,acc01,4,COLLECTUSDT,29.06,1,769b83be-a805-491c-b739-96fea09997de,2026-03-09,2026-03-09T23:40:13+00:00,2026-03-10T07:40:13+08:00,1,566,CLOSED_SL,STOP_LOSS_FILLED,0.0550148831385,,0.05043,2026-03-09T23:40:13+00:00,2026-03-11T04:05:07+00:00,8.333895987668551,entry_to_exit_fill
2026-03-10,acc01,5,DOGSUSDT,28.63,1,769b83be-a805-491c-b739-96fea09997de,2026-03-09,2026-03-09T23:40:13+00:00,2026-03-10T07:40:13+08:00,1,569,CLOSED_SL,STOP_LOSS_FILLED,3.37e-05,,3.21e-05,2026-03-09T23:40:13+00:00,2026-03-11T21:36:06+00:00,4.7477744807121605,entry_to_exit_fill
2026-03-10,acc01,6,DENTUSDT,28.37,1,769b83be-a805-491c-b739-96fea09997de,2026-03-09,2026-03-09T23:40:13+00:00,2026-03-10T07:40:13+08:00,1,571,CLOSED_TIMEOUT,MAX_HOLD_EXCEEDED,0.000266,,0.0002301865928867794,2026-03-09T23:40:13+00:00,2026-03-11T23:11:07+00:00,13.463686884669407,entry_to_exit_fill
2026-03-10,acc01,7,XNYUSDT,26.35,1,769b83be-a805-491c-b739-96fea09997de,2026-03-09,2026-03-09T23:40:13+00:00,2026-03-10T07:40:13+08:00,1,575,CLOSED_EXTERNAL,SHORT_POSITION_NOT_FOUND,0.0052054995085,,,2026-03-09T23:40:13+00:00,2026-03-10T03:55:34+00:00,,missing_exit_fill
2026-03-10,acc01,8,SAHARAUSDT,19.45,1,769b83be-a805-491c-b739-96fea09997de,2026-03-09,2026-03-09T23:40:13+00:00,2026-03-10T07:40:13+08:00,1,577,CLOSED_TIMEOUT,MAX_HOLD_EXCEEDED,0.02501,,0.02389209939531368,2026-03-09T23:40:13+00:00,2026-03-11T23:11:07+00:00,4.4698144929481005,entry_to_exit_fill
2026-03-10,acc01,9,DEXEUSDT,18.82,1,769b83be-a805-491c-b739-96fea09997de,2026-03-09,2026-03-09T23:40:13+00:00,2026-03-10T07:40:13+08:00,1,579,CLOSED_EXTERNAL,SHORT_POSITION_NOT_FOUND,4.665692524683,,,2026-03-09T23:40:13+00:00,2026-03-10T03:55:34+00:00,,missing_exit_fill
2026-03-10,acc01,10,ICNTUSDT,17.51,1,769b83be-a805-491c-b739-96fea09997de,2026-03-09,2026-03-09T23:40:13+00:00,2026-03-10T07:40:13+08:00,1,581,CLOSED_EXTERNAL,SHORT_POSITION_NOT_FOUND,0.3686206703911,,,2026-03-09T23:40:14+00:00,2026-03-10T03:55:34+00:00,,missing_exit_fill
2026-03-10,acc02,1,ARIAUSDT,38.9,1,ed138ebc-427f-4f7b-b18d-71f27fab7866,2026-03-09,2026-03-09T23:45:00+00:00,2026-03-10T07:45:00+08:00,1,582,CLOSED_SL,STOP_LOSS_FILLED,0.1057487918367,,,2026-03-09T23:45:30+00:00,2026-03-10T07:41:34+00:00,,missing_exit_fill
2026-03-10,acc02,2,FLOWUSDT,30.65,1,ed138ebc-427f-4f7b-b18d-71f27fab7866,2026-03-09,2026-03-09T23:45:00+00:00,2026-03-10T07:45:00+08:00,1,583,CLOSED_EXTERNAL,SHORT_POSITION_NOT_FOUND,0.05143,,,2026-03-09T23:46:00+00:00,2026-03-10T03:55:34+00:00,,missing_exit_fill
2026-03-10,acc02,3,NAORISUSDT,29.37,1,ed138ebc-427f-4f7b-b18d-71f27fab7866,2026-03-09,2026-03-09T23:45:00+00:00,2026-03-10T07:45:00+08:00,1,584,CLOSED_EXTERNAL,SHORT_POSITION_NOT_FOUND,0.0451665320911,,,2026-03-09T23:46:31+00:00,2026-03-10T03:55:34+00:00,,missing_exit_fill
2026-03-10,acc02,4,COLLECTUSDT,29.06,1,ed138ebc-427f-4f7b-b18d-71f27fab7866,2026-03-09,2026-03-09T23:45:00+00:00,2026-03-10T07:45:00+08:00,1,585,CLOSED_SL,STOP_LOSS_FILLED,0.05487,,0.05035,2026-03-09T23:47:01+00:00,2026-03-11T04:05:07+00:00,8.237652633497362,entry_to_exit_fill
2026-03-10,acc02,5,DOGSUSDT,28.63,1,ed138ebc-427f-4f7b-b18d-71f27fab7866,2026-03-09,2026-03-09T23:45:00+00:00,2026-03-10T07:45:00+08:00,1,586,CLOSED_SL,STOP_LOSS_FILLED,3.39e-05,,3.295267120526882e-05,2026-03-09T23:47:31+00:00,2026-03-11T21:36:06+00:00,2.79448022044595,entry_to_exit_fill
2026-03-10,acc02,6,DENTUSDT,28.37,1,ed138ebc-427f-4f7b-b18d-71f27fab7866,2026-03-09,2026-03-09T23:45:00+00:00,2026-03-10T07:45:00+08:00,1,587,CLOSED_TIMEOUT,MAX_HOLD_EXCEEDED,0.000265,,0.00022912300256541817,2026-03-09T23:48:01+00:00,2026-03-11T23:18:07+00:00,13.538489597955405,entry_to_exit_fill
2026-03-10,acc02,7,XNYUSDT,26.35,1,ed138ebc-427f-4f7b-b18d-71f27fab7866,2026-03-09,2026-03-09T23:45:00+00:00,2026-03-10T07:45:00+08:00,1,588,CLOSED_EXTERNAL,SHORT_POSITION_NOT_FOUND,0.0052178632038,,,2026-03-09T23:48:31+00:00,2026-03-10T03:55:34+00:00,,missing_exit_fill
2026-03-10,acc02,8,SAHARAUSDT,19.45,1,ed138ebc-427f-4f7b-b18d-71f27fab7866,2026-03-09,2026-03-09T23:45:00+00:00,2026-03-10T07:45:00+08:00,1,589,CLOSED_TIMEOUT,MAX_HOLD_EXCEEDED,0.02494,,0.023920697674418605,2026-03-09T23:49:01+00:00,2026-03-11T23:19:07+00:00,4.087018145875681,entry_to_exit_fill
2026-03-10,acc02,9,DEXEUSDT,18.82,1,ed138ebc-427f-4f7b-b18d-71f27fab7866,2026-03-09,2026-03-09T23:45:00+00:00,2026-03-10T07:45:00+08:00,1,590,CLOSED_EXTERNAL,SHORT_POSITION_NOT_FOUND,4.642807030129,,,2026-03-09T23:49:31+00:00,2026-03-10T03:55:34+00:00,,missing_exit_fill
2026-03-10,acc02,10,ICNTUSDT,17.51,1,ed138ebc-427f-4f7b-b18d-71f27fab7866,2026-03-09,2026-03-09T23:45:00+00:00,2026-03-10T07:45:00+08:00,1,591,CLOSED_EXTERNAL,SHORT_POSITION_NOT_FOUND,0.3691107954545,,,2026-03-09T23:50:01+00:00,2026-03-10T03:55:34+00:00,,missing_exit_fill
2026-03-10,acc03,1,ARIAUSDT,38.9,1,0efb256e-b41a-4d06-894b-ed0d7ca773a9,2026-03-09,2026-03-09T23:40:13+00:00,2026-03-10T07:40:13+08:00,1,552,CLOSED_SL,STOP_LOSS_FILLED,0.10597,,,2026-03-09T23:40:13+00:00,2026-03-10T07:41:34+00:00,,missing_exit_fill
2026-03-10,acc03,2,FLOWUSDT,30.65,1,0efb256e-b41a-4d06-894b-ed0d7ca773a9,2026-03-09,2026-03-09T23:40:13+00:00,2026-03-10T07:40:13+08:00,1,553,CLOSED_SL,STOP_LOSS_FILLED,0.05164,,,2026-03-09T23:40:13+00:00,2026-03-10T04:43:34+00:00,,missing_exit_fill
2026-03-10,acc03,3,NAORISUSDT,29.37,1,0efb256e-b41a-4d06-894b-ed0d7ca773a9,2026-03-09,2026-03-09T23:40:13+00:00,2026-03-10T07:40:13+08:00,1,554,CLOSED_SL,STOP_LOSS_FILLED,0.0449,,,2026-03-09T23:40:13+00:00,2026-03-10T05:31:34+00:00,,missing_exit_fill
2026-03-10,acc03,4,COLLECTUSDT,29.06,1,0efb256e-b41a-4d06-894b-ed0d7ca773a9,2026-03-09,2026-03-09T23:40:13+00:00,2026-03-10T07:40:13+08:00,1,557,CLOSED_SL,STOP_LOSS_FILLED,0.0550681001341,,,2026-03-09T23:40:13+00:00,2026-03-11T04:05:07+00:00,,missing_exit_fill
2026-03-10,acc03,5,DOGSUSDT,28.63,1,0efb256e-b41a-4d06-894b-ed0d7ca773a9,2026-03-09,2026-03-09T23:40:13+00:00,2026-03-10T07:40:13+08:00,1,560,CLOSED_SL,STOP_LOSS_FILLED,3.37e-05,,3.21e-05,2026-03-09T23:40:13+00:00,2026-03-11T21:36:06+00:00,4.7477744807121605,entry_to_exit_fill
2026-03-10,acc03,6,DENTUSDT,28.37,1,0efb256e-b41a-4d06-894b-ed0d7ca773a9,2026-03-09,2026-03-09T23:40:13+00:00,2026-03-10T07:40:13+08:00,1,561,CLOSED_TIMEOUT,MAX_HOLD_EXCEEDED,0.000266,,0.000229,2026-03-09T23:40:13+00:00,2026-03-11T23:11:07+00:00,13.909774436090228,entry_to_exit_fill
2026-03-10,acc03,7,XNYUSDT,26.35,1,0efb256e-b41a-4d06-894b-ed0d7ca773a9,2026-03-09,2026-03-09T23:40:13+00:00,2026-03-10T07:40:13+08:00,1,564,CLOSED_SL,STOP_LOSS_FILLED,0.005211229143,,0.00519,2026-03-09T23:40:13+00:00,2026-03-11T05:34:06+00:00,0.40737304803639635,entry_to_exit_fill
2026-03-10,acc03,8,SAHARAUSDT,19.45,1,0efb256e-b41a-4d06-894b-ed0d7ca773a9,2026-03-09,2026-03-09T23:40:13+00:00,2026-03-10T07:40:13+08:00,1,567,CLOSED_TIMEOUT,MAX_HOLD_EXCEEDED,0.02502,,0.023762888663967613,2026-03-09T23:40:13+00:00,2026-03-11T23:11:07+00:00,5.024425803486761,entry_to_exit_fill
2026-03-10,acc03,9,DEXEUSDT,18.82,1,0efb256e-b41a-4d06-894b-ed0d7ca773a9,2026-03-09,2026-03-09T23:40:13+00:00,2026-03-10T07:40:13+08:00,1,570,CLOSED_SL,STOP_LOSS_FILLED,4.667,,,2026-03-09T23:40:13+00:00,2026-03-10T04:07:34+00:00,,missing_exit_fill
2026-03-10,acc03,10,ICNTUSDT,17.51,1,0efb256e-b41a-4d06-894b-ed0d7ca773a9,2026-03-09,2026-03-09T23:40:13+00:00,2026-03-10T07:40:13+08:00,1,573,CLOSED_SL,STOP_LOSS_FILLED,0.3688915129151,,,2026-03-09T23:40:13+00:00,2026-03-10T04:02:34+00:00,,missing_exit_fill
2026-03-10,acc04,1,ARIAUSDT,38.9,1,8edcb791-5975-4d39-9bb6-9576c9a36280,2026-03-09,2026-03-09T23:40:13+00:00,2026-03-10T07:40:13+08:00,1,556,CLOSED_SL,STOP_LOSS_FILLED,0.10598,,,2026-03-09T23:40:13+00:00,2026-03-10T07:41:34+00:00,,missing_exit_fill
2026-03-10,acc04,2,FLOWUSDT,30.65,1,8edcb791-5975-4d39-9bb6-9576c9a36280,2026-03-09,2026-03-09T23:40:13+00:00,2026-03-10T07:40:13+08:00,1,559,CLOSED_EXTERNAL,SHORT_POSITION_NOT_FOUND,0.0516209257257,,,2026-03-09T23:40:13+00:00,2026-03-10T03:55:34+00:00,,missing_exit_fill
2026-03-10,acc04,3,NAORISUSDT,29.37,1,8edcb791-5975-4d39-9bb6-9576c9a36280,2026-03-09,2026-03-09T23:40:13+00:00,2026-03-10T07:40:13+08:00,1,562,CLOSED_EXTERNAL,SHORT_POSITION_NOT_FOUND,0.04489,,,2026-03-09T23:40:13+00:00,2026-03-10T03:55:34+00:00,,missing_exit_fill
2026-03-10,acc04,4,COLLECTUSDT,29.06,1,8edcb791-5975-4d39-9bb6-9576c9a36280,2026-03-09,2026-03-09T23:40:13+00:00,2026-03-10T07:40:13+08:00,1,565,CLOSED_SL,STOP_LOSS_FILLED,0.0550493215972,,0.05043,2026-03-09T23:40:13+00:00,2026-03-11T04:05:07+00:00,8.391241641450046,entry_to_exit_fill
2026-03-10,acc04,5,DOGSUSDT,28.63,1,8edcb791-5975-4d39-9bb6-9576c9a36280,2026-03-09,2026-03-09T23:40:13+00:00,2026-03-10T07:40:13+08:00,1,568,CLOSED_SL,STOP_LOSS_FILLED,3.37e-05,,3.21e-05,2026-03-09T23:40:13+00:00,2026-03-11T21:36:07+00:00,4.7477744807121605,entry_to_exit_fill
2026-03-10,acc04,6,DENTUSDT,28.37,1,8edcb791-5975-4d39-9bb6-9576c9a36280,2026-03-09,2026-03-09T23:40:13+00:00,2026-03-10T07:40:13+08:00,1,572,CLOSED_TIMEOUT,MAX_HOLD_EXCEEDED,0.000266,,0.0002302010111181472,2026-03-09T23:40:13+00:00,2026-03-11T23:11:07+00:00,13.458266496937146,entry_to_exit_fill
2026-03-10,acc04,7,XNYUSDT,26.35,1,8edcb791-5975-4d39-9bb6-9576c9a36280,2026-03-09,2026-03-09T23:40:13+00:00,2026-03-10T07:40:13+08:00,1,574,CLOSED_EXTERNAL,SHORT_POSITION_NOT_FOUND,0.005205,,,2026-03-09T23:40:13+00:00,2026-03-10T03:55:35+00:00,,missing_exit_fill
2026-03-10,acc04,8,SAHARAUSDT,19.45,1,8edcb791-5975-4d39-9bb6-9576c9a36280,2026-03-09,2026-03-09T23:40:13+00:00,2026-03-10T07:40:13+08:00,1,576,CLOSED_TIMEOUT,MAX_HOLD_EXCEEDED,0.0250149426405,,0.023901794672370212,2026-03-09T23:40:13+00:00,2026-03-11T23:11:07+00:00,4.449932123080562,entry_to_exit_fill
2026-03-10,acc04,9,DEXEUSDT,18.82,1,8edcb791-5975-4d39-9bb6-9576c9a36280,2026-03-09,2026-03-09T23:40:13+00:00,2026-03-10T07:40:13+08:00,1,578,CLOSED_EXTERNAL,SHORT_POSITION_NOT_FOUND,4.666649129173,,,2026-03-09T23:40:13+00:00,2026-03-10T03:55:35+00:00,,missing_exit_fill
2026-03-10,acc04,10,ICNTUSDT,17.51,1,8edcb791-5975-4d39-9bb6-9576c9a36280,2026-03-09,2026-03-09T23:40:13+00:00,2026-03-10T07:40:13+08:00,1,580,CLOSED_EXTERNAL,SHORT_POSITION_NOT_FOUND,0.3688,,,2026-03-09T23:40:14+00:00,2026-03-10T03:55:35+00:00,,missing_exit_fill
2026-03-11,acc01,1,PIXELUSDT,73.87,1,1c889f2f-6d23-47cd-9e5a-1a3dcfbdebef,2026-03-10,2026-03-10T23:40:13+00:00,2026-03-11T07:40:13+08:00,1,592,CLOSED_EXTERNAL,SHORT_POSITION_NOT_FOUND,0.008692,,,2026-03-10T23:40:14+00:00,2026-03-11T03:55:07+00:00,,missing_exit_fill
2026-03-11,acc01,2,PLAYUSDT,62.75,1,1c889f2f-6d23-47cd-9e5a-1a3dcfbdebef,2026-03-10,2026-03-10T23:40:13+00:00,2026-03-11T07:40:13+08:00,1,594,CLOSED_EXTERNAL,SHORT_POSITION_NOT_FOUND,0.03536,,,2026-03-10T23:40:14+00:00,2026-03-11T03:55:07+00:00,,missing_exit_fill
2026-03-11,acc01,3,AINUSDT,52.89,1,1c889f2f-6d23-47cd-9e5a-1a3dcfbdebef,2026-03-10,2026-03-10T23:40:13+00:00,2026-03-11T07:40:13+08:00,1,595,CLOSED_SL,STOP_LOSS_FILLED,0.0547557315843,,,2026-03-10T23:40:14+00:00,2026-03-11T04:21:07+00:00,,missing_exit_fill
2026-03-11,acc01,4,TRIAUSDT,31.37,1,1c889f2f-6d23-47cd-9e5a-1a3dcfbdebef,2026-03-10,2026-03-10T23:40:13+00:00,2026-03-11T07:40:13+08:00,1,598,CLOSED_SL,STOP_LOSS_FILLED,0.02789,,,2026-03-10T23:40:14+00:00,2026-03-11T06:00:06+00:00,,missing_exit_fill
2026-03-11,acc01,5,BASUSDT,27.66,1,1c889f2f-6d23-47cd-9e5a-1a3dcfbdebef,2026-03-10,2026-03-10T23:40:13+00:00,2026-03-11T07:40:13+08:00,1,601,CLOSED_SL,STOP_LOSS_FILLED,0.0091491719186,0.008343,,2026-03-10T23:40:14+00:00,2026-03-12T15:29:57+00:00,,missing_exit_fill
2026-03-11,acc01,6,NAORISUSDT,26.38,1,1c889f2f-6d23-47cd-9e5a-1a3dcfbdebef,2026-03-10,2026-03-10T23:40:13+00:00,2026-03-11T07:40:13+08:00,1,604,CLOSED_SL,STOP_LOSS_FILLED,0.0568583184914,,,2026-03-10T23:40:14+00:00,2026-03-11T07:31:07+00:00,,missing_exit_fill
2026-03-11,acc01,7,FLOWUSDT,26.26,1,1c889f2f-6d23-47cd-9e5a-1a3dcfbdebef,2026-03-10,2026-03-10T23:40:13+00:00,2026-03-11T07:40:13+08:00,1,607,CLOSED_TIMEOUT,MAX_HOLD_EXCEEDED,0.06502,,0.05371000000000001,2026-03-10T23:40:14+00:00,2026-03-12T23:10:59+00:00,17.394647800676697,entry_to_exit_fill
2026-03-11,acc01,8,ARIAUSDT,22.47,1,1c889f2f-6d23-47cd-9e5a-1a3dcfbdebef,2026-03-10,2026-03-10T23:40:13+00:00,2026-03-11T07:40:13+08:00,1,609,CLOSED_SL,STOP_LOSS_FILLED,0.1302196278511,,,2026-03-10T23:40:14+00:00,2026-03-11T08:17:07+00:00,,missing_exit_fill
2026-03-11,acc01,9,LYNUSDT,21.46,1,1c889f2f-6d23-47cd-9e5a-1a3dcfbdebef,2026-03-10,2026-03-10T23:40:13+00:00,2026-03-11T07:40:13+08:00,1,611,CLOSED_EXTERNAL,SHORT_POSITION_NOT_FOUND,0.3482021794872,,,2026-03-10T23:40:14+00:00,2026-03-11T03:55:08+00:00,,missing_exit_fill
2026-03-11,acc01,10,BLUAIUSDT,21.23,1,1c889f2f-6d23-47cd-9e5a-1a3dcfbdebef,2026-03-10,2026-03-10T23:40:13+00:00,2026-03-11T07:40:13+08:00,1,615,CLOSED_EXTERNAL,SHORT_POSITION_NOT_FOUND,0.006170169292,,,2026-03-10T23:40:15+00:00,2026-03-11T03:55:08+00:00,,missing_exit_fill
2026-03-11,acc02,1,PIXELUSDT,73.87,1,c2cd9d16-e801-419b-b8d4-59eecbab91ae,2026-03-10,2026-03-10T23:45:00+00:00,2026-03-11T07:45:00+08:00,1,622,CLOSED_EXTERNAL,SHORT_POSITION_NOT_FOUND,0.0087255849609,,,2026-03-10T23:45:32+00:00,2026-03-11T03:55:07+00:00,,missing_exit_fill
2026-03-11,acc02,2,PLAYUSDT,62.75,1,c2cd9d16-e801-419b-b8d4-59eecbab91ae,2026-03-10,2026-03-10T23:45:00+00:00,2026-03-11T07:45:00+08:00,1,623,CLOSED_EXTERNAL,SHORT_POSITION_NOT_FOUND,0.03536,,,2026-03-10T23:46:02+00:00,2026-03-11T03:55:07+00:00,,missing_exit_fill
2026-03-11,acc02,3,AINUSDT,52.89,1,c2cd9d16-e801-419b-b8d4-59eecbab91ae,2026-03-10,2026-03-10T23:45:00+00:00,2026-03-11T07:45:00+08:00,1,624,CLOSED_SL,STOP_LOSS_FILLED,0.054545483871,,,2026-03-10T23:46:32+00:00,2026-03-11T04:21:07+00:00,,missing_exit_fill
2026-03-11,acc02,4,TRIAUSDT,31.37,1,c2cd9d16-e801-419b-b8d4-59eecbab91ae,2026-03-10,2026-03-10T23:45:00+00:00,2026-03-11T07:45:00+08:00,1,625,CLOSED_SL,STOP_LOSS_FILLED,0.02777,,,2026-03-10T23:47:02+00:00,2026-03-11T06:00:08+00:00,,missing_exit_fill
2026-03-11,acc02,5,BASUSDT,27.66,1,c2cd9d16-e801-419b-b8d4-59eecbab91ae,2026-03-10,2026-03-10T23:45:00+00:00,2026-03-11T07:45:00+08:00,1,626,CLOSED_SL,STOP_LOSS_FILLED,0.0091211514707,0.008299,,2026-03-10T23:47:32+00:00,2026-03-12T15:29:57+00:00,,missing_exit_fill
2026-03-11,acc02,6,NAORISUSDT,26.38,1,c2cd9d16-e801-419b-b8d4-59eecbab91ae,2026-03-10,2026-03-10T23:45:00+00:00,2026-03-11T07:45:00+08:00,1,627,CLOSED_SL,STOP_LOSS_FILLED,0.05688,,,2026-03-10T23:48:02+00:00,2026-03-11T07:31:07+00:00,,missing_exit_fill
2026-03-11,acc02,7,FLOWUSDT,26.26,1,c2cd9d16-e801-419b-b8d4-59eecbab91ae,2026-03-10,2026-03-10T23:45:00+00:00,2026-03-11T07:45:00+08:00,1,628,CLOSED_TIMEOUT,MAX_HOLD_EXCEEDED,0.0652030793979,,0.05369,2026-03-10T23:48:32+00:00,2026-03-12T23:18:59+00:00,17.657263282983536,entry_to_exit_fill
2026-03-11,acc02,8,ARIAUSDT,22.47,1,c2cd9d16-e801-419b-b8d4-59eecbab91ae,2026-03-10,2026-03-10T23:45:00+00:00,2026-03-11T07:45:00+08:00,1,629,CLOSED_SL,STOP_LOSS_FILLED,0.13016,,,2026-03-10T23:49:02+00:00,2026-03-11T08:17:07+00:00,,missing_exit_fill
2026-03-11,acc02,9,LYNUSDT,21.46,1,c2cd9d16-e801-419b-b8d4-59eecbab91ae,2026-03-10,2026-03-10T23:45:00+00:00,2026-03-11T07:45:00+08:00,1,630,CLOSED_EXTERNAL,SHORT_POSITION_NOT_FOUND,0.3477081758958,,,2026-03-10T23:49:32+00:00,2026-03-11T03:55:08+00:00,,missing_exit_fill
2026-03-11,acc02,10,BLUAIUSDT,21.23,1,c2cd9d16-e801-419b-b8d4-59eecbab91ae,2026-03-10,2026-03-10T23:45:00+00:00,2026-03-11T07:45:00+08:00,1,631,CLOSED_EXTERNAL,SHORT_POSITION_NOT_FOUND,0.0061785345343,,,2026-03-10T23:50:32+00:00,2026-03-11T03:55:08+00:00,,missing_exit_fill
2026-03-11,acc03,1,PIXELUSDT,73.87,1,ee51197d-7bd2-479d-ad7e-67f6af922a37,2026-03-10,2026-03-10T23:40:13+00:00,2026-03-11T07:40:13+08:00,1,593,CLOSED_SL,STOP_LOSS_FILLED,0.008692,,,2026-03-10T23:40:14+00:00,2026-03-11T06:27:07+00:00,,missing_exit_fill
2026-03-11,acc03,2,PLAYUSDT,62.75,1,ee51197d-7bd2-479d-ad7e-67f6af922a37,2026-03-10,2026-03-10T23:40:13+00:00,2026-03-11T07:40:13+08:00,1,596,CLOSED_SL,STOP_LOSS_FILLED,0.0353585,,,2026-03-10T23:40:14+00:00,2026-03-11T07:50:07+00:00,,missing_exit_fill
2026-03-11,acc03,3,AINUSDT,52.89,1,ee51197d-7bd2-479d-ad7e-67f6af922a37,2026-03-10,2026-03-10T23:40:13+00:00,2026-03-11T07:40:13+08:00,1,599,CLOSED_SL,STOP_LOSS_FILLED,0.0547319693978,,,2026-03-10T23:40:14+00:00,2026-03-11T04:21:07+00:00,,missing_exit_fill
2026-03-11,acc03,4,TRIAUSDT,31.37,1,ee51197d-7bd2-479d-ad7e-67f6af922a37,2026-03-10,2026-03-10T23:40:13+00:00,2026-03-11T07:40:13+08:00,1,602,CLOSED_SL,STOP_LOSS_FILLED,0.0278869410289,,,2026-03-10T23:40:14+00:00,2026-03-11T06:00:07+00:00,,missing_exit_fill
2026-03-11,acc03,5,BASUSDT,27.66,1,ee51197d-7bd2-479d-ad7e-67f6af922a37,2026-03-10,2026-03-10T23:40:13+00:00,2026-03-11T07:40:13+08:00,1,605,CLOSED_SL,STOP_LOSS_FILLED,0.0091283135405,0.008345,,2026-03-10T23:40:14+00:00,2026-03-12T15:29:57+00:00,,missing_exit_fill
2026-03-11,acc03,6,NAORISUSDT,26.38,1,ee51197d-7bd2-479d-ad7e-67f6af922a37,2026-03-10,2026-03-10T23:40:13+00:00,2026-03-11T07:40:13+08:00,1,608,CLOSED_SL,STOP_LOSS_FILLED,0.0568555327869,,,2026-03-10T23:40:14+00:00,2026-03-11T07:31:07+00:00,,missing_exit_fill
2026-03-11,acc03,7,FLOWUSDT,26.26,1,ee51197d-7bd2-479d-ad7e-67f6af922a37,2026-03-10,2026-03-10T23:40:13+00:00,2026-03-11T07:40:13+08:00,1,613,CLOSED_TIMEOUT,MAX_HOLD_EXCEEDED,0.0650140759597,,0.05371,2026-03-10T23:40:14+00:00,2026-03-12T23:10:59+00:00,17.38712085473154,entry_to_exit_fill
2026-03-11,acc03,8,ARIAUSDT,22.47,1,ee51197d-7bd2-479d-ad7e-67f6af922a37,2026-03-10,2026-03-10T23:40:13+00:00,2026-03-11T07:40:13+08:00,1,616,CLOSED_SL,STOP_LOSS_FILLED,0.1301817156286,,,2026-03-10T23:40:15+00:00,2026-03-11T08:17:07+00:00,,missing_exit_fill
2026-03-11,acc03,9,LYNUSDT,21.46,1,ee51197d-7bd2-479d-ad7e-67f6af922a37,2026-03-10,2026-03-10T23:40:13+00:00,2026-03-11T07:40:13+08:00,1,618,CLOSED_SL,STOP_LOSS_FILLED,0.3481676175549,,,2026-03-10T23:40:15+00:00,2026-03-11T07:17:08+00:00,,missing_exit_fill
2026-03-11,acc03,10,BLUAIUSDT,21.23,1,ee51197d-7bd2-479d-ad7e-67f6af922a37,2026-03-10,2026-03-10T23:40:13+00:00,2026-03-11T07:40:13+08:00,1,620,CLOSED_SL,STOP_LOSS_FILLED,0.0061704654107,,,2026-03-10T23:40:15+00:00,2026-03-11T06:16:07+00:00,,missing_exit_fill
2026-03-11,acc04,1,PIXELUSDT,73.87,1,6e97153e-f80c-4a9b-9f3d-ce4a79b9f104,2026-03-10,2026-03-10T23:40:13+00:00,2026-03-11T07:40:13+08:00,1,597,CLOSED_EXTERNAL,SHORT_POSITION_NOT_FOUND,0.008692,,,2026-03-10T23:40:14+00:00,2026-03-11T03:55:08+00:00,,missing_exit_fill
2026-03-11,acc04,2,PLAYUSDT,62.75,1,6e97153e-f80c-4a9b-9f3d-ce4a79b9f104,2026-03-10,2026-03-10T23:40:13+00:00,2026-03-11T07:40:13+08:00,1,600,CLOSED_EXTERNAL,SHORT_POSITION_NOT_FOUND,0.03535,,,2026-03-10T23:40:14+00:00,2026-03-11T03:55:08+00:00,,missing_exit_fill
2026-03-11,acc04,3,AINUSDT,52.89,1,6e97153e-f80c-4a9b-9f3d-ce4a79b9f104,2026-03-10,2026-03-10T23:40:13+00:00,2026-03-11T07:40:13+08:00,1,603,CLOSED_SL,STOP_LOSS_FILLED,0.0547147557172,,,2026-03-10T23:40:14+00:00,2026-03-11T04:21:08+00:00,,missing_exit_fill
2026-03-11,acc04,4,TRIAUSDT,31.37,1,6e97153e-f80c-4a9b-9f3d-ce4a79b9f104,2026-03-10,2026-03-10T23:40:13+00:00,2026-03-11T07:40:13+08:00,1,606,CLOSED_SL,STOP_LOSS_FILLED,0.02788,,,2026-03-10T23:40:14+00:00,2026-03-11T06:00:07+00:00,,missing_exit_fill
2026-03-11,acc04,5,BASUSDT,27.66,1,6e97153e-f80c-4a9b-9f3d-ce4a79b9f104,2026-03-10,2026-03-10T23:40:13+00:00,2026-03-11T07:40:13+08:00,1,610,CLOSED_SL,STOP_LOSS_FILLED,0.0091463300048,0.008345,,2026-03-10T23:40:14+00:00,2026-03-12T15:29:58+00:00,,missing_exit_fill
2026-03-11,acc04,6,NAORISUSDT,26.38,1,6e97153e-f80c-4a9b-9f3d-ce4a79b9f104,2026-03-10,2026-03-10T23:40:13+00:00,2026-03-11T07:40:13+08:00,1,612,CLOSED_SL,STOP_LOSS_FILLED,0.0568436535348,,,2026-03-10T23:40:14+00:00,2026-03-11T07:31:07+00:00,,missing_exit_fill
2026-03-11,acc04,7,FLOWUSDT,26.26,1,6e97153e-f80c-4a9b-9f3d-ce4a79b9f104,2026-03-10,2026-03-10T23:40:13+00:00,2026-03-11T07:40:13+08:00,1,614,CLOSED_TIMEOUT,MAX_HOLD_EXCEEDED,0.0650048477752,,0.05371791,2026-03-10T23:40:15+00:00,2026-03-12T23:10:59+00:00,17.363224684768948,entry_to_exit_fill
2026-03-11,acc04,8,ARIAUSDT,22.47,1,6e97153e-f80c-4a9b-9f3d-ce4a79b9f104,2026-03-10,2026-03-10T23:40:13+00:00,2026-03-11T07:40:13+08:00,1,617,CLOSED_SL,STOP_LOSS_FILLED,0.1301468193069,,,2026-03-10T23:40:15+00:00,2026-03-11T08:17:07+00:00,,missing_exit_fill
2026-03-11,acc04,9,LYNUSDT,21.46,1,6e97153e-f80c-4a9b-9f3d-ce4a79b9f104,2026-03-10,2026-03-10T23:40:13+00:00,2026-03-11T07:40:13+08:00,1,619,CLOSED_EXTERNAL,SHORT_POSITION_NOT_FOUND,0.3481371947195,,,2026-03-10T23:40:15+00:00,2026-03-11T03:55:09+00:00,,missing_exit_fill
2026-03-11,acc04,10,BLUAIUSDT,21.23,1,6e97153e-f80c-4a9b-9f3d-ce4a79b9f104,2026-03-10,2026-03-10T23:40:13+00:00,2026-03-11T07:40:13+08:00,1,621,CLOSED_EXTERNAL,SHORT_POSITION_NOT_FOUND,0.0061705004016,,,2026-03-10T23:40:15+00:00,2026-03-11T03:55:09+00:00,,missing_exit_fill
2026-03-12,acc01,1,ACXUSDT,80.43,1,7d9b9333-1563-4632-9515-d37ba99099e0,2026-03-11,2026-03-11T23:40:13+00:00,2026-03-12T07:40:13+08:00,1,632,CLOSED_EXTERNAL,SHORT_POSITION_NOT_FOUND,0.0610804475076,,,2026-03-11T23:40:13+00:00,2026-03-12T03:55:57+00:00,,missing_exit_fill
2026-03-12,acc01,2,PIXELUSDT,65.9,1,7d9b9333-1563-4632-9515-d37ba99099e0,2026-03-11,2026-03-11T23:40:13+00:00,2026-03-12T07:40:13+08:00,1,634,CLOSED_TP,TAKE_PROFIT_FILLED,0.014617,,,2026-03-11T23:40:13+00:00,2026-03-12T02:38:28+00:00,,missing_exit_fill
2026-03-12,acc01,3,OGNUSDT,48.95,1,7d9b9333-1563-4632-9515-d37ba99099e0,2026-03-11,2026-03-11T23:40:13+00:00,2026-03-12T07:40:13+08:00,1,636,CLOSED_SL,STOP_LOSS_FILLED,0.0282,,,2026-03-11T23:40:13+00:00,2026-03-12T09:05:57+00:00,,missing_exit_fill
2026-03-12,acc01,4,DEGOUSDT,35.74,1,7d9b9333-1563-4632-9515-d37ba99099e0,2026-03-11,2026-03-11T23:40:13+00:00,2026-03-12T07:40:13+08:00,1,639,CLOSED_EXTERNAL,SHORT_POSITION_NOT_FOUND,0.9088,,,2026-03-11T23:40:13+00:00,2026-03-12T03:55:57+00:00,,missing_exit_fill
2026-03-12,acc01,5,HUMAUSDT,25.25,1,7d9b9333-1563-4632-9515-d37ba99099e0,2026-03-11,2026-03-11T23:40:13+00:00,2026-03-12T07:40:13+08:00,1,641,CLOSED_EXTERNAL,SHORT_POSITION_NOT_FOUND,0.0199186189034,,,2026-03-11T23:40:13+00:00,2026-03-12T03:55:57+00:00,,missing_exit_fill
2026-03-12,acc01,6,OXTUSDT,21.23,1,7d9b9333-1563-4632-9515-d37ba99099e0,2026-03-11,2026-03-11T23:40:13+00:00,2026-03-12T07:40:13+08:00,1,643,CLOSED_SL,STOP_LOSS_FILLED,0.0190562860176,,,2026-03-11T23:40:13+00:00,2026-03-12T15:22:57+00:00,,missing_exit_fill
2026-03-12,acc01,7,BLUAIUSDT,19.9,1,7d9b9333-1563-4632-9515-d37ba99099e0,2026-03-11,2026-03-11T23:40:13+00:00,2026-03-12T07:40:13+08:00,1,646,CLOSED_EXTERNAL,SHORT_POSITION_NOT_FOUND,0.007435,,,2026-03-11T23:40:13+00:00,2026-03-12T03:55:58+00:00,,missing_exit_fill
2026-03-12,acc01,8,SOLVUSDT,17.58,1,7d9b9333-1563-4632-9515-d37ba99099e0,2026-03-11,2026-03-11T23:40:13+00:00,2026-03-12T07:40:13+08:00,1,648,CLOSED_SL,STOP_LOSS_FILLED,0.004401,,,2026-03-11T23:40:13+00:00,2026-03-13T12:16:04+00:00,,missing_exit_fill
2026-03-12,acc01,9,USUSDT,16.69,1,7d9b9333-1563-4632-9515-d37ba99099e0,2026-03-11,2026-03-11T23:40:13+00:00,2026-03-12T07:40:13+08:00,1,650,CLOSED_EXTERNAL,SHORT_POSITION_NOT_FOUND,0.0040977459525,,,2026-03-11T23:40:13+00:00,2026-03-12T03:55:58+00:00,,missing_exit_fill
2026-03-12,acc01,10,PLAYUSDT,16.62,1,7d9b9333-1563-4632-9515-d37ba99099e0,2026-03-11,2026-03-11T23:40:13+00:00,2026-03-12T07:40:13+08:00,1,653,CLOSED_TP,TAKE_PROFIT_FILLED,0.0410998425197,,,2026-03-11T23:40:13+00:00,2026-03-13T22:41:04+00:00,,missing_exit_fill
2026-03-12,acc02,1,ACXUSDT,80.43,1,de149ced-fecf-4b5d-aef0-9019ff02c42a,2026-03-11,2026-03-11T23:45:00+00:00,2026-03-12T07:45:00+08:00,1,662,CLOSED_EXTERNAL,SHORT_POSITION_NOT_FOUND,0.0611021590797,,,2026-03-11T23:45:30+00:00,2026-03-12T03:55:57+00:00,,missing_exit_fill
2026-03-12,acc02,2,PIXELUSDT,65.9,1,de149ced-fecf-4b5d-aef0-9019ff02c42a,2026-03-11,2026-03-11T23:45:00+00:00,2026-03-12T07:45:00+08:00,1,663,CLOSED_TP,TAKE_PROFIT_FILLED,0.0146139575951,,,2026-03-11T23:46:00+00:00,2026-03-12T02:38:28+00:00,,missing_exit_fill
2026-03-12,acc02,3,OGNUSDT,48.95,1,de149ced-fecf-4b5d-aef0-9019ff02c42a,2026-03-11,2026-03-11T23:45:00+00:00,2026-03-12T07:45:00+08:00,1,664,CLOSED_SL,STOP_LOSS_FILLED,0.0283,,,2026-03-11T23:46:30+00:00,2026-03-12T09:05:57+00:00,,missing_exit_fill
2026-03-12,acc02,4,DEGOUSDT,35.74,1,de149ced-fecf-4b5d-aef0-9019ff02c42a,2026-03-11,2026-03-11T23:45:00+00:00,2026-03-12T07:45:00+08:00,1,665,CLOSED_EXTERNAL,SHORT_POSITION_NOT_FOUND,0.9015572055596,,,2026-03-11T23:47:00+00:00,2026-03-12T03:55:57+00:00,,missing_exit_fill
2026-03-12,acc02,5,HUMAUSDT,25.25,1,de149ced-fecf-4b5d-aef0-9019ff02c42a,2026-03-11,2026-03-11T23:45:00+00:00,2026-03-12T07:45:00+08:00,1,666,CLOSED_EXTERNAL,SHORT_POSITION_NOT_FOUND,0.019782,,,2026-03-11T23:47:30+00:00,2026-03-12T03:55:57+00:00,,missing_exit_fill
2026-03-12,acc02,6,OXTUSDT,21.23,1,de149ced-fecf-4b5d-aef0-9019ff02c42a,2026-03-11,2026-03-11T23:45:00+00:00,2026-03-12T07:45:00+08:00,1,667,CLOSED_SL,STOP_LOSS_FILLED,0.0186190155122,,,2026-03-11T23:48:00+00:00,2026-03-12T09:21:57+00:00,,missing_exit_fill
2026-03-12,acc02,7,BLUAIUSDT,19.9,1,de149ced-fecf-4b5d-aef0-9019ff02c42a,2026-03-11,2026-03-11T23:45:00+00:00,2026-03-12T07:45:00+08:00,1,668,CLOSED_EXTERNAL,SHORT_POSITION_NOT_FOUND,0.0074087197894,,,2026-03-11T23:48:31+00:00,2026-03-12T03:55:57+00:00,,missing_exit_fill
2026-03-12,acc02,8,SOLVUSDT,17.58,1,de149ced-fecf-4b5d-aef0-9019ff02c42a,2026-03-11,2026-03-11T23:45:00+00:00,2026-03-12T07:45:00+08:00,1,669,CLOSED_SL,STOP_LOSS_FILLED,0.0043855570993,,,2026-03-11T23:49:01+00:00,2026-03-13T12:16:04+00:00,,missing_exit_fill
2026-03-12,acc02,9,USUSDT,16.69,1,de149ced-fecf-4b5d-aef0-9019ff02c42a,2026-03-11,2026-03-11T23:45:00+00:00,2026-03-12T07:45:00+08:00,1,670,CLOSED_EXTERNAL,SHORT_POSITION_NOT_FOUND,0.004106864855,,,2026-03-11T23:49:31+00:00,2026-03-12T03:55:58+00:00,,missing_exit_fill
2026-03-12,acc02,10,PLAYUSDT,16.62,1,de149ced-fecf-4b5d-aef0-9019ff02c42a,2026-03-11,2026-03-11T23:45:00+00:00,2026-03-12T07:45:00+08:00,1,671,CLOSED_TP,TAKE_PROFIT_FILLED,0.04101,,,2026-03-11T23:50:01+00:00,2026-03-13T22:41:04+00:00,,missing_exit_fill
2026-03-12,acc03,1,ACXUSDT,80.43,1,c1dad896-8223-4d7e-8b3c-eb8d24ccb954,2026-03-11,2026-03-11T23:40:13+00:00,2026-03-12T07:40:13+08:00,1,635,CLOSED_TP,TAKE_PROFIT_FILLED,0.06112,,,2026-03-11T23:40:13+00:00,2026-03-12T14:37:57+00:00,,missing_exit_fill
2026-03-12,acc03,2,PIXELUSDT,65.9,1,c1dad896-8223-4d7e-8b3c-eb8d24ccb954,2026-03-11,2026-03-11T23:40:13+00:00,2026-03-12T07:40:13+08:00,1,638,CLOSED_TP,TAKE_PROFIT_FILLED,0.014615,,,2026-03-11T23:40:13+00:00,2026-03-12T02:38:28+00:00,,missing_exit_fill
2026-03-12,acc03,3,OGNUSDT,48.95,1,c1dad896-8223-4d7e-8b3c-eb8d24ccb954,2026-03-11,2026-03-11T23:40:13+00:00,2026-03-12T07:40:13+08:00,1,642,CLOSED_SL,STOP_LOSS_FILLED,0.0282,,,2026-03-11T23:40:13+00:00,2026-03-12T09:05:57+00:00,,missing_exit_fill
2026-03-12,acc03,4,DEGOUSDT,35.74,1,c1dad896-8223-4d7e-8b3c-eb8d24ccb954,2026-03-11,2026-03-11T23:40:13+00:00,2026-03-12T07:40:13+08:00,1,645,CLOSED_SL,STOP_LOSS_FILLED,0.9078872164948,,,2026-03-11T23:40:13+00:00,2026-03-12T05:16:57+00:00,,missing_exit_fill
2026-03-12,acc03,5,HUMAUSDT,25.25,1,c1dad896-8223-4d7e-8b3c-eb8d24ccb954,2026-03-11,2026-03-11T23:40:13+00:00,2026-03-12T07:40:13+08:00,1,649,CLOSED_TP,TAKE_PROFIT_FILLED,0.0199158343949,,,2026-03-11T23:40:13+00:00,2026-03-12T23:50:03+00:00,,missing_exit_fill
2026-03-12,acc03,6,OXTUSDT,21.23,1,c1dad896-8223-4d7e-8b3c-eb8d24ccb954,2026-03-11,2026-03-11T23:40:13+00:00,2026-03-12T07:40:13+08:00,1,652,CLOSED_SL,STOP_LOSS_FILLED,0.01905,,,2026-03-11T23:40:13+00:00,2026-03-12T15:22:57+00:00,,missing_exit_fill
2026-03-12,acc03,7,BLUAIUSDT,19.9,1,c1dad896-8223-4d7e-8b3c-eb8d24ccb954,2026-03-11,2026-03-11T23:40:13+00:00,2026-03-12T07:40:13+08:00,1,655,CLOSED_SL,STOP_LOSS_FILLED,0.0074327309919,,,2026-03-11T23:40:13+00:00,2026-03-12T04:06:58+00:00,,missing_exit_fill
2026-03-12,acc03,8,SOLVUSDT,17.58,1,c1dad896-8223-4d7e-8b3c-eb8d24ccb954,2026-03-11,2026-03-11T23:40:13+00:00,2026-03-12T07:40:13+08:00,1,657,CLOSED_SL,STOP_LOSS_FILLED,0.004401,,,2026-03-11T23:40:13+00:00,2026-03-13T12:16:04+00:00,,missing_exit_fill
2026-03-12,acc03,9,USUSDT,16.69,1,c1dad896-8223-4d7e-8b3c-eb8d24ccb954,2026-03-11,2026-03-11T23:40:13+00:00,2026-03-12T07:40:13+08:00,1,659,CLOSED_SL,STOP_LOSS_FILLED,0.0040851879193,,,2026-03-11T23:40:13+00:00,2026-03-12T05:03:57+00:00,,missing_exit_fill
2026-03-12,acc03,10,PLAYUSDT,16.62,1,c1dad896-8223-4d7e-8b3c-eb8d24ccb954,2026-03-11,2026-03-11T23:40:13+00:00,2026-03-12T07:40:13+08:00,1,661,CLOSED_TP,TAKE_PROFIT_FILLED,0.0410753231346,,,2026-03-11T23:40:13+00:00,2026-03-13T22:41:04+00:00,,missing_exit_fill
2026-03-12,acc04,1,ACXUSDT,80.43,1,dae46387-3f37-4aeb-b97f-85fce4dfe1d3,2026-03-11,2026-03-11T23:40:13+00:00,2026-03-12T07:40:13+08:00,1,633,CLOSED_EXTERNAL,SHORT_POSITION_NOT_FOUND,0.06112,,,2026-03-11T23:40:13+00:00,2026-03-12T03:55:58+00:00,,missing_exit_fill
2026-03-12,acc04,2,PIXELUSDT,65.9,1,dae46387-3f37-4aeb-b97f-85fce4dfe1d3,2026-03-11,2026-03-11T23:40:13+00:00,2026-03-12T07:40:13+08:00,1,637,CLOSED_TP,TAKE_PROFIT_FILLED,0.014615,,,2026-03-11T23:40:13+00:00,2026-03-12T02:38:28+00:00,,missing_exit_fill
2026-03-12,acc04,3,OGNUSDT,48.95,1,dae46387-3f37-4aeb-b97f-85fce4dfe1d3,2026-03-11,2026-03-11T23:40:13+00:00,2026-03-12T07:40:13+08:00,1,640,CLOSED_SL,STOP_LOSS_FILLED,0.0282,,,2026-03-11T23:40:13+00:00,2026-03-12T09:05:57+00:00,,missing_exit_fill
2026-03-12,acc04,4,DEGOUSDT,35.74,1,dae46387-3f37-4aeb-b97f-85fce4dfe1d3,2026-03-11,2026-03-11T23:40:13+00:00,2026-03-12T07:40:13+08:00,1,644,CLOSED_EXTERNAL,SHORT_POSITION_NOT_FOUND,0.9079458395245,,,2026-03-11T23:40:13+00:00,2026-03-12T03:55:58+00:00,,missing_exit_fill
2026-03-12,acc04,5,HUMAUSDT,25.25,1,dae46387-3f37-4aeb-b97f-85fce4dfe1d3,2026-03-11,2026-03-11T23:40:13+00:00,2026-03-12T07:40:13+08:00,1,647,CLOSED_EXTERNAL,SHORT_POSITION_NOT_FOUND,0.0199179016715,,,2026-03-11T23:40:13+00:00,2026-03-12T03:55:58+00:00,,missing_exit_fill
2026-03-12,acc04,6,OXTUSDT,21.23,1,dae46387-3f37-4aeb-b97f-85fce4dfe1d3,2026-03-11,2026-03-11T23:40:13+00:00,2026-03-12T07:40:13+08:00,1,651,CLOSED_SL,STOP_LOSS_FILLED,0.01905,,,2026-03-11T23:40:13+00:00,2026-03-12T15:22:58+00:00,,missing_exit_fill
2026-03-12,acc04,7,BLUAIUSDT,19.9,1,dae46387-3f37-4aeb-b97f-85fce4dfe1d3,2026-03-11,2026-03-11T23:40:13+00:00,2026-03-12T07:40:13+08:00,1,654,CLOSED_EXTERNAL,SHORT_POSITION_NOT_FOUND,0.0074343009048,,,2026-03-11T23:40:13+00:00,2026-03-12T03:55:58+00:00,,missing_exit_fill
2026-03-12,acc04,8,SOLVUSDT,17.58,1,dae46387-3f37-4aeb-b97f-85fce4dfe1d3,2026-03-11,2026-03-11T23:40:13+00:00,2026-03-12T07:40:13+08:00,1,656,CLOSED_SL,STOP_LOSS_FILLED,0.004401,,,2026-03-11T23:40:13+00:00,2026-03-13T12:16:04+00:00,,missing_exit_fill
2026-03-12,acc04,9,USUSDT,16.69,1,dae46387-3f37-4aeb-b97f-85fce4dfe1d3,2026-03-11,2026-03-11T23:40:13+00:00,2026-03-12T07:40:13+08:00,1,658,CLOSED_EXTERNAL,SHORT_POSITION_NOT_FOUND,0.0040888197134,,,2026-03-11T23:40:13+00:00,2026-03-12T03:55:58+00:00,,missing_exit_fill
2026-03-12,acc04,10,PLAYUSDT,16.62,1,dae46387-3f37-4aeb-b97f-85fce4dfe1d3,2026-03-11,2026-03-11T23:40:13+00:00,2026-03-12T07:40:13+08:00,1,660,CLOSED_TP,TAKE_PROFIT_FILLED,0.0410810998651,,,2026-03-11T23:40:13+00:00,2026-03-13T22:41:04+00:00,,missing_exit_fill
2026-03-13,acc01,1,UAIUSDT,50.8,1,b382dd18-f105-40c3-92f0-2a0078e5c399,2026-03-12,2026-03-12T23:40:12+00:00,2026-03-13T07:40:12+08:00,1,672,CLOSED_EXTERNAL,SHORT_POSITION_NOT_FOUND,0.3315,,,2026-03-12T23:40:12+00:00,2026-03-13T03:55:03+00:00,,missing_exit_fill
2026-03-13,acc01,2,LYNUSDT,43.08,1,b382dd18-f105-40c3-92f0-2a0078e5c399,2026-03-12,2026-03-12T23:40:12+00:00,2026-03-13T07:40:12+08:00,1,673,CLOSED_SL,STOP_LOSS_FILLED,0.2931632045454,,,2026-03-12T23:40:12+00:00,2026-03-13T20:04:03+00:00,,missing_exit_fill
2026-03-13,acc01,3,TURBOUSDT,34.51,1,b382dd18-f105-40c3-92f0-2a0078e5c399,2026-03-12,2026-03-12T23:40:12+00:00,2026-03-13T07:40:12+08:00,1,675,CLOSED_TIMEOUT,MAX_HOLD_EXCEEDED,0.0012289347858,0.0011354,0.0010637,2026-03-12T23:40:12+00:00,2026-03-14T23:11:04+00:00,13.44536648398613,entry_to_exit_fill
2026-03-13,acc01,4,COLLECTUSDT,29.9,1,b382dd18-f105-40c3-92f0-2a0078e5c399,2026-03-12,2026-03-12T23:40:12+00:00,2026-03-13T07:40:12+08:00,1,678,CLOSED_SL,STOP_LOSS_FILLED,0.06751,,,2026-03-12T23:40:13+00:00,2026-03-13T07:11:03+00:00,,missing_exit_fill
2026-03-13,acc01,5,RIVERUSDT,28.54,1,b382dd18-f105-40c3-92f0-2a0078e5c399,2026-03-12,2026-03-12T23:40:12+00:00,2026-03-13T07:40:12+08:00,1,680,CLOSED_EXTERNAL,SHORT_POSITION_NOT_FOUND,18.74,,,2026-03-12T23:40:13+00:00,2026-03-13T03:55:04+00:00,,missing_exit_fill
2026-03-13,acc01,6,TRIAUSDT,18.83,1,b382dd18-f105-40c3-92f0-2a0078e5c399,2026-03-12,2026-03-12T23:40:12+00:00,2026-03-13T07:40:12+08:00,1,682,CLOSED_SL,STOP_LOSS_FILLED,0.03383,,,2026-03-12T23:40:13+00:00,2026-03-13T06:49:04+00:00,,missing_exit_fill
2026-03-13,acc01,7,ENSOUSDT,17.41,1,b382dd18-f105-40c3-92f0-2a0078e5c399,2026-03-12,2026-03-12T23:40:12+00:00,2026-03-13T07:40:12+08:00,1,684,CLOSED_EXTERNAL,SHORT_POSITION_NOT_FOUND,1.307,,,2026-03-12T23:40:13+00:00,2026-03-13T03:55:04+00:00,,missing_exit_fill
2026-03-13,acc01,8,GTCUSDT,13.98,1,b382dd18-f105-40c3-92f0-2a0078e5c399,2026-03-12,2026-03-12T23:40:12+00:00,2026-03-13T07:40:12+08:00,1,686,CLOSED_SL,STOP_LOSS_FILLED,0.106,,,2026-03-12T23:40:13+00:00,2026-03-13T04:25:03+00:00,,missing_exit_fill
2026-03-13,acc01,9,ICNTUSDT,13.34,1,b382dd18-f105-40c3-92f0-2a0078e5c399,2026-03-12,2026-03-12T23:40:12+00:00,2026-03-13T07:40:12+08:00,1,688,CLOSED_SL,STOP_LOSS_FILLED,0.369367816092,,,2026-03-12T23:40:13+00:00,2026-03-13T13:21:03+00:00,,missing_exit_fill
2026-03-13,acc01,10,RAVEUSDT,13.28,1,b382dd18-f105-40c3-92f0-2a0078e5c399,2026-03-12,2026-03-12T23:40:12+00:00,2026-03-13T07:40:12+08:00,1,690,CLOSED_SL,STOP_LOSS_FILLED,0.2420196868476,,,2026-03-12T23:40:13+00:00,2026-03-13T13:38:03+00:00,,missing_exit_fill
2026-03-13,acc02,1,UAIUSDT,50.8,1,dad4f404-162e-4c18-89e1-e4054e1df881,2026-03-12,2026-03-12T23:45:00+00:00,2026-03-13T07:45:00+08:00,1,701,CLOSED_EXTERNAL,SHORT_POSITION_NOT_FOUND,0.3326,,,2026-03-12T23:45:31+00:00,2026-03-13T03:55:03+00:00,,missing_exit_fill
2026-03-13,acc02,2,LYNUSDT,43.08,1,dad4f404-162e-4c18-89e1-e4054e1df881,2026-03-12,2026-03-12T23:45:00+00:00,2026-03-13T07:45:00+08:00,1,702,CLOSED_SL,STOP_LOSS_FILLED,0.3049091627908,,0.31358,2026-03-12T23:46:01+00:00,2026-03-13T20:04:03+00:00,-2.843744389259022,entry_to_exit_fill
2026-03-13,acc02,3,TURBOUSDT,34.51,1,dad4f404-162e-4c18-89e1-e4054e1df881,2026-03-12,2026-03-12T23:45:00+00:00,2026-03-13T07:45:00+08:00,1,703,CLOSED_SL,STOP_LOSS_FILLED,0.0012289127493,0.0011415,,2026-03-12T23:46:31+00:00,2026-03-14T02:07:03+00:00,,missing_exit_fill
2026-03-13,acc02,4,COLLECTUSDT,29.9,1,dad4f404-162e-4c18-89e1-e4054e1df881,2026-03-12,2026-03-12T23:45:00+00:00,2026-03-13T07:45:00+08:00,1,704,CLOSED_SL,STOP_LOSS_FILLED,0.0683,,,2026-03-12T23:47:01+00:00,2026-03-13T07:11:03+00:00,,missing_exit_fill
2026-03-13,acc02,5,RIVERUSDT,28.54,1,dad4f404-162e-4c18-89e1-e4054e1df881,2026-03-12,2026-03-12T23:45:00+00:00,2026-03-13T07:45:00+08:00,1,705,CLOSED_EXTERNAL,SHORT_POSITION_NOT_FOUND,18.749,,,2026-03-12T23:47:31+00:00,2026-03-13T03:55:04+00:00,,missing_exit_fill
2026-03-13,acc02,6,TRIAUSDT,18.83,1,dad4f404-162e-4c18-89e1-e4054e1df881,2026-03-12,2026-03-12T23:45:00+00:00,2026-03-13T07:45:00+08:00,1,706,CLOSED_SL,STOP_LOSS_FILLED,0.03372,,,2026-03-12T23:48:01+00:00,2026-03-13T06:49:04+00:00,,missing_exit_fill
2026-03-13,acc02,7,ENSOUSDT,17.41,1,dad4f404-162e-4c18-89e1-e4054e1df881,2026-03-12,2026-03-12T23:45:00+00:00,2026-03-13T07:45:00+08:00,1,707,CLOSED_EXTERNAL,SHORT_POSITION_NOT_FOUND,1.30217788162,,,2026-03-12T23:48:31+00:00,2026-03-13T03:55:04+00:00,,missing_exit_fill
2026-03-13,acc02,8,GTCUSDT,13.98,1,dad4f404-162e-4c18-89e1-e4054e1df881,2026-03-12,2026-03-12T23:45:00+00:00,2026-03-13T07:45:00+08:00,1,708,CLOSED_SL,STOP_LOSS_FILLED,0.106,,,2026-03-12T23:49:01+00:00,2026-03-13T04:25:03+00:00,,missing_exit_fill
2026-03-13,acc02,9,ICNTUSDT,13.34,1,dad4f404-162e-4c18-89e1-e4054e1df881,2026-03-12,2026-03-12T23:45:00+00:00,2026-03-13T07:45:00+08:00,1,709,CLOSED_SL,STOP_LOSS_FILLED,0.3688,,,2026-03-12T23:49:31+00:00,2026-03-13T13:21:03+00:00,,missing_exit_fill
2026-03-13,acc02,10,RAVEUSDT,13.28,1,dad4f404-162e-4c18-89e1-e4054e1df881,2026-03-12,2026-03-12T23:45:00+00:00,2026-03-13T07:45:00+08:00,1,710,CLOSED_SL,STOP_LOSS_FILLED,0.2417344776119,,,2026-03-12T23:50:01+00:00,2026-03-13T13:38:03+00:00,,missing_exit_fill
2026-03-13,acc03,1,UAIUSDT,50.8,1,6fb2436f-968b-4bfa-b846-0d12f53897f1,2026-03-12,2026-03-12T23:40:12+00:00,2026-03-13T07:40:12+08:00,1,674,CLOSED_SL,STOP_LOSS_FILLED,0.3314938356164,0.3315,,2026-03-12T23:40:12+00:00,2026-03-13T08:19:04+00:00,,missing_exit_fill
2026-03-13,acc03,2,LYNUSDT,43.08,1,6fb2436f-968b-4bfa-b846-0d12f53897f1,2026-03-12,2026-03-12T23:40:12+00:00,2026-03-13T07:40:12+08:00,1,677,CLOSED_SL,STOP_LOSS_FILLED,0.2933441616162,0.2932,,2026-03-12T23:40:13+00:00,2026-03-13T20:04:03+00:00,,missing_exit_fill
2026-03-13,acc03,3,TURBOUSDT,34.51,1,6fb2436f-968b-4bfa-b846-0d12f53897f1,2026-03-12,2026-03-12T23:40:12+00:00,2026-03-13T07:40:12+08:00,1,681,CLOSED_EXTERNAL,SHORT_POSITION_NOT_FOUND,0.0012322727958,0.0011962666934916006,0.0010804,2026-03-12T23:40:13+00:00,2026-03-14T08:46:04+00:00,12.324608343025472,entry_to_exit_fill
2026-03-13,acc03,4,COLLECTUSDT,29.9,1,6fb2436f-968b-4bfa-b846-0d12f53897f1,2026-03-12,2026-03-12T23:40:12+00:00,2026-03-13T07:40:12+08:00,1,685,CLOSED_SL,STOP_LOSS_FILLED,0.0675063678805,0.0674736,,2026-03-12T23:40:13+00:00,2026-03-13T07:11:03+00:00,,missing_exit_fill
2026-03-13,acc03,5,RIVERUSDT,28.54,1,6fb2436f-968b-4bfa-b846-0d12f53897f1,2026-03-12,2026-03-12T23:40:12+00:00,2026-03-13T07:40:12+08:00,1,687,CLOSED_SL,STOP_LOSS_FILLED,18.73972368421,18.737,,2026-03-12T23:40:13+00:00,2026-03-13T06:04:04+00:00,,missing_exit_fill
2026-03-13,acc03,6,TRIAUSDT,18.83,1,6fb2436f-968b-4bfa-b846-0d12f53897f1,2026-03-12,2026-03-12T23:40:12+00:00,2026-03-13T07:40:12+08:00,1,689,CLOSED_SL,STOP_LOSS_FILLED,0.03384,,,2026-03-12T23:40:13+00:00,2026-03-13T06:49:04+00:00,,missing_exit_fill
2026-03-13,acc03,7,ENSOUSDT,17.41,1,6fb2436f-968b-4bfa-b846-0d12f53897f1,2026-03-12,2026-03-12T23:40:12+00:00,2026-03-13T07:40:12+08:00,1,692,CLOSED_SL,STOP_LOSS_FILLED,1.3071,,,2026-03-12T23:40:13+00:00,2026-03-13T04:17:04+00:00,,missing_exit_fill
2026-03-13,acc03,8,GTCUSDT,13.98,1,6fb2436f-968b-4bfa-b846-0d12f53897f1,2026-03-12,2026-03-12T23:40:12+00:00,2026-03-13T07:40:12+08:00,1,694,CLOSED_SL,STOP_LOSS_FILLED,0.106,,,2026-03-12T23:40:13+00:00,2026-03-13T04:25:03+00:00,,missing_exit_fill
2026-03-13,acc03,9,ICNTUSDT,13.34,1,6fb2436f-968b-4bfa-b846-0d12f53897f1,2026-03-12,2026-03-12T23:40:12+00:00,2026-03-13T07:40:12+08:00,1,696,CLOSED_SL,STOP_LOSS_FILLED,0.3693042492918,,,2026-03-12T23:40:13+00:00,2026-03-13T13:21:03+00:00,,missing_exit_fill
2026-03-13,acc03,10,RAVEUSDT,13.28,1,6fb2436f-968b-4bfa-b846-0d12f53897f1,2026-03-12,2026-03-12T23:40:12+00:00,2026-03-13T07:40:12+08:00,0,,,,,,,,,,rank_symbol_not_opened
2026-03-13,acc04,1,UAIUSDT,50.8,1,9ff450e9-214c-4e82-95eb-e809c08ddb70,2026-03-12,2026-03-12T23:40:12+00:00,2026-03-13T07:40:12+08:00,1,676,CLOSED_EXTERNAL,SHORT_POSITION_NOT_FOUND,0.3314,,,2026-03-12T23:40:13+00:00,2026-03-13T03:55:04+00:00,,missing_exit_fill
2026-03-13,acc04,2,LYNUSDT,43.08,1,9ff450e9-214c-4e82-95eb-e809c08ddb70,2026-03-12,2026-03-12T23:40:12+00:00,2026-03-13T07:40:12+08:00,1,679,CLOSED_SL,STOP_LOSS_FILLED,0.2932559345794,,,2026-03-12T23:40:13+00:00,2026-03-13T20:04:04+00:00,,missing_exit_fill
2026-03-13,acc04,3,TURBOUSDT,34.51,1,9ff450e9-214c-4e82-95eb-e809c08ddb70,2026-03-12,2026-03-12T23:40:12+00:00,2026-03-13T07:40:12+08:00,1,683,CLOSED_TIMEOUT,MAX_HOLD_EXCEEDED,0.0012288680785,0.0011354,0.0010638,2026-03-12T23:40:13+00:00,2026-03-14T23:11:04+00:00,13.432530422751974,entry_to_exit_fill
2026-03-13,acc04,4,COLLECTUSDT,29.9,1,9ff450e9-214c-4e82-95eb-e809c08ddb70,2026-03-12,2026-03-12T23:40:12+00:00,2026-03-13T07:40:12+08:00,1,691,CLOSED_SL,STOP_LOSS_FILLED,0.0675042193409,,,2026-03-12T23:40:13+00:00,2026-03-13T07:11:04+00:00,,missing_exit_fill
2026-03-13,acc04,5,RIVERUSDT,28.54,1,9ff450e9-214c-4e82-95eb-e809c08ddb70,2026-03-12,2026-03-12T23:40:12+00:00,2026-03-13T07:40:12+08:00,1,693,CLOSED_EXTERNAL,SHORT_POSITION_NOT_FOUND,18.73722727273,,,2026-03-12T23:40:13+00:00,2026-03-13T03:55:04+00:00,,missing_exit_fill
2026-03-13,acc04,6,TRIAUSDT,18.83,1,9ff450e9-214c-4e82-95eb-e809c08ddb70,2026-03-12,2026-03-12T23:40:12+00:00,2026-03-13T07:40:12+08:00,1,695,CLOSED_SL,STOP_LOSS_FILLED,0.03383,,,2026-03-12T23:40:13+00:00,2026-03-13T06:49:04+00:00,,missing_exit_fill
2026-03-13,acc04,7,ENSOUSDT,17.41,1,9ff450e9-214c-4e82-95eb-e809c08ddb70,2026-03-12,2026-03-12T23:40:12+00:00,2026-03-13T07:40:12+08:00,1,697,CLOSED_EXTERNAL,SHORT_POSITION_NOT_FOUND,1.307060815047,,,2026-03-12T23:40:13+00:00,2026-03-13T03:55:05+00:00,,missing_exit_fill
2026-03-13,acc04,8,GTCUSDT,13.98,1,9ff450e9-214c-4e82-95eb-e809c08ddb70,2026-03-12,2026-03-12T23:40:12+00:00,2026-03-13T07:40:12+08:00,1,698,CLOSED_SL,STOP_LOSS_FILLED,0.106,,,2026-03-12T23:40:13+00:00,2026-03-13T04:25:04+00:00,,missing_exit_fill
2026-03-13,acc04,9,ICNTUSDT,13.34,1,9ff450e9-214c-4e82-95eb-e809c08ddb70,2026-03-12,2026-03-12T23:40:12+00:00,2026-03-13T07:40:12+08:00,1,699,CLOSED_SL,STOP_LOSS_FILLED,0.3690174041298,,,2026-03-12T23:40:13+00:00,2026-03-13T13:21:04+00:00,,missing_exit_fill
2026-03-13,acc04,10,RAVEUSDT,13.28,1,9ff450e9-214c-4e82-95eb-e809c08ddb70,2026-03-12,2026-03-12T23:40:12+00:00,2026-03-13T07:40:12+08:00,1,700,CLOSED_SL,STOP_LOSS_FILLED,0.2418854077254,,,2026-03-12T23:40:13+00:00,2026-03-13T13:38:04+00:00,,missing_exit_fill
2026-03-14,acc01,1,BANANAS31USDT,39.91,1,faa3028b-e5bb-441b-ba09-222fc3030c71,2026-03-13,2026-03-13T23:40:13+00:00,2026-03-14T07:40:13+08:00,1,713,CLOSED_TIMEOUT,MAX_HOLD_EXCEEDED,0.010985581751,,0.009829385817509662,2026-03-13T23:40:13+00:00,2026-03-15T23:11:09+00:00,10.524667329384636,entry_to_exit_fill
2026-03-14,acc01,2,TRUMPUSDT,30.99,1,faa3028b-e5bb-441b-ba09-222fc3030c71,2026-03-13,2026-03-13T23:40:13+00:00,2026-03-14T07:40:13+08:00,1,716,CLOSED_EXTERNAL,SHORT_POSITION_NOT_FOUND,3.845,,,2026-03-13T23:40:13+00:00,2026-03-14T03:55:04+00:00,,missing_exit_fill
2026-03-14,acc01,3,TAGUSDT,29.88,1,faa3028b-e5bb-441b-ba09-222fc3030c71,2026-03-13,2026-03-13T23:40:13+00:00,2026-03-14T07:40:13+08:00,1,719,CLOSED_EXTERNAL,SHORT_POSITION_NOT_FOUND,0.0005738,,,2026-03-13T23:40:13+00:00,2026-03-14T03:55:04+00:00,,missing_exit_fill
2026-03-14,acc01,4,DEGOUSDT,20.82,1,faa3028b-e5bb-441b-ba09-222fc3030c71,2026-03-13,2026-03-13T23:40:13+00:00,2026-03-14T07:40:13+08:00,1,722,CLOSED_EXTERNAL,SHORT_POSITION_NOT_FOUND,1.056796915584,,,2026-03-13T23:40:14+00:00,2026-03-14T03:55:04+00:00,,missing_exit_fill
2026-03-14,acc01,5,PIXELUSDT,18.93,1,faa3028b-e5bb-441b-ba09-222fc3030c71,2026-03-13,2026-03-13T23:40:13+00:00,2026-03-14T07:40:13+08:00,1,726,CLOSED_EXTERNAL,SHORT_POSITION_NOT_FOUND,0.012709,,0.0124118,2026-03-13T23:40:14+00:00,2026-03-15T03:55:13+00:00,2.3385002753953827,entry_to_exit_fill
2026-03-14,acc01,6,APRUSDT,18.93,1,faa3028b-e5bb-441b-ba09-222fc3030c71,2026-03-13,2026-03-13T23:40:13+00:00,2026-03-14T07:40:13+08:00,1,728,CLOSED_EXTERNAL,SHORT_POSITION_NOT_FOUND,0.1339508119219,,,2026-03-13T23:40:14+00:00,2026-03-14T03:55:04+00:00,,missing_exit_fill
2026-03-14,acc01,7,NAORISUSDT,18.68,1,faa3028b-e5bb-441b-ba09-222fc3030c71,2026-03-13,2026-03-13T23:40:13+00:00,2026-03-14T07:40:13+08:00,1,731,CLOSED_EXTERNAL,SHORT_POSITION_NOT_FOUND,0.0672768090582,,,2026-03-13T23:40:14+00:00,2026-03-14T03:55:04+00:00,,missing_exit_fill
2026-03-14,acc01,8,HUMAUSDT,17.74,1,faa3028b-e5bb-441b-ba09-222fc3030c71,2026-03-13,2026-03-13T23:40:13+00:00,2026-03-14T07:40:13+08:00,1,734,CLOSED_TIMEOUT,MAX_HOLD_EXCEEDED,0.018694,,0.016284483967935873,2026-03-13T23:40:14+00:00,2026-03-15T23:11:09+00:00,12.889248058543522,entry_to_exit_fill
2026-03-14,acc01,9,KATUSDT,16.34,1,faa3028b-e5bb-441b-ba09-222fc3030c71,2026-03-13,2026-03-13T23:40:13+00:00,2026-03-14T07:40:13+08:00,1,738,CLOSED_EXTERNAL,SHORT_POSITION_NOT_FOUND,0.0159204228795,,,2026-03-13T23:40:14+00:00,2026-03-14T03:55:05+00:00,,missing_exit_fill
2026-03-14,acc01,10,PHAUSDT,16.06,1,faa3028b-e5bb-441b-ba09-222fc3030c71,2026-03-13,2026-03-13T23:40:13+00:00,2026-03-14T07:40:13+08:00,1,740,CLOSED_EXTERNAL,SHORT_POSITION_NOT_FOUND,0.03507,,,2026-03-13T23:40:14+00:00,2026-03-14T03:55:05+00:00,,missing_exit_fill
2026-03-14,acc02,1,BANANAS31USDT,39.91,1,fe497561-01db-4775-93db-0ab97411ca8b,2026-03-13,2026-03-13T23:45:00+00:00,2026-03-14T07:45:00+08:00,1,741,CLOSED_EXTERNAL,SHORT_POSITION_NOT_FOUND,0.0109608326417,,0.009892613449648514,2026-03-13T23:45:30+00:00,2026-03-15T10:01:13+00:00,9.745785078293174,entry_to_exit_fill
2026-03-14,acc02,2,TRUMPUSDT,30.99,1,fe497561-01db-4775-93db-0ab97411ca8b,2026-03-13,2026-03-13T23:45:00+00:00,2026-03-14T07:45:00+08:00,1,742,CLOSED_EXTERNAL,SHORT_POSITION_NOT_FOUND,3.846,,,2026-03-13T23:46:00+00:00,2026-03-14T03:55:04+00:00,,missing_exit_fill
2026-03-14,acc02,3,TAGUSDT,29.88,1,fe497561-01db-4775-93db-0ab97411ca8b,2026-03-13,2026-03-13T23:45:00+00:00,2026-03-14T07:45:00+08:00,1,743,CLOSED_EXTERNAL,SHORT_POSITION_NOT_FOUND,0.0005750081476,,,2026-03-13T23:46:30+00:00,2026-03-14T03:55:04+00:00,,missing_exit_fill
2026-03-14,acc02,4,DEGOUSDT,20.82,1,fe497561-01db-4775-93db-0ab97411ca8b,2026-03-13,2026-03-13T23:45:00+00:00,2026-03-14T07:45:00+08:00,1,744,CLOSED_EXTERNAL,SHORT_POSITION_NOT_FOUND,1.051769476268,,,2026-03-13T23:47:00+00:00,2026-03-14T03:55:04+00:00,,missing_exit_fill
2026-03-14,acc02,5,PIXELUSDT,18.93,1,fe497561-01db-4775-93db-0ab97411ca8b,2026-03-13,2026-03-13T23:45:00+00:00,2026-03-14T07:45:00+08:00,1,745,CLOSED_EXTERNAL,SHORT_POSITION_NOT_FOUND,0.0127668963761,,0.012313,2026-03-13T23:47:30+00:00,2026-03-15T03:55:13+00:00,3.5552601253168135,entry_to_exit_fill
2026-03-14,acc02,6,APRUSDT,18.93,1,fe497561-01db-4775-93db-0ab97411ca8b,2026-03-13,2026-03-13T23:45:00+00:00,2026-03-14T07:45:00+08:00,1,746,CLOSED_EXTERNAL,SHORT_POSITION_NOT_FOUND,0.1346997512953,,,2026-03-13T23:48:00+00:00,2026-03-14T03:55:04+00:00,,missing_exit_fill
2026-03-14,acc02,7,NAORISUSDT,18.68,1,fe497561-01db-4775-93db-0ab97411ca8b,2026-03-13,2026-03-13T23:45:00+00:00,2026-03-14T07:45:00+08:00,1,747,CLOSED_EXTERNAL,SHORT_POSITION_NOT_FOUND,0.0679253526971,,,2026-03-13T23:48:30+00:00,2026-03-14T03:55:04+00:00,,missing_exit_fill
2026-03-14,acc02,8,HUMAUSDT,17.74,1,fe497561-01db-4775-93db-0ab97411ca8b,2026-03-13,2026-03-13T23:45:00+00:00,2026-03-14T07:45:00+08:00,1,748,CLOSED_EXTERNAL,SHORT_POSITION_NOT_FOUND,0.0187513644496,,0.01617425941422594,2026-03-13T23:49:00+00:00,2026-03-15T10:01:13+00:00,13.743560060926828,entry_to_exit_fill
2026-03-14,acc02,9,KATUSDT,16.34,1,fe497561-01db-4775-93db-0ab97411ca8b,2026-03-13,2026-03-13T23:45:00+00:00,2026-03-14T07:45:00+08:00,1,749,CLOSED_EXTERNAL,SHORT_POSITION_NOT_FOUND,0.0158293508253,,,2026-03-13T23:49:30+00:00,2026-03-14T03:55:05+00:00,,missing_exit_fill
2026-03-14,acc02,10,PHAUSDT,16.06,1,fe497561-01db-4775-93db-0ab97411ca8b,2026-03-13,2026-03-13T23:45:00+00:00,2026-03-14T07:45:00+08:00,1,750,CLOSED_EXTERNAL,SHORT_POSITION_NOT_FOUND,0.03484,,,2026-03-13T23:50:01+00:00,2026-03-14T03:55:05+00:00,,missing_exit_fill
2026-03-14,acc03,1,BANANAS31USDT,39.91,1,d38d0c71-f77a-4c78-9125-9adb0654793a,2026-03-13,2026-03-13T23:40:13+00:00,2026-03-14T07:40:13+08:00,1,712,CLOSED_EXTERNAL,SHORT_POSITION_NOT_FOUND,0.010986,,0.0106547,2026-03-13T23:40:13+00:00,2026-03-14T08:46:04+00:00,3.0156562898234087,entry_to_exit_fill
2026-03-14,acc03,2,TRUMPUSDT,30.99,1,d38d0c71-f77a-4c78-9125-9adb0654793a,2026-03-13,2026-03-13T23:40:13+00:00,2026-03-14T07:40:13+08:00,1,715,CLOSED_EXTERNAL,SHORT_POSITION_NOT_FOUND,3.845,,3.889,2026-03-13T23:40:13+00:00,2026-03-14T08:46:04+00:00,-1.1443433029908867,entry_to_exit_fill
2026-03-14,acc03,3,TAGUSDT,29.88,1,d38d0c71-f77a-4c78-9125-9adb0654793a,2026-03-13,2026-03-13T23:40:13+00:00,2026-03-14T07:40:13+08:00,1,718,CLOSED_SL,STOP_LOSS_FILLED,0.000574,,,2026-03-13T23:40:13+00:00,2026-03-14T05:04:04+00:00,,missing_exit_fill
2026-03-14,acc03,4,DEGOUSDT,20.82,1,d38d0c71-f77a-4c78-9125-9adb0654793a,2026-03-13,2026-03-13T23:40:13+00:00,2026-03-14T07:40:13+08:00,1,721,CLOSED_EXTERNAL,SHORT_POSITION_NOT_FOUND,1.056934529148,,0.9832000000000001,2026-03-13T23:40:13+00:00,2026-03-14T08:46:04+00:00,6.9762626836912585,entry_to_exit_fill
2026-03-14,acc03,5,PIXELUSDT,18.93,1,d38d0c71-f77a-4c78-9125-9adb0654793a,2026-03-13,2026-03-13T23:40:13+00:00,2026-03-14T07:40:13+08:00,1,724,CLOSED_EXTERNAL,SHORT_POSITION_NOT_FOUND,0.0127114074604,,0.0119402,2026-03-13T23:40:14+00:00,2026-03-14T08:46:04+00:00,6.067050110717891,entry_to_exit_fill
2026-03-14,acc03,6,APRUSDT,18.93,1,d38d0c71-f77a-4c78-9125-9adb0654793a,2026-03-13,2026-03-13T23:40:13+00:00,2026-03-14T07:40:13+08:00,1,727,CLOSED_SL,STOP_LOSS_FILLED,0.13398,,,2026-03-13T23:40:14+00:00,2026-03-14T05:32:04+00:00,,missing_exit_fill
2026-03-14,acc03,7,NAORISUSDT,18.68,1,d38d0c71-f77a-4c78-9125-9adb0654793a,2026-03-13,2026-03-13T23:40:13+00:00,2026-03-14T07:40:13+08:00,1,730,CLOSED_SL,STOP_LOSS_FILLED,0.067299791568,,,2026-03-13T23:40:14+00:00,2026-03-14T06:23:04+00:00,,missing_exit_fill
2026-03-14,acc03,8,HUMAUSDT,17.74,1,d38d0c71-f77a-4c78-9125-9adb0654793a,2026-03-13,2026-03-13T23:40:13+00:00,2026-03-14T07:40:13+08:00,1,733,CLOSED_EXTERNAL,SHORT_POSITION_NOT_FOUND,0.0186940163394,,0.017159,2026-03-13T23:40:14+00:00,2026-03-14T08:46:04+00:00,8.211270983885669,entry_to_exit_fill
2026-03-14,acc03,9,KATUSDT,16.34,1,d38d0c71-f77a-4c78-9125-9adb0654793a,2026-03-13,2026-03-13T23:40:13+00:00,2026-03-14T07:40:13+08:00,1,736,CLOSED_SL,STOP_LOSS_FILLED,0.01593,,,2026-03-13T23:40:14+00:00,2026-03-14T08:00:15+00:00,,missing_exit_fill
2026-03-14,acc03,10,PHAUSDT,16.06,1,d38d0c71-f77a-4c78-9125-9adb0654793a,2026-03-13,2026-03-13T23:40:13+00:00,2026-03-14T07:40:13+08:00,1,739,CLOSED_EXTERNAL,SHORT_POSITION_NOT_FOUND,0.03507,,0.03396,2026-03-13T23:40:14+00:00,2026-03-14T08:46:04+00:00,3.165098374679213,entry_to_exit_fill
2026-03-14,acc04,1,BANANAS31USDT,39.91,1,45e91964-cc14-40a4-8dcc-6f25a62fb8f3,2026-03-13,2026-03-13T23:40:13+00:00,2026-03-14T07:40:13+08:00,1,711,CLOSED_TIMEOUT,MAX_HOLD_EXCEEDED,0.0109873860925,,0.009811,2026-03-13T23:40:13+00:00,2026-03-15T23:11:09+00:00,10.70669659367848,entry_to_exit_fill
2026-03-14,acc04,2,TRUMPUSDT,30.99,1,45e91964-cc14-40a4-8dcc-6f25a62fb8f3,2026-03-13,2026-03-13T23:40:13+00:00,2026-03-14T07:40:13+08:00,1,714,CLOSED_EXTERNAL,SHORT_POSITION_NOT_FOUND,3.845,,,2026-03-13T23:40:13+00:00,2026-03-14T03:55:05+00:00,,missing_exit_fill
2026-03-14,acc04,3,TAGUSDT,29.88,1,45e91964-cc14-40a4-8dcc-6f25a62fb8f3,2026-03-13,2026-03-13T23:40:13+00:00,2026-03-14T07:40:13+08:00,1,717,CLOSED_EXTERNAL,SHORT_POSITION_NOT_FOUND,0.0005740604333,,,2026-03-13T23:40:13+00:00,2026-03-14T03:55:05+00:00,,missing_exit_fill
2026-03-14,acc04,4,DEGOUSDT,20.82,1,45e91964-cc14-40a4-8dcc-6f25a62fb8f3,2026-03-13,2026-03-13T23:40:13+00:00,2026-03-14T07:40:13+08:00,1,720,CLOSED_EXTERNAL,SHORT_POSITION_NOT_FOUND,1.057041771095,,,2026-03-13T23:40:13+00:00,2026-03-14T03:55:05+00:00,,missing_exit_fill
2026-03-14,acc04,5,PIXELUSDT,18.93,1,45e91964-cc14-40a4-8dcc-6f25a62fb8f3,2026-03-13,2026-03-13T23:40:13+00:00,2026-03-14T07:40:13+08:00,1,723,CLOSED_EXTERNAL,SHORT_POSITION_NOT_FOUND,0.0127113874162,,0.012411000000000002,2026-03-13T23:40:14+00:00,2026-03-15T03:55:14+00:00,2.363136346683677,entry_to_exit_fill
2026-03-14,acc04,6,APRUSDT,18.93,1,45e91964-cc14-40a4-8dcc-6f25a62fb8f3,2026-03-13,2026-03-13T23:40:13+00:00,2026-03-14T07:40:13+08:00,1,725,CLOSED_EXTERNAL,SHORT_POSITION_NOT_FOUND,0.13398,,,2026-03-13T23:40:14+00:00,2026-03-14T03:55:05+00:00,,missing_exit_fill
2026-03-14,acc04,7,NAORISUSDT,18.68,1,45e91964-cc14-40a4-8dcc-6f25a62fb8f3,2026-03-13,2026-03-13T23:40:13+00:00,2026-03-14T07:40:13+08:00,1,729,CLOSED_EXTERNAL,SHORT_POSITION_NOT_FOUND,0.0673197351695,,,2026-03-13T23:40:14+00:00,2026-03-14T03:55:05+00:00,,missing_exit_fill
2026-03-14,acc04,8,HUMAUSDT,17.74,1,45e91964-cc14-40a4-8dcc-6f25a62fb8f3,2026-03-13,2026-03-13T23:40:13+00:00,2026-03-14T07:40:13+08:00,1,732,CLOSED_TIMEOUT,MAX_HOLD_EXCEEDED,0.0186968251069,,0.016210824664800356,2026-03-13T23:40:14+00:00,2026-03-15T23:11:10+00:00,13.296377475244144,entry_to_exit_fill
2026-03-14,acc04,9,KATUSDT,16.34,1,45e91964-cc14-40a4-8dcc-6f25a62fb8f3,2026-03-13,2026-03-13T23:40:13+00:00,2026-03-14T07:40:13+08:00,1,735,CLOSED_SL,STOP_LOSS_FILLED,0.01594,,,2026-03-13T23:40:14+00:00,2026-03-14T08:00:08+00:00,,missing_exit_fill
2026-03-14,acc04,10,PHAUSDT,16.06,1,45e91964-cc14-40a4-8dcc-6f25a62fb8f3,2026-03-13,2026-03-13T23:40:13+00:00,2026-03-14T07:40:13+08:00,1,737,CLOSED_EXTERNAL,SHORT_POSITION_NOT_FOUND,0.0350704937931,,,2026-03-13T23:40:14+00:00,2026-03-14T03:55:05+00:00,,missing_exit_fill
2026-03-15,acc01,1,COSUSDT,126.95,1,d2937146-dc91-4eb5-9efb-09a4b5576bf9,2026-03-14,2026-03-14T23:40:14+00:00,2026-03-15T07:40:14+08:00,1,762,CLOSED_TP,TAKE_PROFIT_FILLED,0.002206,0.002206,0.002001,2026-03-14T23:40:14+00:00,2026-03-15T13:37:13+00:00,9.292837715321845,entry_to_exit_fill
2026-03-15,acc01,2,CUSDT,44.34,1,d2937146-dc91-4eb5-9efb-09a4b5576bf9,2026-03-14,2026-03-14T23:40:14+00:00,2026-03-15T07:40:14+08:00,1,765,CLOSED_EXTERNAL,SHORT_POSITION_NOT_FOUND,0.0773388131314,0.07737,,2026-03-14T23:40:14+00:00,2026-03-15T03:55:13+00:00,,missing_exit_fill
2026-03-15,acc01,3,APRUSDT,28.83,1,d2937146-dc91-4eb5-9efb-09a4b5576bf9,2026-03-14,2026-03-14T23:40:14+00:00,2026-03-15T07:40:14+08:00,1,767,CLOSED_TP,TAKE_PROFIT_FILLED,0.1738219886364,0.17384,0.1438849,2026-03-14T23:40:14+00:00,2026-03-15T07:51:13+00:00,17.22284324972386,entry_to_exit_fill
2026-03-15,acc01,4,BLESSUSDT,24.74,1,d2937146-dc91-4eb5-9efb-09a4b5576bf9,2026-03-14,2026-03-14T23:40:14+00:00,2026-03-15T07:40:14+08:00,1,769,CLOSED_EXTERNAL,SHORT_POSITION_NOT_FOUND,0.006133,0.006133,,2026-03-14T23:40:14+00:00,2026-03-15T03:55:14+00:00,,missing_exit_fill
2026-03-15,acc01,5,MBOXUSDT,22.77,1,d2937146-dc91-4eb5-9efb-09a4b5576bf9,2026-03-14,2026-03-14T23:40:14+00:00,2026-03-15T07:40:14+08:00,1,771,CLOSED_TIMEOUT,MAX_HOLD_EXCEEDED,0.0188167578266,0.018005704567541303,0.017964304880869766,2026-03-14T23:40:14+00:00,2026-03-16T23:11:07+00:00,4.530286001370426,entry_to_exit_fill
2026-03-15,acc01,6,COLLECTUSDT,18.54,1,d2937146-dc91-4eb5-9efb-09a4b5576bf9,2026-03-14,2026-03-14T23:40:14+00:00,2026-03-15T07:40:14+08:00,1,773,CLOSED_EXTERNAL,SHORT_POSITION_NOT_FOUND,0.0737922049689,0.07024,0.0736229,2026-03-14T23:40:15+00:00,2026-03-16T03:55:43+00:00,0.2294347607194435,entry_to_exit_fill
2026-03-15,acc01,7,BIRBUSDT,14.38,1,d2937146-dc91-4eb5-9efb-09a4b5576bf9,2026-03-14,2026-03-14T23:40:14+00:00,2026-03-15T07:40:14+08:00,1,775,CLOSED_SL,STOP_LOSS_FILLED,0.1731600107822,0.1637,0.16535,2026-03-14T23:40:15+00:00,2026-03-16T13:32:43+00:00,4.51028545616309,entry_to_exit_fill
2026-03-15,acc01,8,PHBUSDT,13.38,1,d2937146-dc91-4eb5-9efb-09a4b5576bf9,2026-03-14,2026-03-14T23:40:14+00:00,2026-03-15T07:40:14+08:00,1,777,CLOSED_EXTERNAL,SHORT_POSITION_NOT_FOUND,0.1523,,,2026-03-14T23:40:15+00:00,2026-03-15T03:55:14+00:00,,missing_exit_fill
2026-03-15,acc01,9,DEXEUSDT,13.26,1,d2937146-dc91-4eb5-9efb-09a4b5576bf9,2026-03-14,2026-03-14T23:40:14+00:00,2026-03-15T07:40:14+08:00,1,778,CLOSED_EXTERNAL,SHORT_POSITION_NOT_FOUND,5.31030082086,,,2026-03-14T23:40:15+00:00,2026-03-15T03:55:14+00:00,,missing_exit_fill
2026-03-15,acc01,10,TRIAUSDT,13.14,1,d2937146-dc91-4eb5-9efb-09a4b5576bf9,2026-03-14,2026-03-14T23:40:14+00:00,2026-03-15T07:40:14+08:00,0,,,,,,,,,,rank_symbol_not_opened
2026-03-15,acc02,1,COSUSDT,126.95,1,35e59346-63e8-4895-ae4c-aa6360ba41b8,2026-03-14,2026-03-14T23:45:00+00:00,2026-03-15T07:45:00+08:00,1,779,CLOSED_EXTERNAL,SHORT_POSITION_NOT_FOUND,0.0022081961933,0.002219,0.002045,2026-03-14T23:45:33+00:00,2026-03-15T10:01:13+00:00,7.390475257368976,entry_to_exit_fill
2026-03-15,acc02,2,CUSDT,44.34,1,35e59346-63e8-4895-ae4c-aa6360ba41b8,2026-03-14,2026-03-14T23:45:00+00:00,2026-03-15T07:45:00+08:00,1,780,CLOSED_EXTERNAL,SHORT_POSITION_NOT_FOUND,0.0764377269758,0.07678,,2026-03-14T23:46:03+00:00,2026-03-15T03:55:13+00:00,,missing_exit_fill
2026-03-15,acc02,3,APRUSDT,28.83,1,35e59346-63e8-4895-ae4c-aa6360ba41b8,2026-03-14,2026-03-14T23:45:00+00:00,2026-03-15T07:45:00+08:00,1,781,CLOSED_TP,TAKE_PROFIT_FILLED,0.1740760205579,0.17412,,2026-03-14T23:46:33+00:00,2026-03-15T07:51:13+00:00,,missing_exit_fill
2026-03-15,acc02,4,BLESSUSDT,24.74,1,35e59346-63e8-4895-ae4c-aa6360ba41b8,2026-03-14,2026-03-14T23:45:00+00:00,2026-03-15T07:45:00+08:00,1,782,CLOSED_EXTERNAL,SHORT_POSITION_NOT_FOUND,0.0061567937134,0.006152,,2026-03-14T23:47:03+00:00,2026-03-15T03:55:13+00:00,,missing_exit_fill
2026-03-15,acc02,5,MBOXUSDT,22.77,1,35e59346-63e8-4895-ae4c-aa6360ba41b8,2026-03-14,2026-03-14T23:45:00+00:00,2026-03-15T07:45:00+08:00,1,783,CLOSED_EXTERNAL,SHORT_POSITION_NOT_FOUND,0.0197059949791,0.01976,0.01871,2026-03-14T23:47:33+00:00,2026-03-15T10:01:13+00:00,5.054273992033096,entry_to_exit_fill
2026-03-15,acc02,6,COLLECTUSDT,18.54,1,35e59346-63e8-4895-ae4c-aa6360ba41b8,2026-03-14,2026-03-14T23:45:00+00:00,2026-03-15T07:45:00+08:00,1,784,CLOSED_EXTERNAL,SHORT_POSITION_NOT_FOUND,0.07709,,0.0702628,2026-03-14T23:48:03+00:00,2026-03-15T10:01:13+00:00,8.856142171487878,entry_to_exit_fill
2026-03-15,acc02,7,BIRBUSDT,14.38,1,35e59346-63e8-4895-ae4c-aa6360ba41b8,2026-03-14,2026-03-14T23:45:00+00:00,2026-03-15T07:45:00+08:00,1,785,CLOSED_EXTERNAL,SHORT_POSITION_NOT_FOUND,0.1790306632653,,0.1652238,2026-03-14T23:48:34+00:00,2026-03-15T10:01:13+00:00,7.712010341401708,entry_to_exit_fill
2026-03-15,acc02,8,PHBUSDT,13.38,1,35e59346-63e8-4895-ae4c-aa6360ba41b8,2026-03-14,2026-03-14T23:45:00+00:00,2026-03-15T07:45:00+08:00,1,786,CLOSED_EXTERNAL,SHORT_POSITION_NOT_FOUND,0.1523,,,2026-03-14T23:49:04+00:00,2026-03-15T03:55:14+00:00,,missing_exit_fill
2026-03-15,acc02,9,DEXEUSDT,13.26,1,35e59346-63e8-4895-ae4c-aa6360ba41b8,2026-03-14,2026-03-14T23:45:00+00:00,2026-03-15T07:45:00+08:00,1,787,CLOSED_EXTERNAL,SHORT_POSITION_NOT_FOUND,5.297,,,2026-03-14T23:49:34+00:00,2026-03-15T03:55:14+00:00,,missing_exit_fill
2026-03-15,acc02,10,TRIAUSDT,13.14,1,35e59346-63e8-4895-ae4c-aa6360ba41b8,2026-03-14,2026-03-14T23:45:00+00:00,2026-03-15T07:45:00+08:00,0,,,,,,,,,,rank_symbol_not_opened
2026-03-15,acc03,1,COSUSDT,126.95,1,652f22b6-26ec-4249-949a-762245a02e46,2026-03-14,2026-03-14T23:40:14+00:00,2026-03-15T07:40:14+08:00,1,751,CLOSED_EXTERNAL,SHORT_POSITION_NOT_FOUND,0.0022040350439,,0.001969,2026-03-14T23:40:14+00:00,2026-03-15T12:07:12+00:00,10.663852398830732,entry_to_exit_fill
2026-03-15,acc03,2,CUSDT,44.34,1,652f22b6-26ec-4249-949a-762245a02e46,2026-03-14,2026-03-14T23:40:14+00:00,2026-03-15T07:40:14+08:00,1,752,CLOSED_SL,STOP_LOSS_FILLED,0.07736,,,2026-03-14T23:40:14+00:00,2026-03-15T05:13:13+00:00,,missing_exit_fill
2026-03-15,acc03,3,APRUSDT,28.83,1,652f22b6-26ec-4249-949a-762245a02e46,2026-03-14,2026-03-14T23:40:14+00:00,2026-03-15T07:40:14+08:00,1,753,CLOSED_TP,TAKE_PROFIT_FILLED,0.1736928196722,,,2026-03-14T23:40:14+00:00,2026-03-15T07:51:13+00:00,,missing_exit_fill
2026-03-15,acc03,4,BLESSUSDT,24.74,1,652f22b6-26ec-4249-949a-762245a02e46,2026-03-14,2026-03-14T23:40:14+00:00,2026-03-15T07:40:14+08:00,1,754,CLOSED_EXTERNAL,SHORT_POSITION_NOT_FOUND,0.0061330860078,,0.0061557,2026-03-14T23:40:14+00:00,2026-03-15T12:07:13+00:00,-0.368721263182029,entry_to_exit_fill
2026-03-15,acc03,5,MBOXUSDT,22.77,1,652f22b6-26ec-4249-949a-762245a02e46,2026-03-14,2026-03-14T23:40:14+00:00,2026-03-15T07:40:14+08:00,1,755,CLOSED_EXTERNAL,SHORT_POSITION_NOT_FOUND,0.0198397894868,,0.01833,2026-03-14T23:40:14+00:00,2026-03-15T12:07:13+00:00,7.609906787592219,entry_to_exit_fill
2026-03-15,acc03,6,COLLECTUSDT,18.54,1,652f22b6-26ec-4249-949a-762245a02e46,2026-03-14,2026-03-14T23:40:14+00:00,2026-03-15T07:40:14+08:00,1,756,CLOSED_EXTERNAL,SHORT_POSITION_NOT_FOUND,0.0767,,0.06821,2026-03-14T23:40:14+00:00,2026-03-15T12:07:13+00:00,11.069100391134286,entry_to_exit_fill
2026-03-15,acc03,7,BIRBUSDT,14.38,1,652f22b6-26ec-4249-949a-762245a02e46,2026-03-14,2026-03-14T23:40:14+00:00,2026-03-15T07:40:14+08:00,1,757,CLOSED_EXTERNAL,SHORT_POSITION_NOT_FOUND,0.1808184150513,,0.1641442,2026-03-14T23:40:14+00:00,2026-03-15T12:07:13+00:00,9.22152483560337,entry_to_exit_fill
2026-03-15,acc03,8,PHBUSDT,13.38,1,652f22b6-26ec-4249-949a-762245a02e46,2026-03-14,2026-03-14T23:40:14+00:00,2026-03-15T07:40:14+08:00,1,758,CLOSED_SL,STOP_LOSS_FILLED,0.152371950048,,,2026-03-14T23:40:14+00:00,2026-03-15T06:36:13+00:00,,missing_exit_fill
2026-03-15,acc03,9,DEXEUSDT,13.26,1,652f22b6-26ec-4249-949a-762245a02e46,2026-03-14,2026-03-14T23:40:14+00:00,2026-03-15T07:40:14+08:00,1,760,CLOSED_SL,STOP_LOSS_FILLED,5.311063189569,,,2026-03-14T23:40:14+00:00,2026-03-15T07:08:13+00:00,,missing_exit_fill
2026-03-15,acc03,10,TRIAUSDT,13.14,1,652f22b6-26ec-4249-949a-762245a02e46,2026-03-14,2026-03-14T23:40:14+00:00,2026-03-15T07:40:14+08:00,1,763,CLOSED_EXTERNAL,SHORT_POSITION_NOT_FOUND,0.0312308556255,,0.028839999999999998,2026-03-14T23:40:14+00:00,2026-03-15T12:07:13+00:00,7.655427869699058,entry_to_exit_fill
2026-03-15,acc04,1,COSUSDT,126.95,1,67323a1c-30df-4e77-8f65-622c6b2622c7,2026-03-14,2026-03-14T23:40:14+00:00,2026-03-15T07:40:14+08:00,1,759,CLOSED_TP,TAKE_PROFIT_FILLED,0.002206,0.002206,,2026-03-14T23:40:14+00:00,2026-03-15T13:37:13+00:00,,missing_exit_fill
2026-03-15,acc04,2,CUSDT,44.34,1,67323a1c-30df-4e77-8f65-622c6b2622c7,2026-03-14,2026-03-14T23:40:14+00:00,2026-03-15T07:40:14+08:00,1,761,CLOSED_EXTERNAL,SHORT_POSITION_NOT_FOUND,0.0773409986945,0.07735,,2026-03-14T23:40:14+00:00,2026-03-15T03:55:14+00:00,,missing_exit_fill
2026-03-15,acc04,3,APRUSDT,28.83,1,67323a1c-30df-4e77-8f65-622c6b2622c7,2026-03-14,2026-03-14T23:40:14+00:00,2026-03-15T07:40:14+08:00,1,764,CLOSED_TP,TAKE_PROFIT_FILLED,0.173714948605,0.1738497,,2026-03-14T23:40:14+00:00,2026-03-15T07:51:13+00:00,,missing_exit_fill
2026-03-15,acc04,4,BLESSUSDT,24.74,1,67323a1c-30df-4e77-8f65-622c6b2622c7,2026-03-14,2026-03-14T23:40:14+00:00,2026-03-15T07:40:14+08:00,1,766,CLOSED_EXTERNAL,SHORT_POSITION_NOT_FOUND,0.006133,0.0061329999999999996,,2026-03-14T23:40:14+00:00,2026-03-15T03:55:14+00:00,,missing_exit_fill
2026-03-15,acc04,5,MBOXUSDT,22.77,1,67323a1c-30df-4e77-8f65-622c6b2622c7,2026-03-14,2026-03-14T23:40:14+00:00,2026-03-15T07:40:14+08:00,1,768,CLOSED_TIMEOUT,MAX_HOLD_EXCEEDED,0.01983,0.01983,0.01756,2026-03-14T23:40:14+00:00,2026-03-16T23:11:07+00:00,11.44730206757439,entry_to_exit_fill
2026-03-15,acc04,6,COLLECTUSDT,18.54,1,67323a1c-30df-4e77-8f65-622c6b2622c7,2026-03-14,2026-03-14T23:40:14+00:00,2026-03-15T07:40:14+08:00,1,770,CLOSED_SL,STOP_LOSS_FILLED,0.07663,,,2026-03-14T23:40:14+00:00,2026-03-16T04:11:43+00:00,,missing_exit_fill
2026-03-15,acc04,7,BIRBUSDT,14.38,1,67323a1c-30df-4e77-8f65-622c6b2622c7,2026-03-14,2026-03-14T23:40:14+00:00,2026-03-15T07:40:14+08:00,1,772,CLOSED_SL,STOP_LOSS_FILLED,0.18077,,,2026-03-14T23:40:14+00:00,2026-03-16T13:32:43+00:00,,missing_exit_fill
2026-03-15,acc04,8,PHBUSDT,13.38,1,67323a1c-30df-4e77-8f65-622c6b2622c7,2026-03-14,2026-03-14T23:40:14+00:00,2026-03-15T07:40:14+08:00,1,774,CLOSED_EXTERNAL,SHORT_POSITION_NOT_FOUND,0.1523,,,2026-03-14T23:40:15+00:00,2026-03-15T03:55:14+00:00,,missing_exit_fill
2026-03-15,acc04,9,DEXEUSDT,13.26,1,67323a1c-30df-4e77-8f65-622c6b2622c7,2026-03-14,2026-03-14T23:40:14+00:00,2026-03-15T07:40:14+08:00,1,776,CLOSED_EXTERNAL,SHORT_POSITION_NOT_FOUND,5.311,,,2026-03-14T23:40:15+00:00,2026-03-15T03:55:15+00:00,,missing_exit_fill
2026-03-15,acc04,10,TRIAUSDT,13.14,1,67323a1c-30df-4e77-8f65-622c6b2622c7,2026-03-14,2026-03-14T23:40:14+00:00,2026-03-15T07:40:14+08:00,0,,,,,,,,,,rank_symbol_not_opened
2026-03-16,acc01,1,XANUSDT,41.71,1,961671e2-7402-4e44-937a-07000003355c,2026-03-15,2026-03-15T23:40:13+00:00,2026-03-16T07:40:13+08:00,1,788,CLOSED_SL,STOP_LOSS_FILLED,0.010714,,,2026-03-15T23:40:13+00:00,2026-03-16T07:46:42+00:00,,missing_exit_fill
2026-03-16,acc01,2,REZUSDT,30.57,1,961671e2-7402-4e44-937a-07000003355c,2026-03-15,2026-03-15T23:40:13+00:00,2026-03-16T07:40:13+08:00,1,789,CLOSED_SL,STOP_LOSS_FILLED,0.004197,,,2026-03-15T23:40:13+00:00,2026-03-16T04:40:42+00:00,,missing_exit_fill
2026-03-16,acc01,3,HANAUSDT,19.89,1,961671e2-7402-4e44-937a-07000003355c,2026-03-15,2026-03-15T23:40:13+00:00,2026-03-16T07:40:13+08:00,1,791,CLOSED_EXTERNAL,SHORT_POSITION_NOT_FOUND,0.04518,,,2026-03-15T23:40:13+00:00,2026-03-16T03:55:43+00:00,,missing_exit_fill
2026-03-16,acc01,4,MYXUSDT,18.09,1,961671e2-7402-4e44-937a-07000003355c,2026-03-15,2026-03-15T23:40:13+00:00,2026-03-16T07:40:13+08:00,1,793,CLOSED_TP,TAKE_PROFIT_FILLED,0.4124,,,2026-03-15T23:40:13+00:00,2026-03-16T08:26:42+00:00,,missing_exit_fill
2026-03-16,acc01,5,SHELLUSDT,17.65,1,961671e2-7402-4e44-937a-07000003355c,2026-03-15,2026-03-15T23:40:13+00:00,2026-03-16T07:40:13+08:00,1,795,CLOSED_SL,STOP_LOSS_FILLED,0.0358277925679,0.03497,,2026-03-15T23:40:14+00:00,2026-03-16T23:57:35+00:00,,missing_exit_fill
2026-03-16,acc01,6,BANUSDT,15.06,1,961671e2-7402-4e44-937a-07000003355c,2026-03-15,2026-03-15T23:40:13+00:00,2026-03-16T07:40:13+08:00,1,798,CLOSED_EXTERNAL,SHORT_POSITION_NOT_FOUND,0.13299,,,2026-03-15T23:40:14+00:00,2026-03-16T03:55:43+00:00,,missing_exit_fill
2026-03-16,acc01,7,TAOUSDT,14.66,1,961671e2-7402-4e44-937a-07000003355c,2026-03-15,2026-03-15T23:40:13+00:00,2026-03-16T07:40:13+08:00,1,801,CLOSED_SL,STOP_LOSS_FILLED,285.71,,,2026-03-15T23:40:14+00:00,2026-03-16T09:48:43+00:00,,missing_exit_fill
2026-03-16,acc01,8,NEOUSDT,13.61,1,961671e2-7402-4e44-937a-07000003355c,2026-03-15,2026-03-15T23:40:13+00:00,2026-03-16T07:40:13+08:00,1,803,CLOSED_SL,STOP_LOSS_FILLED,2.892632740374,2.839,,2026-03-15T23:40:14+00:00,2026-03-17T00:12:34+00:00,,missing_exit_fill
2026-03-16,acc01,9,TAGUSDT,13.23,1,961671e2-7402-4e44-937a-07000003355c,2026-03-15,2026-03-15T23:40:13+00:00,2026-03-16T07:40:13+08:00,1,806,CLOSED_EXTERNAL,SHORT_POSITION_NOT_FOUND,0.000642980723,,,2026-03-15T23:40:14+00:00,2026-03-16T03:55:43+00:00,,missing_exit_fill
2026-03-16,acc01,10,PTBUSDT,11.51,1,961671e2-7402-4e44-937a-07000003355c,2026-03-15,2026-03-15T23:40:13+00:00,2026-03-16T07:40:13+08:00,1,808,CLOSED_EXTERNAL,SHORT_POSITION_NOT_FOUND,0.001367,,,2026-03-15T23:40:14+00:00,2026-03-16T03:55:43+00:00,,missing_exit_fill
2026-03-16,acc02,1,XANUSDT,41.71,1,877ee6c0-4e60-4f47-b024-c2ea1f4321d4,2026-03-15,2026-03-15T23:45:00+00:00,2026-03-16T07:45:00+08:00,1,818,CLOSED_SL,STOP_LOSS_FILLED,0.0106440692682,,,2026-03-15T23:46:00+00:00,2026-03-16T07:46:42+00:00,,missing_exit_fill
2026-03-16,acc02,2,REZUSDT,30.57,1,877ee6c0-4e60-4f47-b024-c2ea1f4321d4,2026-03-15,2026-03-15T23:45:00+00:00,2026-03-16T07:45:00+08:00,1,819,CLOSED_SL,STOP_LOSS_FILLED,0.004238,,,2026-03-15T23:46:30+00:00,2026-03-16T04:33:43+00:00,,missing_exit_fill
2026-03-16,acc02,3,HANAUSDT,19.89,1,877ee6c0-4e60-4f47-b024-c2ea1f4321d4,2026-03-15,2026-03-15T23:45:00+00:00,2026-03-16T07:45:00+08:00,1,820,CLOSED_EXTERNAL,SHORT_POSITION_NOT_FOUND,0.0454900625,,,2026-03-15T23:47:00+00:00,2026-03-16T03:55:43+00:00,,missing_exit_fill
2026-03-16,acc02,4,MYXUSDT,18.09,1,877ee6c0-4e60-4f47-b024-c2ea1f4321d4,2026-03-15,2026-03-15T23:45:00+00:00,2026-03-16T07:45:00+08:00,1,821,CLOSED_TP,TAKE_PROFIT_FILLED,0.4077363636364,,,2026-03-15T23:47:30+00:00,2026-03-16T08:26:42+00:00,,missing_exit_fill
2026-03-16,acc02,5,SHELLUSDT,17.65,1,877ee6c0-4e60-4f47-b024-c2ea1f4321d4,2026-03-15,2026-03-15T23:45:00+00:00,2026-03-16T07:45:00+08:00,1,822,CLOSED_SL,STOP_LOSS_FILLED,0.036,,0.03499,2026-03-15T23:48:00+00:00,2026-03-16T23:57:35+00:00,2.805555555555548,entry_to_exit_fill
2026-03-16,acc02,6,BANUSDT,15.06,1,877ee6c0-4e60-4f47-b024-c2ea1f4321d4,2026-03-15,2026-03-15T23:45:00+00:00,2026-03-16T07:45:00+08:00,1,823,CLOSED_EXTERNAL,SHORT_POSITION_NOT_FOUND,0.1328047658402,,,2026-03-15T23:48:30+00:00,2026-03-16T03:55:43+00:00,,missing_exit_fill
2026-03-16,acc02,7,TAOUSDT,14.66,1,877ee6c0-4e60-4f47-b024-c2ea1f4321d4,2026-03-15,2026-03-15T23:45:00+00:00,2026-03-16T07:45:00+08:00,1,824,CLOSED_SL,STOP_LOSS_FILLED,285.16,,,2026-03-15T23:49:00+00:00,2026-03-16T09:48:43+00:00,,missing_exit_fill
2026-03-16,acc02,8,NEOUSDT,13.61,1,877ee6c0-4e60-4f47-b024-c2ea1f4321d4,2026-03-15,2026-03-15T23:45:00+00:00,2026-03-16T07:45:00+08:00,1,825,CLOSED_SL,STOP_LOSS_FILLED,2.877,,2.841,2026-03-15T23:49:30+00:00,2026-03-17T00:12:34+00:00,1.2513034410844488,entry_to_exit_fill
2026-03-16,acc02,9,TAGUSDT,13.23,1,877ee6c0-4e60-4f47-b024-c2ea1f4321d4,2026-03-15,2026-03-15T23:45:00+00:00,2026-03-16T07:45:00+08:00,1,826,CLOSED_EXTERNAL,SHORT_POSITION_NOT_FOUND,0.0006419938208,,,2026-03-15T23:50:00+00:00,2026-03-16T03:55:43+00:00,,missing_exit_fill
2026-03-16,acc02,10,PTBUSDT,11.51,1,877ee6c0-4e60-4f47-b024-c2ea1f4321d4,2026-03-15,2026-03-15T23:45:00+00:00,2026-03-16T07:45:00+08:00,1,827,CLOSED_EXTERNAL,SHORT_POSITION_NOT_FOUND,0.001381,,,2026-03-15T23:50:30+00:00,2026-03-16T03:55:43+00:00,,missing_exit_fill
2026-03-16,acc03,1,XANUSDT,41.71,1,7b9ed2f9-9bbe-423c-a41b-22b642d6cf27,2026-03-15,2026-03-15T23:40:13+00:00,2026-03-16T07:40:13+08:00,1,790,CLOSED_SL,STOP_LOSS_FILLED,0.0107134516209,,,2026-03-15T23:40:13+00:00,2026-03-16T07:46:42+00:00,,missing_exit_fill
2026-03-16,acc03,2,REZUSDT,30.57,1,7b9ed2f9-9bbe-423c-a41b-22b642d6cf27,2026-03-15,2026-03-15T23:40:13+00:00,2026-03-16T07:40:13+08:00,1,794,CLOSED_SL,STOP_LOSS_FILLED,0.004197,,,2026-03-15T23:40:13+00:00,2026-03-16T04:40:42+00:00,,missing_exit_fill
2026-03-16,acc03,3,HANAUSDT,19.89,1,7b9ed2f9-9bbe-423c-a41b-22b642d6cf27,2026-03-15,2026-03-15T23:40:13+00:00,2026-03-16T07:40:13+08:00,1,797,CLOSED_SL,STOP_LOSS_FILLED,0.045168980608,,,2026-03-15T23:40:14+00:00,2026-03-16T04:10:42+00:00,,missing_exit_fill
2026-03-16,acc03,4,MYXUSDT,18.09,1,7b9ed2f9-9bbe-423c-a41b-22b642d6cf27,2026-03-15,2026-03-15T23:40:13+00:00,2026-03-16T07:40:13+08:00,1,800,CLOSED_TP,TAKE_PROFIT_FILLED,0.4124,,,2026-03-15T23:40:14+00:00,2026-03-16T08:26:42+00:00,,missing_exit_fill
2026-03-16,acc03,5,SHELLUSDT,17.65,1,7b9ed2f9-9bbe-423c-a41b-22b642d6cf27,2026-03-15,2026-03-15T23:40:13+00:00,2026-03-16T07:40:13+08:00,1,804,CLOSED_SL,STOP_LOSS_FILLED,0.03592,,0.03497,2026-03-15T23:40:14+00:00,2026-03-16T23:57:35+00:00,2.644766146993317,entry_to_exit_fill
2026-03-16,acc03,6,BANUSDT,15.06,1,7b9ed2f9-9bbe-423c-a41b-22b642d6cf27,2026-03-15,2026-03-15T23:40:13+00:00,2026-03-16T07:40:13+08:00,1,807,CLOSED_SL,STOP_LOSS_FILLED,0.1329887990762,,,2026-03-15T23:40:14+00:00,2026-03-16T05:05:42+00:00,,missing_exit_fill
2026-03-16,acc03,7,TAOUSDT,14.66,1,7b9ed2f9-9bbe-423c-a41b-22b642d6cf27,2026-03-15,2026-03-15T23:40:13+00:00,2026-03-16T07:40:13+08:00,1,810,CLOSED_SL,STOP_LOSS_FILLED,285.69,,,2026-03-15T23:40:14+00:00,2026-03-16T09:48:43+00:00,,missing_exit_fill
2026-03-16,acc03,8,NEOUSDT,13.61,1,7b9ed2f9-9bbe-423c-a41b-22b642d6cf27,2026-03-15,2026-03-15T23:40:13+00:00,2026-03-16T07:40:13+08:00,1,812,CLOSED_SL,STOP_LOSS_FILLED,2.897,,2.84,2026-03-15T23:40:14+00:00,2026-03-17T00:12:34+00:00,1.9675526406627526,entry_to_exit_fill
2026-03-16,acc03,9,TAGUSDT,13.23,1,7b9ed2f9-9bbe-423c-a41b-22b642d6cf27,2026-03-15,2026-03-15T23:40:13+00:00,2026-03-16T07:40:13+08:00,1,814,CLOSED_SL,STOP_LOSS_FILLED,0.0006427948953,,,2026-03-15T23:40:14+00:00,2026-03-16T19:35:07+00:00,,missing_exit_fill
2026-03-16,acc03,10,PTBUSDT,11.51,1,7b9ed2f9-9bbe-423c-a41b-22b642d6cf27,2026-03-15,2026-03-15T23:40:13+00:00,2026-03-16T07:40:13+08:00,1,816,CLOSED_SL,STOP_LOSS_FILLED,0.001366,,,2026-03-15T23:40:14+00:00,2026-03-16T04:39:43+00:00,,missing_exit_fill
2026-03-16,acc04,1,XANUSDT,41.71,1,0df9fac9-0fb7-4a6e-aa8d-870c46e95053,2026-03-15,2026-03-15T23:40:13+00:00,2026-03-16T07:40:13+08:00,1,792,CLOSED_SL,STOP_LOSS_FILLED,0.010712,,,2026-03-15T23:40:13+00:00,2026-03-16T07:46:43+00:00,,missing_exit_fill
2026-03-16,acc04,2,REZUSDT,30.57,1,0df9fac9-0fb7-4a6e-aa8d-870c46e95053,2026-03-15,2026-03-15T23:40:13+00:00,2026-03-16T07:40:13+08:00,1,796,CLOSED_SL,STOP_LOSS_FILLED,0.004197,,,2026-03-15T23:40:14+00:00,2026-03-16T04:40:43+00:00,,missing_exit_fill
2026-03-16,acc04,3,HANAUSDT,19.89,1,0df9fac9-0fb7-4a6e-aa8d-870c46e95053,2026-03-15,2026-03-15T23:40:13+00:00,2026-03-16T07:40:13+08:00,1,799,CLOSED_EXTERNAL,SHORT_POSITION_NOT_FOUND,0.04516,,,2026-03-15T23:40:14+00:00,2026-03-16T03:55:43+00:00,,missing_exit_fill
2026-03-16,acc04,4,MYXUSDT,18.09,1,0df9fac9-0fb7-4a6e-aa8d-870c46e95053,2026-03-15,2026-03-15T23:40:13+00:00,2026-03-16T07:40:13+08:00,1,802,CLOSED_TP,TAKE_PROFIT_FILLED,0.4123621428571,,,2026-03-15T23:40:14+00:00,2026-03-16T08:26:43+00:00,,missing_exit_fill
2026-03-16,acc04,5,SHELLUSDT,17.65,1,0df9fac9-0fb7-4a6e-aa8d-870c46e95053,2026-03-15,2026-03-15T23:40:13+00:00,2026-03-16T07:40:13+08:00,1,805,CLOSED_SL,STOP_LOSS_FILLED,0.0358330669302,0.03499,,2026-03-15T23:40:14+00:00,2026-03-16T23:57:35+00:00,,missing_exit_fill
2026-03-16,acc04,6,BANUSDT,15.06,1,0df9fac9-0fb7-4a6e-aa8d-870c46e95053,2026-03-15,2026-03-15T23:40:13+00:00,2026-03-16T07:40:13+08:00,1,809,CLOSED_EXTERNAL,SHORT_POSITION_NOT_FOUND,0.1329441522492,,,2026-03-15T23:40:14+00:00,2026-03-16T03:55:44+00:00,,missing_exit_fill
2026-03-16,acc04,7,TAOUSDT,14.66,1,0df9fac9-0fb7-4a6e-aa8d-870c46e95053,2026-03-15,2026-03-15T23:40:13+00:00,2026-03-16T07:40:13+08:00,1,811,CLOSED_SL,STOP_LOSS_FILLED,285.6726799007,,,2026-03-15T23:40:14+00:00,2026-03-16T09:48:43+00:00,,missing_exit_fill
2026-03-16,acc04,8,NEOUSDT,13.61,1,0df9fac9-0fb7-4a6e-aa8d-870c46e95053,2026-03-15,2026-03-15T23:40:13+00:00,2026-03-16T07:40:13+08:00,1,813,CLOSED_SL,STOP_LOSS_FILLED,2.891076376147,2.839,,2026-03-15T23:40:14+00:00,2026-03-17T00:12:35+00:00,,missing_exit_fill
2026-03-16,acc04,9,TAGUSDT,13.23,1,0df9fac9-0fb7-4a6e-aa8d-870c46e95053,2026-03-15,2026-03-15T23:40:13+00:00,2026-03-16T07:40:13+08:00,1,815,CLOSED_EXTERNAL,SHORT_POSITION_NOT_FOUND,0.0006426056624,,,2026-03-15T23:40:14+00:00,2026-03-16T03:55:44+00:00,,missing_exit_fill
2026-03-16,acc04,10,PTBUSDT,11.51,1,0df9fac9-0fb7-4a6e-aa8d-870c46e95053,2026-03-15,2026-03-15T23:40:13+00:00,2026-03-16T07:40:13+08:00,1,817,CLOSED_EXTERNAL,SHORT_POSITION_NOT_FOUND,0.001366,,,2026-03-15T23:40:14+00:00,2026-03-16T03:55:44+00:00,,missing_exit_fill
2026-03-17,acc01,1,GUSDT,56.5,1,9043b232-661b-4ff7-86b0-1c24701adc00,2026-03-16,2026-03-16T23:40:13+00:00,2026-03-17T07:40:13+08:00,1,828,CLOSED_TP,TAKE_PROFIT_FILLED,0.005408,,,2026-03-16T23:40:14+00:00,2026-03-18T00:06:04+00:00,,missing_exit_fill
2026-03-17,acc01,2,DEGOUSDT,34.29,1,9043b232-661b-4ff7-86b0-1c24701adc00,2026-03-16,2026-03-16T23:40:13+00:00,2026-03-17T07:40:13+08:00,1,829,CLOSED_EXTERNAL,SHORT_POSITION_NOT_FOUND,1.164156682027,,,2026-03-16T23:40:14+00:00,2026-03-17T03:55:35+00:00,,missing_exit_fill
2026-03-17,acc01,3,AINUSDT,31.55,1,9043b232-661b-4ff7-86b0-1c24701adc00,2026-03-16,2026-03-16T23:40:13+00:00,2026-03-17T07:40:13+08:00,1,831,CLOSED_EXTERNAL,SHORT_POSITION_NOT_FOUND,0.06288,,,2026-03-16T23:40:14+00:00,2026-03-17T03:55:35+00:00,,missing_exit_fill
2026-03-17,acc01,4,IRUSDT,27.62,1,9043b232-661b-4ff7-86b0-1c24701adc00,2026-03-16,2026-03-16T23:40:13+00:00,2026-03-17T07:40:13+08:00,1,832,CLOSED_EXTERNAL,SHORT_POSITION_NOT_FOUND,0.0489539211137,,,2026-03-16T23:40:14+00:00,2026-03-17T03:55:35+00:00,,missing_exit_fill
2026-03-17,acc01,5,GRASSUSDT,24.7,1,9043b232-661b-4ff7-86b0-1c24701adc00,2026-03-16,2026-03-16T23:40:13+00:00,2026-03-17T07:40:13+08:00,1,834,CLOSED_EXTERNAL,SHORT_POSITION_NOT_FOUND,0.4628,,,2026-03-16T23:40:14+00:00,2026-03-17T03:55:35+00:00,,missing_exit_fill
2026-03-17,acc01,6,BUSDT,23.24,1,9043b232-661b-4ff7-86b0-1c24701adc00,2026-03-16,2026-03-16T23:40:13+00:00,2026-03-17T07:40:13+08:00,1,836,CLOSED_EXTERNAL,SHORT_POSITION_NOT_FOUND,0.224,,,2026-03-16T23:40:14+00:00,2026-03-17T03:55:35+00:00,,missing_exit_fill
2026-03-17,acc01,7,ZECUSDT,23.21,1,9043b232-661b-4ff7-86b0-1c24701adc00,2026-03-16,2026-03-16T23:40:13+00:00,2026-03-17T07:40:13+08:00,1,838,CLOSED_SL,STOP_LOSS_FILLED,282.91,,,2026-03-16T23:40:14+00:00,2026-03-17T18:07:34+00:00,,missing_exit_fill
2026-03-17,acc01,8,ARIAUSDT,22.83,1,9043b232-661b-4ff7-86b0-1c24701adc00,2026-03-16,2026-03-16T23:40:13+00:00,2026-03-17T07:40:13+08:00,1,840,CLOSED_EXTERNAL,SHORT_POSITION_NOT_FOUND,0.1650750196078,,,2026-03-16T23:40:14+00:00,2026-03-17T03:55:35+00:00,,missing_exit_fill
2026-03-17,acc01,9,VANRYUSDT,21.8,1,9043b232-661b-4ff7-86b0-1c24701adc00,2026-03-16,2026-03-16T23:40:13+00:00,2026-03-17T07:40:13+08:00,1,842,CLOSED_SL,STOP_LOSS_FILLED,0.006223,,,2026-03-16T23:40:14+00:00,2026-03-17T15:02:35+00:00,,missing_exit_fill
2026-03-17,acc01,10,FARTCOINUSDT,21.69,1,9043b232-661b-4ff7-86b0-1c24701adc00,2026-03-16,2026-03-16T23:40:13+00:00,2026-03-17T07:40:13+08:00,1,844,CLOSED_EXTERNAL,SHORT_POSITION_NOT_FOUND,0.202,,,2026-03-16T23:40:14+00:00,2026-03-17T03:55:36+00:00,,missing_exit_fill
2026-03-17,acc02,1,GUSDT,56.5,1,60444929-76cb-428d-81aa-766a55932203,2026-03-16,2026-03-16T23:45:00+00:00,2026-03-17T07:45:00+08:00,1,858,CLOSED_EXTERNAL,SHORT_POSITION_NOT_FOUND,0.0051983734671,0.004549,0.004258,2026-03-16T23:45:30+00:00,2026-03-18T07:23:04+00:00,18.08976352029212,entry_to_exit_fill
2026-03-17,acc02,2,DEGOUSDT,34.29,1,60444929-76cb-428d-81aa-766a55932203,2026-03-16,2026-03-16T23:45:00+00:00,2026-03-17T07:45:00+08:00,1,859,CLOSED_EXTERNAL,SHORT_POSITION_NOT_FOUND,1.163973168411,,,2026-03-16T23:46:00+00:00,2026-03-17T03:55:35+00:00,,missing_exit_fill
2026-03-17,acc02,3,AINUSDT,31.55,1,60444929-76cb-428d-81aa-766a55932203,2026-03-16,2026-03-16T23:45:00+00:00,2026-03-17T07:45:00+08:00,1,860,CLOSED_EXTERNAL,SHORT_POSITION_NOT_FOUND,0.06325,,,2026-03-16T23:46:30+00:00,2026-03-17T03:55:35+00:00,,missing_exit_fill
2026-03-17,acc02,4,IRUSDT,27.62,1,60444929-76cb-428d-81aa-766a55932203,2026-03-16,2026-03-16T23:45:00+00:00,2026-03-17T07:45:00+08:00,1,861,CLOSED_EXTERNAL,SHORT_POSITION_NOT_FOUND,0.0490936113328,,,2026-03-16T23:47:00+00:00,2026-03-17T03:55:35+00:00,,missing_exit_fill
2026-03-17,acc02,5,GRASSUSDT,24.7,1,60444929-76cb-428d-81aa-766a55932203,2026-03-16,2026-03-16T23:45:00+00:00,2026-03-17T07:45:00+08:00,1,862,CLOSED_EXTERNAL,SHORT_POSITION_NOT_FOUND,0.464,,,2026-03-16T23:47:30+00:00,2026-03-17T03:55:35+00:00,,missing_exit_fill
2026-03-17,acc02,6,BUSDT,23.24,1,60444929-76cb-428d-81aa-766a55932203,2026-03-16,2026-03-16T23:45:00+00:00,2026-03-17T07:45:00+08:00,1,863,CLOSED_EXTERNAL,SHORT_POSITION_NOT_FOUND,0.2248,,,2026-03-16T23:48:00+00:00,2026-03-17T03:55:35+00:00,,missing_exit_fill
2026-03-17,acc02,7,ZECUSDT,23.21,1,60444929-76cb-428d-81aa-766a55932203,2026-03-16,2026-03-16T23:45:00+00:00,2026-03-17T07:45:00+08:00,1,864,CLOSED_SL,STOP_LOSS_FILLED,284.3,,,2026-03-16T23:48:30+00:00,2026-03-17T18:05:34+00:00,,missing_exit_fill
2026-03-17,acc02,8,ARIAUSDT,22.83,1,60444929-76cb-428d-81aa-766a55932203,2026-03-16,2026-03-16T23:45:00+00:00,2026-03-17T07:45:00+08:00,1,865,CLOSED_EXTERNAL,SHORT_POSITION_NOT_FOUND,0.1646597300943,,,2026-03-16T23:49:01+00:00,2026-03-17T03:55:35+00:00,,missing_exit_fill
2026-03-17,acc02,9,VANRYUSDT,21.8,1,60444929-76cb-428d-81aa-766a55932203,2026-03-16,2026-03-16T23:45:00+00:00,2026-03-17T07:45:00+08:00,1,866,CLOSED_SL,STOP_LOSS_FILLED,0.006337077084,,,2026-03-16T23:49:31+00:00,2026-03-17T15:02:35+00:00,,missing_exit_fill
2026-03-17,acc02,10,FARTCOINUSDT,21.69,1,60444929-76cb-428d-81aa-766a55932203,2026-03-16,2026-03-16T23:45:00+00:00,2026-03-17T07:45:00+08:00,1,867,CLOSED_SL,STOP_LOSS_FILLED,0.2071,,,2026-03-16T23:50:32+00:00,2026-03-17T21:41:34+00:00,,missing_exit_fill
2026-03-17,acc03,1,GUSDT,56.5,1,1798af8c-9563-4bfb-a058-64bee606a3d3,2026-03-16,2026-03-16T23:40:13+00:00,2026-03-17T07:40:13+08:00,1,843,CLOSED_TP,TAKE_PROFIT_FILLED,0.0054080646502,,,2026-03-16T23:40:14+00:00,2026-03-18T00:06:04+00:00,,missing_exit_fill
2026-03-17,acc03,2,DEGOUSDT,34.29,1,1798af8c-9563-4bfb-a058-64bee606a3d3,2026-03-16,2026-03-16T23:40:13+00:00,2026-03-17T07:40:13+08:00,1,846,CLOSED_TP,TAKE_PROFIT_FILLED,1.163844067797,,,2026-03-16T23:40:14+00:00,2026-03-18T00:25:04+00:00,,missing_exit_fill
2026-03-17,acc03,3,AINUSDT,31.55,1,1798af8c-9563-4bfb-a058-64bee606a3d3,2026-03-16,2026-03-16T23:40:13+00:00,2026-03-17T07:40:13+08:00,1,848,CLOSED_SL,STOP_LOSS_FILLED,0.06287,,,2026-03-16T23:40:14+00:00,2026-03-17T08:55:34+00:00,,missing_exit_fill
2026-03-17,acc03,4,IRUSDT,27.62,1,1798af8c-9563-4bfb-a058-64bee606a3d3,2026-03-16,2026-03-16T23:40:13+00:00,2026-03-17T07:40:13+08:00,1,850,CLOSED_SL,STOP_LOSS_FILLED,0.048919326109,,,2026-03-16T23:40:14+00:00,2026-03-17T04:02:35+00:00,,missing_exit_fill
2026-03-17,acc03,5,GRASSUSDT,24.7,1,1798af8c-9563-4bfb-a058-64bee606a3d3,2026-03-16,2026-03-16T23:40:13+00:00,2026-03-17T07:40:13+08:00,1,852,CLOSED_SL,STOP_LOSS_FILLED,0.4629,,,2026-03-16T23:40:14+00:00,2026-03-18T03:24:04+00:00,,missing_exit_fill
2026-03-17,acc03,6,BUSDT,23.24,1,1798af8c-9563-4bfb-a058-64bee606a3d3,2026-03-16,2026-03-16T23:40:13+00:00,2026-03-17T07:40:13+08:00,1,853,CLOSED_SL,STOP_LOSS_FILLED,0.2237686335404,,,2026-03-16T23:40:14+00:00,2026-03-17T10:06:34+00:00,,missing_exit_fill
2026-03-17,acc03,7,ZECUSDT,23.21,1,1798af8c-9563-4bfb-a058-64bee606a3d3,2026-03-16,2026-03-16T23:40:13+00:00,2026-03-17T07:40:13+08:00,1,854,CLOSED_SL,STOP_LOSS_FILLED,282.92,,,2026-03-16T23:40:14+00:00,2026-03-17T18:07:34+00:00,,missing_exit_fill
2026-03-17,acc03,8,ARIAUSDT,22.83,1,1798af8c-9563-4bfb-a058-64bee606a3d3,2026-03-16,2026-03-16T23:40:13+00:00,2026-03-17T07:40:13+08:00,1,855,CLOSED_SL,STOP_LOSS_FILLED,0.1650548339061,,,2026-03-16T23:40:14+00:00,2026-03-17T06:56:35+00:00,,missing_exit_fill
2026-03-17,acc03,9,VANRYUSDT,21.8,1,1798af8c-9563-4bfb-a058-64bee606a3d3,2026-03-16,2026-03-16T23:40:13+00:00,2026-03-17T07:40:13+08:00,1,856,CLOSED_SL,STOP_LOSS_FILLED,0.006223,,,2026-03-16T23:40:14+00:00,2026-03-17T15:02:35+00:00,,missing_exit_fill
2026-03-17,acc03,10,FARTCOINUSDT,21.69,1,1798af8c-9563-4bfb-a058-64bee606a3d3,2026-03-16,2026-03-16T23:40:13+00:00,2026-03-17T07:40:13+08:00,1,857,CLOSED_SL,STOP_LOSS_FILLED,0.202,,,2026-03-16T23:40:15+00:00,2026-03-17T21:41:34+00:00,,missing_exit_fill
2026-03-17,acc04,1,GUSDT,56.5,1,652b3ec9-4eed-492b-be39-430003d540f8,2026-03-16,2026-03-16T23:40:13+00:00,2026-03-17T07:40:13+08:00,1,830,CLOSED_TP,TAKE_PROFIT_FILLED,0.005408,,,2026-03-16T23:40:14+00:00,2026-03-18T00:06:05+00:00,,missing_exit_fill
2026-03-17,acc04,2,DEGOUSDT,34.29,1,652b3ec9-4eed-492b-be39-430003d540f8,2026-03-16,2026-03-16T23:40:13+00:00,2026-03-17T07:40:13+08:00,1,833,CLOSED_EXTERNAL,SHORT_POSITION_NOT_FOUND,1.1641,,,2026-03-16T23:40:14+00:00,2026-03-17T03:55:36+00:00,,missing_exit_fill
2026-03-17,acc04,3,AINUSDT,31.55,1,652b3ec9-4eed-492b-be39-430003d540f8,2026-03-16,2026-03-16T23:40:13+00:00,2026-03-17T07:40:13+08:00,1,835,CLOSED_EXTERNAL,SHORT_POSITION_NOT_FOUND,0.0628741256969,,,2026-03-16T23:40:14+00:00,2026-03-17T03:55:36+00:00,,missing_exit_fill
2026-03-17,acc04,4,IRUSDT,27.62,1,652b3ec9-4eed-492b-be39-430003d540f8,2026-03-16,2026-03-16T23:40:13+00:00,2026-03-17T07:40:13+08:00,1,837,CLOSED_EXTERNAL,SHORT_POSITION_NOT_FOUND,0.0489349192596,,,2026-03-16T23:40:14+00:00,2026-03-17T03:55:36+00:00,,missing_exit_fill
2026-03-17,acc04,5,GRASSUSDT,24.7,1,652b3ec9-4eed-492b-be39-430003d540f8,2026-03-16,2026-03-16T23:40:13+00:00,2026-03-17T07:40:13+08:00,1,839,CLOSED_EXTERNAL,SHORT_POSITION_NOT_FOUND,0.4628,,,2026-03-16T23:40:14+00:00,2026-03-17T03:55:36+00:00,,missing_exit_fill
2026-03-17,acc04,6,BUSDT,23.24,1,652b3ec9-4eed-492b-be39-430003d540f8,2026-03-16,2026-03-16T23:40:13+00:00,2026-03-17T07:40:13+08:00,1,841,CLOSED_EXTERNAL,SHORT_POSITION_NOT_FOUND,0.2239640144665,,,2026-03-16T23:40:14+00:00,2026-03-17T03:55:36+00:00,,missing_exit_fill
2026-03-17,acc04,7,ZECUSDT,23.21,1,652b3ec9-4eed-492b-be39-430003d540f8,2026-03-16,2026-03-16T23:40:13+00:00,2026-03-17T07:40:13+08:00,1,845,CLOSED_SL,STOP_LOSS_FILLED,282.94,,,2026-03-16T23:40:14+00:00,2026-03-17T18:07:34+00:00,,missing_exit_fill
2026-03-17,acc04,8,ARIAUSDT,22.83,1,652b3ec9-4eed-492b-be39-430003d540f8,2026-03-16,2026-03-16T23:40:13+00:00,2026-03-17T07:40:13+08:00,1,847,CLOSED_EXTERNAL,SHORT_POSITION_NOT_FOUND,0.1650624633822,,,2026-03-16T23:40:14+00:00,2026-03-17T03:55:36+00:00,,missing_exit_fill
2026-03-17,acc04,9,VANRYUSDT,21.8,1,652b3ec9-4eed-492b-be39-430003d540f8,2026-03-16,2026-03-16T23:40:13+00:00,2026-03-17T07:40:13+08:00,1,849,CLOSED_SL,STOP_LOSS_FILLED,0.006223,,,2026-03-16T23:40:14+00:00,2026-03-17T15:02:35+00:00,,missing_exit_fill
2026-03-17,acc04,10,FARTCOINUSDT,21.69,1,652b3ec9-4eed-492b-be39-430003d540f8,2026-03-16,2026-03-16T23:40:13+00:00,2026-03-17T07:40:13+08:00,1,851,CLOSED_EXTERNAL,SHORT_POSITION_NOT_FOUND,0.202,,,2026-03-16T23:40:14+00:00,2026-03-17T03:55:37+00:00,,missing_exit_fill
2026-03-18,acc01,1,SIRENUSDT,54.32,1,8d4bff77-e598-4a16-9ce8-a7849f1daa4a,2026-03-17,2026-03-17T23:40:12+00:00,2026-03-18T07:40:12+08:00,1,868,CLOSED_EXTERNAL,SHORT_POSITION_NOT_FOUND,0.7247914516129,,,2026-03-17T23:40:13+00:00,2026-03-18T03:55:05+00:00,,missing_exit_fill
2026-03-18,acc01,2,POLYXUSDT,28.55,1,8d4bff77-e598-4a16-9ce8-a7849f1daa4a,2026-03-17,2026-03-17T23:40:12+00:00,2026-03-18T07:40:12+08:00,1,870,CLOSED_SL,STOP_LOSS_FILLED,0.0501677777778,0.04534,0.04822,2026-03-17T23:40:13+00:00,2026-03-19T00:04:02+00:00,3.8825275188129296,entry_to_exit_fill
2026-03-18,acc01,3,AINUSDT,25.25,1,8d4bff77-e598-4a16-9ce8-a7849f1daa4a,2026-03-17,2026-03-17T23:40:12+00:00,2026-03-18T07:40:12+08:00,1,872,CLOSED_EXTERNAL,SHORT_POSITION_NOT_FOUND,0.0787558562244,,,2026-03-17T23:40:13+00:00,2026-03-18T03:55:05+00:00,,missing_exit_fill
2026-03-18,acc01,4,BANUSDT,21.41,1,8d4bff77-e598-4a16-9ce8-a7849f1daa4a,2026-03-17,2026-03-17T23:40:12+00:00,2026-03-18T07:40:12+08:00,1,873,CLOSED_TP,TAKE_PROFIT_FILLED,0.1702295334173,,,2026-03-17T23:40:13+00:00,2026-03-18T01:10:05+00:00,,missing_exit_fill
2026-03-18,acc01,5,ANIMEUSDT,16.68,1,8d4bff77-e598-4a16-9ce8-a7849f1daa4a,2026-03-17,2026-03-17T23:40:12+00:00,2026-03-18T07:40:12+08:00,1,878,CLOSED_SL,STOP_LOSS_FILLED,0.0053831175648,0.005037,0.005424,2026-03-17T23:40:13+00:00,2026-03-19T00:10:02+00:00,-0.759456480522156,entry_to_exit_fill
2026-03-18,acc01,6,VANRYUSDT,16.66,1,8d4bff77-e598-4a16-9ce8-a7849f1daa4a,2026-03-17,2026-03-17T23:40:12+00:00,2026-03-18T07:40:12+08:00,1,881,CLOSED_SL,STOP_LOSS_FILLED,0.0070044425607,0.006628,0.006429,2026-03-17T23:40:13+00:00,2026-03-19T00:10:02+00:00,8.215394097578157,entry_to_exit_fill
2026-03-18,acc01,7,IDOLUSDT,15.27,1,8d4bff77-e598-4a16-9ce8-a7849f1daa4a,2026-03-17,2026-03-17T23:40:12+00:00,2026-03-18T07:40:12+08:00,1,882,CLOSED_EXTERNAL,SHORT_POSITION_NOT_FOUND,0.0295243785558,,,2026-03-17T23:40:13+00:00,2026-03-18T03:55:05+00:00,,missing_exit_fill
2026-03-18,acc01,8,MBOXUSDT,14.86,1,8d4bff77-e598-4a16-9ce8-a7849f1daa4a,2026-03-17,2026-03-17T23:40:12+00:00,2026-03-18T07:40:12+08:00,1,885,CLOSED_SL,STOP_LOSS_FILLED,0.02037,,0.01878,2026-03-17T23:40:13+00:00,2026-03-18T23:59:02+00:00,7.805596465390269,entry_to_exit_fill
2026-03-18,acc01,9,HYPERUSDT,14.72,1,8d4bff77-e598-4a16-9ce8-a7849f1daa4a,2026-03-17,2026-03-17T23:40:12+00:00,2026-03-18T07:40:12+08:00,1,888,CLOSED_SL,STOP_LOSS_FILLED,0.109,,0.0996,2026-03-17T23:40:13+00:00,2026-03-18T23:59:03+00:00,8.623853211009179,entry_to_exit_fill
2026-03-18,acc01,10,NAORISUSDT,12.29,1,8d4bff77-e598-4a16-9ce8-a7849f1daa4a,2026-03-17,2026-03-17T23:40:12+00:00,2026-03-18T07:40:12+08:00,1,891,CLOSED_SL,STOP_LOSS_FILLED,0.0673730595894,,0.0652645,2026-03-17T23:40:13+00:00,2026-03-18T22:49:43+00:00,3.129677651943453,entry_to_exit_fill
2026-03-18,acc02,1,SIRENUSDT,54.32,1,b18d261b-4514-48be-9ce4-647abc22bd23,2026-03-17,2026-03-17T23:45:00+00:00,2026-03-18T07:45:00+08:00,1,897,CLOSED_EXTERNAL,SHORT_POSITION_NOT_FOUND,0.722507,,,2026-03-17T23:45:30+00:00,2026-03-18T03:55:05+00:00,,missing_exit_fill
2026-03-18,acc02,2,POLYXUSDT,28.55,1,b18d261b-4514-48be-9ce4-647abc22bd23,2026-03-17,2026-03-17T23:45:00+00:00,2026-03-18T07:45:00+08:00,1,898,CLOSED_EXTERNAL,SHORT_POSITION_NOT_FOUND,0.05362,,0.047704,2026-03-17T23:46:00+00:00,2026-03-18T07:23:04+00:00,11.033196568444605,entry_to_exit_fill
2026-03-18,acc02,3,AINUSDT,25.25,1,b18d261b-4514-48be-9ce4-647abc22bd23,2026-03-17,2026-03-17T23:45:00+00:00,2026-03-18T07:45:00+08:00,1,899,CLOSED_EXTERNAL,SHORT_POSITION_NOT_FOUND,0.07811,,,2026-03-17T23:46:30+00:00,2026-03-18T03:55:05+00:00,,missing_exit_fill
2026-03-18,acc02,4,BANUSDT,21.41,1,b18d261b-4514-48be-9ce4-647abc22bd23,2026-03-17,2026-03-17T23:45:00+00:00,2026-03-18T07:45:00+08:00,1,900,CLOSED_TP,TAKE_PROFIT_FILLED,0.1692125357608,,,2026-03-17T23:47:00+00:00,2026-03-18T01:10:05+00:00,,missing_exit_fill
2026-03-18,acc02,5,ANIMEUSDT,16.68,1,b18d261b-4514-48be-9ce4-647abc22bd23,2026-03-17,2026-03-17T23:45:00+00:00,2026-03-18T07:45:00+08:00,1,901,CLOSED_EXTERNAL,SHORT_POSITION_NOT_FOUND,0.005642,,0.0054568,2026-03-17T23:47:31+00:00,2026-03-18T07:23:04+00:00,3.2825239276852174,entry_to_exit_fill
2026-03-18,acc02,6,VANRYUSDT,16.66,1,b18d261b-4514-48be-9ce4-647abc22bd23,2026-03-17,2026-03-17T23:45:00+00:00,2026-03-18T07:45:00+08:00,1,902,CLOSED_EXTERNAL,SHORT_POSITION_NOT_FOUND,0.0075,,0.0067234336072446756,2026-03-17T23:48:01+00:00,2026-03-18T07:23:05+00:00,10.354218570070989,entry_to_exit_fill
2026-03-18,acc02,7,IDOLUSDT,15.27,1,b18d261b-4514-48be-9ce4-647abc22bd23,2026-03-17,2026-03-17T23:45:00+00:00,2026-03-18T07:45:00+08:00,1,903,CLOSED_EXTERNAL,SHORT_POSITION_NOT_FOUND,0.0295401444369,,,2026-03-17T23:48:31+00:00,2026-03-18T03:55:05+00:00,,missing_exit_fill
2026-03-18,acc02,8,MBOXUSDT,14.86,1,b18d261b-4514-48be-9ce4-647abc22bd23,2026-03-17,2026-03-17T23:45:00+00:00,2026-03-18T07:45:00+08:00,1,904,CLOSED_EXTERNAL,SHORT_POSITION_NOT_FOUND,0.02039,,0.01884,2026-03-17T23:49:01+00:00,2026-03-18T07:23:05+00:00,7.601765571358506,entry_to_exit_fill
2026-03-18,acc02,9,HYPERUSDT,14.72,1,b18d261b-4514-48be-9ce4-647abc22bd23,2026-03-17,2026-03-17T23:45:00+00:00,2026-03-18T07:45:00+08:00,1,905,CLOSED_EXTERNAL,SHORT_POSITION_NOT_FOUND,0.1082,,0.0991,2026-03-17T23:49:31+00:00,2026-03-18T07:23:05+00:00,8.410351201478752,entry_to_exit_fill
2026-03-18,acc02,10,NAORISUSDT,12.29,1,b18d261b-4514-48be-9ce4-647abc22bd23,2026-03-17,2026-03-17T23:45:00+00:00,2026-03-18T07:45:00+08:00,1,906,CLOSED_EXTERNAL,SHORT_POSITION_NOT_FOUND,0.0673375632421,,0.06522,2026-03-17T23:50:02+00:00,2026-03-18T07:23:05+00:00,3.1446983528148786,entry_to_exit_fill
2026-03-18,acc03,1,SIRENUSDT,54.32,1,e3b63586-f2d7-4dc3-bf01-ebdc318875e3,2026-03-17,2026-03-17T23:40:12+00:00,2026-03-18T07:40:12+08:00,1,871,CLOSED_SL,STOP_LOSS_FILLED,0.724774950495,0.72482,,2026-03-17T23:40:13+00:00,2026-03-18T07:10:05+00:00,,missing_exit_fill
2026-03-18,acc03,2,POLYXUSDT,28.55,1,e3b63586-f2d7-4dc3-bf01-ebdc318875e3,2026-03-17,2026-03-17T23:40:12+00:00,2026-03-18T07:40:12+08:00,1,874,CLOSED_EXTERNAL,SHORT_POSITION_NOT_FOUND,0.0540208956874,0.0540169,0.04598,2026-03-17T23:40:13+00:00,2026-03-18T12:33:04+00:00,14.884787793837859,entry_to_exit_fill
2026-03-18,acc03,3,AINUSDT,25.25,1,e3b63586-f2d7-4dc3-bf01-ebdc318875e3,2026-03-17,2026-03-17T23:40:12+00:00,2026-03-18T07:40:12+08:00,1,876,CLOSED_SL,STOP_LOSS_FILLED,0.0787270113086,0.0787,,2026-03-17T23:40:13+00:00,2026-03-18T08:34:04+00:00,,missing_exit_fill
2026-03-18,acc03,4,BANUSDT,21.41,1,e3b63586-f2d7-4dc3-bf01-ebdc318875e3,2026-03-17,2026-03-17T23:40:12+00:00,2026-03-18T07:40:12+08:00,1,879,CLOSED_TP,TAKE_PROFIT_FILLED,0.1702178322581,,,2026-03-17T23:40:13+00:00,2026-03-18T01:10:05+00:00,,missing_exit_fill
2026-03-18,acc03,5,ANIMEUSDT,16.68,1,e3b63586-f2d7-4dc3-bf01-ebdc318875e3,2026-03-17,2026-03-17T23:40:12+00:00,2026-03-18T07:40:12+08:00,1,883,CLOSED_EXTERNAL,SHORT_POSITION_NOT_FOUND,0.0056590628005,,0.005136,2026-03-17T23:40:13+00:00,2026-03-18T12:33:05+00:00,9.242922705395411,entry_to_exit_fill
2026-03-18,acc03,6,VANRYUSDT,16.66,1,e3b63586-f2d7-4dc3-bf01-ebdc318875e3,2026-03-17,2026-03-17T23:40:12+00:00,2026-03-18T07:40:12+08:00,1,886,CLOSED_EXTERNAL,SHORT_POSITION_NOT_FOUND,0.007293,,0.006409,2026-03-17T23:40:13+00:00,2026-03-18T12:33:05+00:00,12.121212121212125,entry_to_exit_fill
2026-03-18,acc03,7,IDOLUSDT,15.27,1,e3b63586-f2d7-4dc3-bf01-ebdc318875e3,2026-03-17,2026-03-17T23:40:12+00:00,2026-03-18T07:40:12+08:00,1,889,CLOSED_SL,STOP_LOSS_FILLED,0.02952,,,2026-03-17T23:40:13+00:00,2026-03-18T05:01:05+00:00,,missing_exit_fill
2026-03-18,acc03,8,MBOXUSDT,14.86,1,e3b63586-f2d7-4dc3-bf01-ebdc318875e3,2026-03-17,2026-03-17T23:40:12+00:00,2026-03-18T07:40:12+08:00,1,892,CLOSED_EXTERNAL,SHORT_POSITION_NOT_FOUND,0.02037,,0.0179193,2026-03-17T23:40:13+00:00,2026-03-18T12:33:05+00:00,12.030927835051546,entry_to_exit_fill
2026-03-18,acc03,9,HYPERUSDT,14.72,1,e3b63586-f2d7-4dc3-bf01-ebdc318875e3,2026-03-17,2026-03-17T23:40:12+00:00,2026-03-18T07:40:12+08:00,1,894,CLOSED_EXTERNAL,SHORT_POSITION_NOT_FOUND,0.1089,,0.0953,2026-03-17T23:40:13+00:00,2026-03-18T12:33:05+00:00,12.488521579430671,entry_to_exit_fill
2026-03-18,acc03,10,NAORISUSDT,12.29,1,e3b63586-f2d7-4dc3-bf01-ebdc318875e3,2026-03-17,2026-03-17T23:40:12+00:00,2026-03-18T07:40:12+08:00,0,,,,,,,,,,rank_symbol_not_opened
2026-03-18,acc04,1,SIRENUSDT,54.32,1,cce09c86-da44-4d3c-8478-7131d4b11284,2026-03-17,2026-03-17T23:40:12+00:00,2026-03-18T07:40:12+08:00,1,869,CLOSED_EXTERNAL,SHORT_POSITION_NOT_FOUND,0.7247826373626,,,2026-03-17T23:40:13+00:00,2026-03-18T03:55:05+00:00,,missing_exit_fill
2026-03-18,acc04,2,POLYXUSDT,28.55,1,cce09c86-da44-4d3c-8478-7131d4b11284,2026-03-17,2026-03-17T23:40:12+00:00,2026-03-18T07:40:12+08:00,1,875,CLOSED_SL,STOP_LOSS_FILLED,0.0531533492296,0.04534,,2026-03-17T23:40:13+00:00,2026-03-19T00:04:02+00:00,,missing_exit_fill
2026-03-18,acc04,3,AINUSDT,25.25,1,cce09c86-da44-4d3c-8478-7131d4b11284,2026-03-17,2026-03-17T23:40:12+00:00,2026-03-18T07:40:12+08:00,1,877,CLOSED_EXTERNAL,SHORT_POSITION_NOT_FOUND,0.0787237187127,,,2026-03-17T23:40:13+00:00,2026-03-18T03:55:05+00:00,,missing_exit_fill
2026-03-18,acc04,4,BANUSDT,21.41,1,cce09c86-da44-4d3c-8478-7131d4b11284,2026-03-17,2026-03-17T23:40:12+00:00,2026-03-18T07:40:12+08:00,1,880,CLOSED_TP,TAKE_PROFIT_FILLED,0.1702144787645,,,2026-03-17T23:40:13+00:00,2026-03-18T01:10:05+00:00,,missing_exit_fill
2026-03-18,acc04,5,ANIMEUSDT,16.68,1,cce09c86-da44-4d3c-8478-7131d4b11284,2026-03-17,2026-03-17T23:40:12+00:00,2026-03-18T07:40:12+08:00,1,884,CLOSED_SL,STOP_LOSS_FILLED,0.005659,,0.005036,2026-03-17T23:40:13+00:00,2026-03-19T00:10:03+00:00,11.00901219296696,entry_to_exit_fill
2026-03-18,acc04,6,VANRYUSDT,16.66,1,cce09c86-da44-4d3c-8478-7131d4b11284,2026-03-17,2026-03-17T23:40:12+00:00,2026-03-18T07:40:12+08:00,1,887,CLOSED_SL,STOP_LOSS_FILLED,0.0072937566044,,0.006636,2026-03-17T23:40:13+00:00,2026-03-19T00:10:03+00:00,9.018077241612424,entry_to_exit_fill
2026-03-18,acc04,7,IDOLUSDT,15.27,1,cce09c86-da44-4d3c-8478-7131d4b11284,2026-03-17,2026-03-17T23:40:12+00:00,2026-03-18T07:40:12+08:00,1,890,CLOSED_EXTERNAL,SHORT_POSITION_NOT_FOUND,0.0295023298371,,,2026-03-17T23:40:13+00:00,2026-03-18T03:55:05+00:00,,missing_exit_fill
2026-03-18,acc04,8,MBOXUSDT,14.86,1,cce09c86-da44-4d3c-8478-7131d4b11284,2026-03-17,2026-03-17T23:40:12+00:00,2026-03-18T07:40:12+08:00,1,893,CLOSED_SL,STOP_LOSS_FILLED,0.02037,,0.01853,2026-03-17T23:40:13+00:00,2026-03-18T23:59:03+00:00,9.0328915071183,entry_to_exit_fill
2026-03-18,acc04,9,HYPERUSDT,14.72,1,cce09c86-da44-4d3c-8478-7131d4b11284,2026-03-17,2026-03-17T23:40:12+00:00,2026-03-18T07:40:12+08:00,1,895,CLOSED_SL,STOP_LOSS_FILLED,0.1089,,0.0936,2026-03-17T23:40:13+00:00,2026-03-18T23:59:03+00:00,14.049586776859499,entry_to_exit_fill
2026-03-18,acc04,10,NAORISUSDT,12.29,1,cce09c86-da44-4d3c-8478-7131d4b11284,2026-03-17,2026-03-17T23:40:12+00:00,2026-03-18T07:40:12+08:00,1,896,CLOSED_SL,STOP_LOSS_FILLED,0.0673680347116,,,2026-03-17T23:40:13+00:00,2026-03-18T22:49:43+00:00,,missing_exit_fill
2026-03-19,acc01,1,LYNUSDT,53.83,1,b1788ce4-5bed-4cf2-aa82-32695d56bcfc,2026-03-18,2026-03-18T23:40:13+00:00,2026-03-19T07:40:13+08:00,1,907,CLOSED_EXTERNAL,SHORT_POSITION_NOT_FOUND,0.0693697571885,,,2026-03-18T23:40:14+00:00,2026-03-19T03:55:02+00:00,,missing_exit_fill
2026-03-19,acc01,2,SIRENUSDT,23.28,1,b1788ce4-5bed-4cf2-aa82-32695d56bcfc,2026-03-18,2026-03-18T23:40:13+00:00,2026-03-19T07:40:13+08:00,1,908,CLOSED_EXTERNAL,SHORT_POSITION_NOT_FOUND,0.8879747933884,,,2026-03-18T23:40:14+00:00,2026-03-19T03:55:02+00:00,,missing_exit_fill
2026-03-19,acc01,3,AINUSDT,21.31,1,b1788ce4-5bed-4cf2-aa82-32695d56bcfc,2026-03-18,2026-03-18T23:40:13+00:00,2026-03-19T07:40:13+08:00,1,910,CLOSED_EXTERNAL,SHORT_POSITION_NOT_FOUND,0.09403,,,2026-03-18T23:40:14+00:00,2026-03-19T03:55:02+00:00,,missing_exit_fill
2026-03-19,acc01,4,RIVERUSDT,17.01,1,b1788ce4-5bed-4cf2-aa82-32695d56bcfc,2026-03-18,2026-03-18T23:40:13+00:00,2026-03-19T07:40:13+08:00,1,911,CLOSED_EXTERNAL,SHORT_POSITION_NOT_FOUND,26.46905,,,2026-03-18T23:40:14+00:00,2026-03-19T03:55:02+00:00,,missing_exit_fill
2026-03-19,acc01,5,ENJUSDT,15.95,1,b1788ce4-5bed-4cf2-aa82-32695d56bcfc,2026-03-18,2026-03-18T23:40:13+00:00,2026-03-19T07:40:13+08:00,1,913,CLOSED_EXTERNAL,SHORT_POSITION_NOT_FOUND,0.02362,,,2026-03-18T23:40:14+00:00,2026-03-19T03:55:02+00:00,,missing_exit_fill
2026-03-19,acc01,6,AGTUSDT,15.94,1,b1788ce4-5bed-4cf2-aa82-32695d56bcfc,2026-03-18,2026-03-18T23:40:13+00:00,2026-03-19T07:40:13+08:00,1,915,CLOSED_SL,STOP_LOSS_FILLED,0.0067305791246,,,2026-03-18T23:40:14+00:00,2026-03-19T04:43:02+00:00,,missing_exit_fill
2026-03-19,acc01,7,FIGHTUSDT,14.12,1,b1788ce4-5bed-4cf2-aa82-32695d56bcfc,2026-03-18,2026-03-18T23:40:13+00:00,2026-03-19T07:40:13+08:00,1,917,CLOSED_EXTERNAL,SHORT_POSITION_NOT_FOUND,0.0037866457664,,,2026-03-18T23:40:14+00:00,2026-03-19T03:55:02+00:00,,missing_exit_fill
2026-03-19,acc01,8,BEATUSDT,13.07,1,b1788ce4-5bed-4cf2-aa82-32695d56bcfc,2026-03-18,2026-03-18T23:40:13+00:00,2026-03-19T07:40:13+08:00,1,918,CLOSED_SL,STOP_LOSS_FILLED,0.5685,,,2026-03-18T23:40:14+00:00,2026-03-19T04:46:02+00:00,,missing_exit_fill
2026-03-19,acc01,9,COSUSDT,12.59,1,b1788ce4-5bed-4cf2-aa82-32695d56bcfc,2026-03-18,2026-03-18T23:40:13+00:00,2026-03-19T07:40:13+08:00,1,920,CLOSED_EXTERNAL,SHORT_POSITION_NOT_FOUND,0.001652,,,2026-03-18T23:40:14+00:00,2026-03-19T08:42:02+00:00,,missing_exit_fill
2026-03-19,acc01,10,DEGOUSDT,11.81,1,b1788ce4-5bed-4cf2-aa82-32695d56bcfc,2026-03-18,2026-03-18T23:40:13+00:00,2026-03-19T07:40:13+08:00,1,922,CLOSED_EXTERNAL,SHORT_POSITION_NOT_FOUND,1.096536299292,,,2026-03-18T23:40:14+00:00,2026-03-19T09:20:21+00:00,,missing_exit_fill
2026-03-19,acc02,1,LYNUSDT,53.83,1,9eb2bb2b-8bb5-4552-9953-7dfc2b9b5d07,2026-03-18,2026-03-18T23:45:00+00:00,2026-03-19T07:45:00+08:00,1,935,CLOSED_EXTERNAL,SHORT_POSITION_NOT_FOUND,0.0693276789685,,,2026-03-18T23:45:30+00:00,2026-03-19T03:55:02+00:00,,missing_exit_fill
2026-03-19,acc02,2,SIRENUSDT,23.28,1,9eb2bb2b-8bb5-4552-9953-7dfc2b9b5d07,2026-03-18,2026-03-18T23:45:00+00:00,2026-03-19T07:45:00+08:00,1,936,CLOSED_EXTERNAL,SHORT_POSITION_NOT_FOUND,0.887127142857,,,2026-03-18T23:46:00+00:00,2026-03-19T03:55:02+00:00,,missing_exit_fill
2026-03-19,acc02,3,AINUSDT,21.31,1,9eb2bb2b-8bb5-4552-9953-7dfc2b9b5d07,2026-03-18,2026-03-18T23:45:00+00:00,2026-03-19T07:45:00+08:00,1,937,CLOSED_EXTERNAL,SHORT_POSITION_NOT_FOUND,0.09434,,,2026-03-18T23:46:30+00:00,2026-03-19T03:55:02+00:00,,missing_exit_fill
2026-03-19,acc02,4,RIVERUSDT,17.01,1,9eb2bb2b-8bb5-4552-9953-7dfc2b9b5d07,2026-03-18,2026-03-18T23:45:00+00:00,2026-03-19T07:45:00+08:00,1,938,CLOSED_EXTERNAL,SHORT_POSITION_NOT_FOUND,25.9541,25.841,,2026-03-18T23:47:00+00:00,2026-03-19T03:55:02+00:00,,missing_exit_fill
2026-03-19,acc02,5,ENJUSDT,15.95,1,9eb2bb2b-8bb5-4552-9953-7dfc2b9b5d07,2026-03-18,2026-03-18T23:45:00+00:00,2026-03-19T07:45:00+08:00,1,939,CLOSED_SL,STOP_LOSS_FILLED,0.02412,,,2026-03-18T23:47:30+00:00,2026-03-19T06:33:02+00:00,,missing_exit_fill
2026-03-19,acc02,6,AGTUSDT,15.94,1,9eb2bb2b-8bb5-4552-9953-7dfc2b9b5d07,2026-03-18,2026-03-18T23:45:00+00:00,2026-03-19T07:45:00+08:00,1,940,CLOSED_SL,STOP_LOSS_FILLED,0.006706,,,2026-03-18T23:48:00+00:00,2026-03-19T04:43:02+00:00,,missing_exit_fill
2026-03-19,acc02,7,FIGHTUSDT,14.12,1,9eb2bb2b-8bb5-4552-9953-7dfc2b9b5d07,2026-03-18,2026-03-18T23:45:00+00:00,2026-03-19T07:45:00+08:00,1,941,CLOSED_EXTERNAL,SHORT_POSITION_NOT_FOUND,0.0037428083344,,,2026-03-18T23:48:30+00:00,2026-03-19T03:55:02+00:00,,missing_exit_fill
2026-03-19,acc02,8,BEATUSDT,13.07,1,9eb2bb2b-8bb5-4552-9953-7dfc2b9b5d07,2026-03-18,2026-03-18T23:45:00+00:00,2026-03-19T07:45:00+08:00,1,942,CLOSED_SL,STOP_LOSS_FILLED,0.5632394160584,,,2026-03-18T23:49:00+00:00,2026-03-19T04:46:02+00:00,,missing_exit_fill
2026-03-19,acc02,9,COSUSDT,12.59,1,9eb2bb2b-8bb5-4552-9953-7dfc2b9b5d07,2026-03-18,2026-03-18T23:45:00+00:00,2026-03-19T07:45:00+08:00,1,943,CLOSED_SL,STOP_LOSS_FILLED,0.0016549580566,,,2026-03-18T23:49:30+00:00,2026-03-19T08:42:02+00:00,,missing_exit_fill
2026-03-19,acc02,10,DEGOUSDT,11.81,1,9eb2bb2b-8bb5-4552-9953-7dfc2b9b5d07,2026-03-18,2026-03-18T23:45:00+00:00,2026-03-19T07:45:00+08:00,1,944,CLOSED_EXTERNAL,SHORT_POSITION_NOT_FOUND,1.0734,,,2026-03-18T23:50:00+00:00,2026-03-19T09:18:22+00:00,,missing_exit_fill
2026-03-19,acc03,1,LYNUSDT,53.83,1,bb693a8f-42e6-4b7f-9ad5-398d35b2dfee,2026-03-18,2026-03-18T23:40:13+00:00,2026-03-19T07:40:13+08:00,1,909,CLOSED_SL,STOP_LOSS_FILLED,0.0693323137109,,,2026-03-18T23:40:14+00:00,2026-03-19T04:01:03+00:00,,missing_exit_fill
2026-03-19,acc03,2,SIRENUSDT,23.28,1,bb693a8f-42e6-4b7f-9ad5-398d35b2dfee,2026-03-18,2026-03-18T23:40:13+00:00,2026-03-19T07:40:13+08:00,1,912,CLOSED_SL,STOP_LOSS_FILLED,0.8874601923077,,,2026-03-18T23:40:14+00:00,2026-03-19T04:46:02+00:00,,missing_exit_fill
2026-03-19,acc03,3,AINUSDT,21.31,1,bb693a8f-42e6-4b7f-9ad5-398d35b2dfee,2026-03-18,2026-03-18T23:40:13+00:00,2026-03-19T07:40:13+08:00,1,914,CLOSED_EXTERNAL,SHORT_POSITION_NOT_FOUND,0.0940038936709,,,2026-03-18T23:40:14+00:00,2026-03-19T09:15:22+00:00,,missing_exit_fill
2026-03-19,acc03,4,RIVERUSDT,17.01,1,bb693a8f-42e6-4b7f-9ad5-398d35b2dfee,2026-03-18,2026-03-18T23:40:13+00:00,2026-03-19T07:40:13+08:00,1,916,CLOSED_SL,STOP_LOSS_FILLED,26.456,,,2026-03-18T23:40:14+00:00,2026-03-19T04:14:02+00:00,,missing_exit_fill
2026-03-19,acc03,5,ENJUSDT,15.95,1,bb693a8f-42e6-4b7f-9ad5-398d35b2dfee,2026-03-18,2026-03-18T23:40:13+00:00,2026-03-19T07:40:13+08:00,1,919,CLOSED_SL,STOP_LOSS_FILLED,0.0236189313463,,,2026-03-18T23:40:14+00:00,2026-03-19T06:33:02+00:00,,missing_exit_fill
2026-03-19,acc03,6,AGTUSDT,15.94,1,bb693a8f-42e6-4b7f-9ad5-398d35b2dfee,2026-03-18,2026-03-18T23:40:13+00:00,2026-03-19T07:40:13+08:00,1,921,CLOSED_SL,STOP_LOSS_FILLED,0.00673,,,2026-03-18T23:40:14+00:00,2026-03-19T04:43:02+00:00,,missing_exit_fill
2026-03-19,acc03,7,FIGHTUSDT,14.12,1,bb693a8f-42e6-4b7f-9ad5-398d35b2dfee,2026-03-18,2026-03-18T23:40:13+00:00,2026-03-19T07:40:13+08:00,1,923,CLOSED_SL,STOP_LOSS_FILLED,0.003786,,,2026-03-18T23:40:14+00:00,2026-03-19T04:03:02+00:00,,missing_exit_fill
2026-03-19,acc03,8,BEATUSDT,13.07,1,bb693a8f-42e6-4b7f-9ad5-398d35b2dfee,2026-03-18,2026-03-18T23:40:13+00:00,2026-03-19T07:40:13+08:00,1,924,CLOSED_SL,STOP_LOSS_FILLED,0.5684470948012,,,2026-03-18T23:40:14+00:00,2026-03-19T04:46:02+00:00,,missing_exit_fill
2026-03-19,acc03,9,COSUSDT,12.59,1,bb693a8f-42e6-4b7f-9ad5-398d35b2dfee,2026-03-18,2026-03-18T23:40:13+00:00,2026-03-19T07:40:13+08:00,1,925,CLOSED_EXTERNAL,SHORT_POSITION_NOT_FOUND,0.001652,,,2026-03-18T23:40:14+00:00,2026-03-19T08:42:02+00:00,,missing_exit_fill
2026-03-19,acc03,10,DEGOUSDT,11.81,1,bb693a8f-42e6-4b7f-9ad5-398d35b2dfee,2026-03-18,2026-03-18T23:40:13+00:00,2026-03-19T07:40:13+08:00,1,927,CLOSED_EXTERNAL,SHORT_POSITION_NOT_FOUND,1.0963,,,2026-03-18T23:40:14+00:00,2026-03-19T09:15:22+00:00,,missing_exit_fill
2026-03-19,acc04,1,LYNUSDT,53.83,1,f63759d6-a786-472a-ad1a-7b02e94776c2,2026-03-18,2026-03-18T23:40:13+00:00,2026-03-19T07:40:13+08:00,1,926,CLOSED_EXTERNAL,SHORT_POSITION_NOT_FOUND,0.0693227737603,0.06934,0.06934,2026-03-18T23:40:14+00:00,2026-03-19T03:55:02+00:00,-0.02484932261881046,entry_to_exit_fill
2026-03-19,acc04,2,SIRENUSDT,23.28,1,f63759d6-a786-472a-ad1a-7b02e94776c2,2026-03-18,2026-03-18T23:40:13+00:00,2026-03-19T07:40:13+08:00,1,928,CLOSED_EXTERNAL,SHORT_POSITION_NOT_FOUND,0.8873885714286,0.88756,0.88871,2026-03-18T23:40:14+00:00,2026-03-19T03:55:03+00:00,-0.1489120565608248,entry_to_exit_fill
2026-03-19,acc04,3,AINUSDT,21.31,1,f63759d6-a786-472a-ad1a-7b02e94776c2,2026-03-18,2026-03-18T23:40:13+00:00,2026-03-19T07:40:13+08:00,1,929,CLOSED_EXTERNAL,SHORT_POSITION_NOT_FOUND,0.09396,,,2026-03-18T23:40:14+00:00,2026-03-19T03:55:03+00:00,,missing_exit_fill
2026-03-19,acc04,4,RIVERUSDT,17.01,1,f63759d6-a786-472a-ad1a-7b02e94776c2,2026-03-18,2026-03-18T23:40:13+00:00,2026-03-19T07:40:13+08:00,1,930,CLOSED_EXTERNAL,SHORT_POSITION_NOT_FOUND,26.456,,,2026-03-18T23:40:14+00:00,2026-03-19T03:55:03+00:00,,missing_exit_fill
2026-03-19,acc04,5,ENJUSDT,15.95,1,f63759d6-a786-472a-ad1a-7b02e94776c2,2026-03-18,2026-03-18T23:40:13+00:00,2026-03-19T07:40:13+08:00,1,931,CLOSED_EXTERNAL,SHORT_POSITION_NOT_FOUND,0.02361,,,2026-03-18T23:40:14+00:00,2026-03-19T03:55:03+00:00,,missing_exit_fill
2026-03-19,acc04,6,AGTUSDT,15.94,1,f63759d6-a786-472a-ad1a-7b02e94776c2,2026-03-18,2026-03-18T23:40:13+00:00,2026-03-19T07:40:13+08:00,1,932,CLOSED_SL,STOP_LOSS_FILLED,0.0067305857134,,,2026-03-18T23:40:14+00:00,2026-03-19T04:43:02+00:00,,missing_exit_fill
2026-03-19,acc04,7,FIGHTUSDT,14.12,1,f63759d6-a786-472a-ad1a-7b02e94776c2,2026-03-18,2026-03-18T23:40:13+00:00,2026-03-19T07:40:13+08:00,1,933,CLOSED_EXTERNAL,SHORT_POSITION_NOT_FOUND,0.003786,,,2026-03-18T23:40:15+00:00,2026-03-19T03:55:03+00:00,,missing_exit_fill
2026-03-19,acc04,8,BEATUSDT,13.07,1,f63759d6-a786-472a-ad1a-7b02e94776c2,2026-03-18,2026-03-18T23:40:13+00:00,2026-03-19T07:40:13+08:00,1,934,CLOSED_SL,STOP_LOSS_FILLED,0.5683227513227,,,2026-03-18T23:40:15+00:00,2026-03-19T04:46:02+00:00,,missing_exit_fill
2026-03-19,acc04,9,COSUSDT,12.59,1,f63759d6-a786-472a-ad1a-7b02e94776c2,2026-03-18,2026-03-18T23:40:13+00:00,2026-03-19T07:40:13+08:00,0,,,,,,,,,,rank_symbol_not_opened
2026-03-19,acc04,10,DEGOUSDT,11.81,1,f63759d6-a786-472a-ad1a-7b02e94776c2,2026-03-18,2026-03-18T23:40:13+00:00,2026-03-19T07:40:13+08:00,0,,,,,,,,,,rank_symbol_not_opened
2026-03-20,acc01,1,EDGEUSDT,80.35,1,6c6ede8c-5a2b-4586-b744-4af15e8c2b35,2026-03-19,2026-03-19T23:40:13+00:00,2026-03-20T07:40:13+08:00,0,,,,,,,,,,rank_symbol_not_opened
2026-03-20,acc01,2,LYNUSDT,52.8,1,6c6ede8c-5a2b-4586-b744-4af15e8c2b35,2026-03-19,2026-03-19T23:40:13+00:00,2026-03-20T07:40:13+08:00,1,946,CLOSED_EXTERNAL,SHORT_POSITION_NOT_FOUND,0.1058550124688,0.10581,,2026-03-19T23:40:13+00:00,2026-03-20T03:55:36+00:00,,missing_exit_fill
2026-03-20,acc01,3,UAIUSDT,43.22,1,6c6ede8c-5a2b-4586-b744-4af15e8c2b35,2026-03-19,2026-03-19T23:40:13+00:00,2026-03-20T07:40:13+08:00,1,949,CLOSED_EXTERNAL,SHORT_POSITION_NOT_FOUND,0.5815826388889,0.5817,,2026-03-19T23:40:13+00:00,2026-03-20T03:55:36+00:00,,missing_exit_fill
2026-03-20,acc01,4,AIAUSDT,28.61,1,6c6ede8c-5a2b-4586-b744-4af15e8c2b35,2026-03-19,2026-03-19T23:40:13+00:00,2026-03-20T07:40:13+08:00,1,952,CLOSED_EXTERNAL,SHORT_POSITION_NOT_FOUND,0.1027623147023,0.1027982,,2026-03-19T23:40:13+00:00,2026-03-20T03:55:36+00:00,,missing_exit_fill
2026-03-20,acc01,5,STOUSDT,21.84,1,6c6ede8c-5a2b-4586-b744-4af15e8c2b35,2026-03-19,2026-03-19T23:40:13+00:00,2026-03-20T07:40:13+08:00,1,955,CLOSED_SL,STOP_LOSS_FILLED,0.0951490005615,0.09514000000000002,,2026-03-19T23:40:13+00:00,2026-03-20T11:05:36+00:00,,missing_exit_fill
2026-03-20,acc01,6,IRYSUSDT,15.97,1,6c6ede8c-5a2b-4586-b744-4af15e8c2b35,2026-03-19,2026-03-19T23:40:13+00:00,2026-03-20T07:40:13+08:00,1,958,CLOSED_SL,STOP_LOSS_FILLED,0.01975,0.01975,,2026-03-19T23:40:13+00:00,2026-03-20T10:33:36+00:00,,missing_exit_fill
2026-03-20,acc01,7,PTBUSDT,14.61,1,6c6ede8c-5a2b-4586-b744-4af15e8c2b35,2026-03-19,2026-03-19T23:40:13+00:00,2026-03-20T07:40:13+08:00,1,961,CLOSED_EXTERNAL,SHORT_POSITION_NOT_FOUND,0.0012609000724,0.00126,,2026-03-19T23:40:13+00:00,2026-03-20T03:55:37+00:00,,missing_exit_fill
2026-03-20,acc01,8,TRIAUSDT,14.36,1,6c6ede8c-5a2b-4586-b744-4af15e8c2b35,2026-03-19,2026-03-19T23:40:13+00:00,2026-03-20T07:40:13+08:00,1,964,CLOSED_EXTERNAL,SHORT_POSITION_NOT_FOUND,0.0381389184317,0.0381292,,2026-03-19T23:40:13+00:00,2026-03-20T03:55:37+00:00,,missing_exit_fill
2026-03-20,acc01,9,ARIAUSDT,14.26,1,6c6ede8c-5a2b-4586-b744-4af15e8c2b35,2026-03-19,2026-03-19T23:40:13+00:00,2026-03-20T07:40:13+08:00,1,967,CLOSED_SL,STOP_LOSS_FILLED,0.1885752173913,0.18854000000000004,,2026-03-19T23:40:13+00:00,2026-03-20T04:56:37+00:00,,missing_exit_fill
2026-03-20,acc01,10,A2ZUSDT,14.22,1,6c6ede8c-5a2b-4586-b744-4af15e8c2b35,2026-03-19,2026-03-19T23:40:13+00:00,2026-03-20T07:40:13+08:00,1,970,CLOSED_SL,STOP_LOSS_FILLED,0.0005536607899,0.0005532,0.0004986,2026-03-19T23:40:13+00:00,2026-03-21T02:17:34+00:00,9.944859904192398,entry_to_exit_fill
2026-03-20,acc02,1,EDGEUSDT,80.35,1,ad2be5e7-cf9d-41cd-a3d2-4fdd947d7c82,2026-03-19,2026-03-19T23:45:00+00:00,2026-03-20T07:45:00+08:00,0,,,,,,,,,,rank_symbol_not_opened
2026-03-20,acc02,2,LYNUSDT,52.8,1,ad2be5e7-cf9d-41cd-a3d2-4fdd947d7c82,2026-03-19,2026-03-19T23:45:00+00:00,2026-03-20T07:45:00+08:00,1,973,CLOSED_EXTERNAL,SHORT_POSITION_NOT_FOUND,0.1061323642612,0.10594,,2026-03-19T23:45:33+00:00,2026-03-20T03:55:36+00:00,,missing_exit_fill
2026-03-20,acc02,3,UAIUSDT,43.22,1,ad2be5e7-cf9d-41cd-a3d2-4fdd947d7c82,2026-03-19,2026-03-19T23:45:00+00:00,2026-03-20T07:45:00+08:00,1,974,CLOSED_EXTERNAL,SHORT_POSITION_NOT_FOUND,0.5844977099237,0.5872,,2026-03-19T23:46:03+00:00,2026-03-20T03:55:36+00:00,,missing_exit_fill
2026-03-20,acc02,4,AIAUSDT,28.61,1,ad2be5e7-cf9d-41cd-a3d2-4fdd947d7c82,2026-03-19,2026-03-19T23:45:00+00:00,2026-03-20T07:45:00+08:00,1,975,CLOSED_EXTERNAL,SHORT_POSITION_NOT_FOUND,0.1023147319034,0.10288,,2026-03-19T23:47:04+00:00,2026-03-20T03:55:36+00:00,,missing_exit_fill
2026-03-20,acc02,5,STOUSDT,21.84,1,ad2be5e7-cf9d-41cd-a3d2-4fdd947d7c82,2026-03-19,2026-03-19T23:45:00+00:00,2026-03-20T07:45:00+08:00,1,976,CLOSED_SL,STOP_LOSS_FILLED,0.0944872817338,0.09472,,2026-03-19T23:47:34+00:00,2026-03-20T11:05:36+00:00,,missing_exit_fill
2026-03-20,acc02,6,IRYSUSDT,15.97,1,ad2be5e7-cf9d-41cd-a3d2-4fdd947d7c82,2026-03-19,2026-03-19T23:45:00+00:00,2026-03-20T07:45:00+08:00,1,977,CLOSED_SL,STOP_LOSS_FILLED,0.0200169648603,0.02008,,2026-03-19T23:48:04+00:00,2026-03-20T10:33:36+00:00,,missing_exit_fill
2026-03-20,acc02,7,PTBUSDT,14.61,1,ad2be5e7-cf9d-41cd-a3d2-4fdd947d7c82,2026-03-19,2026-03-19T23:45:00+00:00,2026-03-20T07:45:00+08:00,1,978,CLOSED_EXTERNAL,SHORT_POSITION_NOT_FOUND,0.0012654981524,0.00127,,2026-03-19T23:48:34+00:00,2026-03-20T03:55:37+00:00,,missing_exit_fill
2026-03-20,acc02,8,TRIAUSDT,14.36,1,ad2be5e7-cf9d-41cd-a3d2-4fdd947d7c82,2026-03-19,2026-03-19T23:45:00+00:00,2026-03-20T07:45:00+08:00,1,979,CLOSED_EXTERNAL,SHORT_POSITION_NOT_FOUND,0.0380949515287,0.03823,,2026-03-19T23:49:04+00:00,2026-03-20T03:55:37+00:00,,missing_exit_fill
2026-03-20,acc02,9,ARIAUSDT,14.26,1,ad2be5e7-cf9d-41cd-a3d2-4fdd947d7c82,2026-03-19,2026-03-19T23:45:00+00:00,2026-03-20T07:45:00+08:00,1,980,CLOSED_SL,STOP_LOSS_FILLED,0.1887486855036,0.18883,,2026-03-19T23:49:34+00:00,2026-03-20T04:56:37+00:00,,missing_exit_fill
2026-03-20,acc02,10,A2ZUSDT,14.22,1,ad2be5e7-cf9d-41cd-a3d2-4fdd947d7c82,2026-03-19,2026-03-19T23:45:00+00:00,2026-03-20T07:45:00+08:00,1,981,CLOSED_SL,STOP_LOSS_FILLED,0.0005484814349,0.0005491,0.0004984,2026-03-19T23:50:04+00:00,2026-03-21T02:17:34+00:00,9.130926174216079,entry_to_exit_fill
2026-03-20,acc03,1,EDGEUSDT,80.35,1,87b38f31-05bd-418a-923d-aed15ca6765a,2026-03-19,2026-03-19T23:40:13+00:00,2026-03-20T07:40:13+08:00,0,,,,,,,,,,rank_symbol_not_opened
2026-03-20,acc03,2,LYNUSDT,52.8,1,87b38f31-05bd-418a-923d-aed15ca6765a,2026-03-19,2026-03-19T23:40:13+00:00,2026-03-20T07:40:13+08:00,1,945,CLOSED_EXTERNAL,SHORT_POSITION_NOT_FOUND,0.1058828554846,0.10582,0.1126151,2026-03-19T23:40:13+00:00,2026-03-20T04:25:36+00:00,-6.358200753642465,entry_to_exit_fill
2026-03-20,acc03,3,UAIUSDT,43.22,1,87b38f31-05bd-418a-923d-aed15ca6765a,2026-03-19,2026-03-19T23:40:13+00:00,2026-03-20T07:40:13+08:00,1,948,CLOSED_EXTERNAL,SHORT_POSITION_NOT_FOUND,0.5815284789644,0.5817,0.5964841,2026-03-19T23:40:13+00:00,2026-03-20T04:25:36+00:00,-2.571777922593461,entry_to_exit_fill
2026-03-20,acc03,4,AIAUSDT,28.61,1,87b38f31-05bd-418a-923d-aed15ca6765a,2026-03-19,2026-03-19T23:40:13+00:00,2026-03-20T07:40:13+08:00,1,951,CLOSED_EXTERNAL,SHORT_POSITION_NOT_FOUND,0.1027905257208,0.10281,0.10672,2026-03-19T23:40:13+00:00,2026-03-20T04:25:36+00:00,-3.8227981145589727,entry_to_exit_fill
2026-03-20,acc03,5,STOUSDT,21.84,1,87b38f31-05bd-418a-923d-aed15ca6765a,2026-03-19,2026-03-19T23:40:13+00:00,2026-03-20T07:40:13+08:00,1,954,CLOSED_EXTERNAL,SHORT_POSITION_NOT_FOUND,0.0951531207527,0.09514,0.0941238,2026-03-19T23:40:13+00:00,2026-03-20T04:25:37+00:00,1.0817519641580358,entry_to_exit_fill
2026-03-20,acc03,6,IRYSUSDT,15.97,1,87b38f31-05bd-418a-923d-aed15ca6765a,2026-03-19,2026-03-19T23:40:13+00:00,2026-03-20T07:40:13+08:00,1,957,CLOSED_EXTERNAL,SHORT_POSITION_NOT_FOUND,0.0197563947426,0.019749999999999997,0.0199242,2026-03-19T23:40:13+00:00,2026-03-20T04:25:37+00:00,-0.8493718595233788,entry_to_exit_fill
2026-03-20,acc03,7,PTBUSDT,14.61,1,87b38f31-05bd-418a-923d-aed15ca6765a,2026-03-19,2026-03-19T23:40:13+00:00,2026-03-20T07:40:13+08:00,1,960,CLOSED_EXTERNAL,SHORT_POSITION_NOT_FOUND,0.0012605397907,0.00126,0.0014199,2026-03-19T23:40:13+00:00,2026-03-20T04:25:37+00:00,-12.64221966460134,entry_to_exit_fill
2026-03-20,acc03,8,TRIAUSDT,14.36,1,87b38f31-05bd-418a-923d-aed15ca6765a,2026-03-19,2026-03-19T23:40:13+00:00,2026-03-20T07:40:13+08:00,1,963,CLOSED_EXTERNAL,SHORT_POSITION_NOT_FOUND,0.0381480025178,0.03813,0.0395075,2026-03-19T23:40:13+00:00,2026-03-20T04:25:37+00:00,-3.563744868596087,entry_to_exit_fill
2026-03-20,acc03,9,ARIAUSDT,14.26,1,87b38f31-05bd-418a-923d-aed15ca6765a,2026-03-19,2026-03-19T23:40:13+00:00,2026-03-20T07:40:13+08:00,1,966,CLOSED_EXTERNAL,SHORT_POSITION_NOT_FOUND,0.1885967634854,0.18854,0.1806532,2026-03-19T23:40:13+00:00,2026-03-20T04:25:37+00:00,4.211929907278035,entry_to_exit_fill
2026-03-20,acc03,10,A2ZUSDT,14.22,1,87b38f31-05bd-418a-923d-aed15ca6765a,2026-03-19,2026-03-19T23:40:13+00:00,2026-03-20T07:40:13+08:00,1,969,CLOSED_EXTERNAL,SHORT_POSITION_NOT_FOUND,0.0005538783857,0.0005532,0.0004945,2026-03-19T23:40:13+00:00,2026-03-20T04:25:37+00:00,10.720473525060314,entry_to_exit_fill
2026-03-20,acc04,1,EDGEUSDT,80.35,1,ae15685c-9dbc-41c4-b600-33d2198f13d4,2026-03-19,2026-03-19T23:40:13+00:00,2026-03-20T07:40:13+08:00,1,947,CLOSED_EXTERNAL,SHORT_POSITION_NOT_FOUND,0.623,,,2026-03-19T23:40:13+00:00,2026-03-20T03:55:37+00:00,,missing_exit_fill
2026-03-20,acc04,2,LYNUSDT,52.8,1,ae15685c-9dbc-41c4-b600-33d2198f13d4,2026-03-19,2026-03-19T23:40:13+00:00,2026-03-20T07:40:13+08:00,1,950,CLOSED_EXTERNAL,SHORT_POSITION_NOT_FOUND,0.1058070921986,,,2026-03-19T23:40:13+00:00,2026-03-20T03:55:37+00:00,,missing_exit_fill
2026-03-20,acc04,3,UAIUSDT,43.22,1,ae15685c-9dbc-41c4-b600-33d2198f13d4,2026-03-19,2026-03-19T23:40:13+00:00,2026-03-20T07:40:13+08:00,1,953,CLOSED_EXTERNAL,SHORT_POSITION_NOT_FOUND,0.5819070866142,,,2026-03-19T23:40:13+00:00,2026-03-20T03:55:37+00:00,,missing_exit_fill
2026-03-20,acc04,4,AIAUSDT,28.61,1,ae15685c-9dbc-41c4-b600-33d2198f13d4,2026-03-19,2026-03-19T23:40:13+00:00,2026-03-20T07:40:13+08:00,1,956,CLOSED_EXTERNAL,SHORT_POSITION_NOT_FOUND,0.1027581202488,,,2026-03-19T23:40:13+00:00,2026-03-20T03:55:37+00:00,,missing_exit_fill
2026-03-20,acc04,5,STOUSDT,21.84,1,ae15685c-9dbc-41c4-b600-33d2198f13d4,2026-03-19,2026-03-19T23:40:13+00:00,2026-03-20T07:40:13+08:00,1,959,CLOSED_SL,STOP_LOSS_FILLED,0.095140370607,,,2026-03-19T23:40:13+00:00,2026-03-20T11:05:36+00:00,,missing_exit_fill
2026-03-20,acc04,6,IRYSUSDT,15.97,1,ae15685c-9dbc-41c4-b600-33d2198f13d4,2026-03-19,2026-03-19T23:40:13+00:00,2026-03-20T07:40:13+08:00,1,962,CLOSED_SL,STOP_LOSS_FILLED,0.01975,,,2026-03-19T23:40:13+00:00,2026-03-20T10:33:36+00:00,,missing_exit_fill
2026-03-20,acc04,7,PTBUSDT,14.61,1,ae15685c-9dbc-41c4-b600-33d2198f13d4,2026-03-19,2026-03-19T23:40:13+00:00,2026-03-20T07:40:13+08:00,1,965,CLOSED_EXTERNAL,SHORT_POSITION_NOT_FOUND,0.0012600370311,,,2026-03-19T23:40:13+00:00,2026-03-20T03:55:37+00:00,,missing_exit_fill
2026-03-20,acc04,8,TRIAUSDT,14.36,1,ae15685c-9dbc-41c4-b600-33d2198f13d4,2026-03-19,2026-03-19T23:40:13+00:00,2026-03-20T07:40:13+08:00,1,968,CLOSED_EXTERNAL,SHORT_POSITION_NOT_FOUND,0.0381327076923,,,2026-03-19T23:40:13+00:00,2026-03-20T03:55:37+00:00,,missing_exit_fill
2026-03-20,acc04,9,ARIAUSDT,14.26,1,ae15685c-9dbc-41c4-b600-33d2198f13d4,2026-03-19,2026-03-19T23:40:13+00:00,2026-03-20T07:40:13+08:00,1,971,CLOSED_SL,STOP_LOSS_FILLED,0.1885600126742,,,2026-03-19T23:40:13+00:00,2026-03-20T04:56:37+00:00,,missing_exit_fill
2026-03-20,acc04,10,A2ZUSDT,14.22,1,ae15685c-9dbc-41c4-b600-33d2198f13d4,2026-03-19,2026-03-19T23:40:13+00:00,2026-03-20T07:40:13+08:00,1,972,CLOSED_SL,STOP_LOSS_FILLED,0.0005533116058,,0.0004986,2026-03-19T23:40:14+00:00,2026-03-21T02:17:34+00:00,9.888027871906974,entry_to_exit_fill
2026-03-21,acc01,1,WAXPUSDT,28.15,1,2f45e154-d7f3-4899-86d1-8213fe1a178c,2026-03-20,2026-03-20T23:40:14+00:00,2026-03-21T07:40:14+08:00,1,985,CLOSED_TIMEOUT,MAX_HOLD_EXCEEDED,0.0081143038018,,0.0066927,2026-03-20T23:40:14+00:00,2026-03-22T23:11:04+00:00,17.519726109893057,entry_to_exit_fill
2026-03-21,acc01,2,LIGHTUSDT,22.19,1,2f45e154-d7f3-4899-86d1-8213fe1a178c,2026-03-20,2026-03-20T23:40:14+00:00,2026-03-21T07:40:14+08:00,1,990,CLOSED_SL,STOP_LOSS_FILLED,0.2252166666667,,,2026-03-20T23:40:14+00:00,2026-03-21T19:29:26+00:00,,missing_exit_fill
2026-03-21,acc01,3,PHAUSDT,20.63,1,2f45e154-d7f3-4899-86d1-8213fe1a178c,2026-03-20,2026-03-20T23:40:14+00:00,2026-03-21T07:40:14+08:00,1,993,CLOSED_EXTERNAL,SHORT_POSITION_NOT_FOUND,0.039,,,2026-03-20T23:40:15+00:00,2026-03-21T03:55:33+00:00,,missing_exit_fill
2026-03-21,acc01,4,BASUSDT,16.76,1,2f45e154-d7f3-4899-86d1-8213fe1a178c,2026-03-20,2026-03-20T23:40:14+00:00,2026-03-21T07:40:14+08:00,1,996,CLOSED_EXTERNAL,SHORT_POSITION_NOT_FOUND,0.009925,,,2026-03-20T23:40:15+00:00,2026-03-21T03:55:33+00:00,,missing_exit_fill
2026-03-21,acc01,5,JCTUSDT,16.47,1,2f45e154-d7f3-4899-86d1-8213fe1a178c,2026-03-20,2026-03-20T23:40:14+00:00,2026-03-21T07:40:14+08:00,1,999,CLOSED_EXTERNAL,SHORT_POSITION_NOT_FOUND,0.002562,,,2026-03-20T23:40:15+00:00,2026-03-21T15:59:26+00:00,,missing_exit_fill
2026-03-21,acc01,6,BTRUSDT,16.01,1,2f45e154-d7f3-4899-86d1-8213fe1a178c,2026-03-20,2026-03-20T23:40:14+00:00,2026-03-21T07:40:14+08:00,1,1002,CLOSED_EXTERNAL,SHORT_POSITION_NOT_FOUND,0.1379734918793,,,2026-03-20T23:40:15+00:00,2026-03-21T03:55:33+00:00,,missing_exit_fill
2026-03-21,acc01,7,SIRENUSDT,15.23,1,2f45e154-d7f3-4899-86d1-8213fe1a178c,2026-03-20,2026-03-20T23:40:14+00:00,2026-03-21T07:40:14+08:00,1,1006,CLOSED_EXTERNAL,SHORT_POSITION_NOT_FOUND,0.9061005384615,,,2026-03-20T23:40:15+00:00,2026-03-21T03:55:34+00:00,,missing_exit_fill
2026-03-21,acc01,8,PTBUSDT,14.15,1,2f45e154-d7f3-4899-86d1-8213fe1a178c,2026-03-20,2026-03-20T23:40:14+00:00,2026-03-21T07:40:14+08:00,1,1008,CLOSED_SL,STOP_LOSS_FILLED,0.001444,,,2026-03-20T23:40:15+00:00,2026-03-21T05:37:27+00:00,,missing_exit_fill
2026-03-21,acc01,9,ALICEUSDT,13.64,1,2f45e154-d7f3-4899-86d1-8213fe1a178c,2026-03-20,2026-03-20T23:40:14+00:00,2026-03-21T07:40:14+08:00,1,1010,CLOSED_TIMEOUT,MAX_HOLD_EXCEEDED,0.124,,0.112,2026-03-20T23:40:15+00:00,2026-03-22T23:11:04+00:00,9.677419354838706,entry_to_exit_fill
2026-03-21,acc01,10,ZETAUSDT,12.36,1,2f45e154-d7f3-4899-86d1-8213fe1a178c,2026-03-20,2026-03-20T23:40:14+00:00,2026-03-21T07:40:14+08:00,1,1011,CLOSED_EXTERNAL,SHORT_POSITION_NOT_FOUND,0.0558,,,2026-03-20T23:40:15+00:00,2026-03-21T03:55:34+00:00,,missing_exit_fill
2026-03-21,acc02,1,WAXPUSDT,28.15,1,fef53dca-d317-42d6-bf66-70c42a0229b2,2026-03-20,2026-03-20T23:45:00+00:00,2026-03-21T07:45:00+08:00,1,1012,CLOSED_TIMEOUT,MAX_HOLD_EXCEEDED,0.0081260514092,,0.006695,2026-03-20T23:45:30+00:00,2026-03-22T23:16:03+00:00,17.61066152719412,entry_to_exit_fill
2026-03-21,acc02,2,LIGHTUSDT,22.19,1,fef53dca-d317-42d6-bf66-70c42a0229b2,2026-03-20,2026-03-20T23:45:00+00:00,2026-03-21T07:45:00+08:00,1,1013,CLOSED_SL,STOP_LOSS_FILLED,0.2262,,,2026-03-20T23:46:30+00:00,2026-03-21T19:29:26+00:00,,missing_exit_fill
2026-03-21,acc02,3,PHAUSDT,20.63,1,fef53dca-d317-42d6-bf66-70c42a0229b2,2026-03-20,2026-03-20T23:45:00+00:00,2026-03-21T07:45:00+08:00,1,1014,CLOSED_EXTERNAL,SHORT_POSITION_NOT_FOUND,0.03886,,,2026-03-20T23:47:00+00:00,2026-03-21T03:55:33+00:00,,missing_exit_fill
2026-03-21,acc02,4,BASUSDT,16.76,1,fef53dca-d317-42d6-bf66-70c42a0229b2,2026-03-20,2026-03-20T23:45:00+00:00,2026-03-21T07:45:00+08:00,1,1015,CLOSED_EXTERNAL,SHORT_POSITION_NOT_FOUND,0.0097450486929,,,2026-03-20T23:47:30+00:00,2026-03-21T03:55:33+00:00,,missing_exit_fill
2026-03-21,acc02,5,JCTUSDT,16.47,1,fef53dca-d317-42d6-bf66-70c42a0229b2,2026-03-20,2026-03-20T23:45:00+00:00,2026-03-21T07:45:00+08:00,1,1016,CLOSED_EXTERNAL,SHORT_POSITION_NOT_FOUND,0.00257,,,2026-03-20T23:48:00+00:00,2026-03-21T15:59:26+00:00,,missing_exit_fill
2026-03-21,acc02,6,BTRUSDT,16.01,1,fef53dca-d317-42d6-bf66-70c42a0229b2,2026-03-20,2026-03-20T23:45:00+00:00,2026-03-21T07:45:00+08:00,1,1017,CLOSED_EXTERNAL,SHORT_POSITION_NOT_FOUND,0.1376043167305,,,2026-03-20T23:48:31+00:00,2026-03-21T03:55:33+00:00,,missing_exit_fill
2026-03-21,acc02,7,SIRENUSDT,15.23,1,fef53dca-d317-42d6-bf66-70c42a0229b2,2026-03-20,2026-03-20T23:45:00+00:00,2026-03-21T07:45:00+08:00,1,1018,CLOSED_EXTERNAL,SHORT_POSITION_NOT_FOUND,0.9021761016949,,,2026-03-20T23:49:01+00:00,2026-03-21T03:55:34+00:00,,missing_exit_fill
2026-03-21,acc02,8,PTBUSDT,14.15,1,fef53dca-d317-42d6-bf66-70c42a0229b2,2026-03-20,2026-03-20T23:45:00+00:00,2026-03-21T07:45:00+08:00,1,1019,CLOSED_SL,STOP_LOSS_FILLED,0.001454,,,2026-03-20T23:49:31+00:00,2026-03-21T05:37:27+00:00,,missing_exit_fill
2026-03-21,acc02,9,ALICEUSDT,13.64,1,fef53dca-d317-42d6-bf66-70c42a0229b2,2026-03-20,2026-03-20T23:45:00+00:00,2026-03-21T07:45:00+08:00,1,1020,CLOSED_TIMEOUT,MAX_HOLD_EXCEEDED,0.123,,0.112,2026-03-20T23:50:01+00:00,2026-03-22T23:20:03+00:00,8.943089430894306,entry_to_exit_fill
2026-03-21,acc02,10,ZETAUSDT,12.36,1,fef53dca-d317-42d6-bf66-70c42a0229b2,2026-03-20,2026-03-20T23:45:00+00:00,2026-03-21T07:45:00+08:00,1,1021,CLOSED_EXTERNAL,SHORT_POSITION_NOT_FOUND,0.05635,,,2026-03-20T23:50:31+00:00,2026-03-21T03:55:34+00:00,,missing_exit_fill
2026-03-21,acc03,1,WAXPUSDT,28.15,1,531f1f43-dac9-4bc8-8ee2-bacdb79a72e0,2026-03-20,2026-03-20T23:40:14+00:00,2026-03-21T07:40:14+08:00,1,982,CLOSED_TIMEOUT,MAX_HOLD_EXCEEDED,0.008116,,0.0067982747414764,2026-03-20T23:40:14+00:00,2026-03-22T23:11:04+00:00,16.23614167722523,entry_to_exit_fill
2026-03-21,acc03,2,LIGHTUSDT,22.19,1,531f1f43-dac9-4bc8-8ee2-bacdb79a72e0,2026-03-20,2026-03-20T23:40:14+00:00,2026-03-21T07:40:14+08:00,1,983,CLOSED_SL,STOP_LOSS_FILLED,0.2253,,,2026-03-20T23:40:14+00:00,2026-03-21T19:29:26+00:00,,missing_exit_fill
2026-03-21,acc03,3,PHAUSDT,20.63,1,531f1f43-dac9-4bc8-8ee2-bacdb79a72e0,2026-03-20,2026-03-20T23:40:14+00:00,2026-03-21T07:40:14+08:00,1,984,CLOSED_SL,STOP_LOSS_FILLED,0.039,,,2026-03-20T23:40:14+00:00,2026-03-21T06:10:26+00:00,,missing_exit_fill
2026-03-21,acc03,4,BASUSDT,16.76,1,531f1f43-dac9-4bc8-8ee2-bacdb79a72e0,2026-03-20,2026-03-20T23:40:14+00:00,2026-03-21T07:40:14+08:00,1,987,CLOSED_SL,STOP_LOSS_FILLED,0.0099275769014,,0.009962,2026-03-20T23:40:14+00:00,2026-03-22T00:16:04+00:00,-0.34674220045725096,entry_to_exit_fill
2026-03-21,acc03,5,JCTUSDT,16.47,1,531f1f43-dac9-4bc8-8ee2-bacdb79a72e0,2026-03-20,2026-03-20T23:40:14+00:00,2026-03-21T07:40:14+08:00,1,989,CLOSED_EXTERNAL,SHORT_POSITION_NOT_FOUND,0.0025638219952,,,2026-03-20T23:40:14+00:00,2026-03-21T15:59:26+00:00,,missing_exit_fill
2026-03-21,acc03,6,BTRUSDT,16.01,1,531f1f43-dac9-4bc8-8ee2-bacdb79a72e0,2026-03-20,2026-03-20T23:40:14+00:00,2026-03-21T07:40:14+08:00,1,992,CLOSED_SL,STOP_LOSS_FILLED,0.1380404260869,,,2026-03-20T23:40:15+00:00,2026-03-21T04:07:26+00:00,,missing_exit_fill
2026-03-21,acc03,7,SIRENUSDT,15.23,1,531f1f43-dac9-4bc8-8ee2-bacdb79a72e0,2026-03-20,2026-03-20T23:40:14+00:00,2026-03-21T07:40:14+08:00,1,995,CLOSED_SL,STOP_LOSS_FILLED,0.9062770114942,,,2026-03-20T23:40:15+00:00,2026-03-21T04:30:26+00:00,,missing_exit_fill
2026-03-21,acc03,8,PTBUSDT,14.15,1,531f1f43-dac9-4bc8-8ee2-bacdb79a72e0,2026-03-20,2026-03-20T23:40:14+00:00,2026-03-21T07:40:14+08:00,1,998,CLOSED_SL,STOP_LOSS_FILLED,0.001445,,,2026-03-20T23:40:15+00:00,2026-03-21T05:37:27+00:00,,missing_exit_fill
2026-03-21,acc03,9,ALICEUSDT,13.64,1,531f1f43-dac9-4bc8-8ee2-bacdb79a72e0,2026-03-20,2026-03-20T23:40:14+00:00,2026-03-21T07:40:14+08:00,1,1001,CLOSED_TIMEOUT,MAX_HOLD_EXCEEDED,0.124,,0.11328382213812677,2026-03-20T23:40:15+00:00,2026-03-22T23:11:04+00:00,8.64207892086551,entry_to_exit_fill
2026-03-21,acc03,10,ZETAUSDT,12.36,1,531f1f43-dac9-4bc8-8ee2-bacdb79a72e0,2026-03-20,2026-03-20T23:40:14+00:00,2026-03-21T07:40:14+08:00,1,1004,CLOSED_SL,STOP_LOSS_FILLED,0.0558014114748,,0.05574,2026-03-20T23:40:15+00:00,2026-03-22T05:24:03+00:00,0.11005362261801514,entry_to_exit_fill
2026-03-21,acc04,1,WAXPUSDT,28.15,1,32dce5fb-408a-4c09-aac4-c8ff94e1b061,2026-03-20,2026-03-20T23:40:14+00:00,2026-03-21T07:40:14+08:00,1,986,CLOSED_TIMEOUT,MAX_HOLD_EXCEEDED,0.008114,,0.006693,2026-03-20T23:40:14+00:00,2026-03-22T23:11:04+00:00,17.51294059649987,entry_to_exit_fill
2026-03-21,acc04,2,LIGHTUSDT,22.19,1,32dce5fb-408a-4c09-aac4-c8ff94e1b061,2026-03-20,2026-03-20T23:40:14+00:00,2026-03-21T07:40:14+08:00,1,988,CLOSED_SL,STOP_LOSS_FILLED,0.2252,,,2026-03-20T23:40:14+00:00,2026-03-21T19:29:27+00:00,,missing_exit_fill
2026-03-21,acc04,3,PHAUSDT,20.63,1,32dce5fb-408a-4c09-aac4-c8ff94e1b061,2026-03-20,2026-03-20T23:40:14+00:00,2026-03-21T07:40:14+08:00,1,991,CLOSED_EXTERNAL,SHORT_POSITION_NOT_FOUND,0.039,,,2026-03-20T23:40:15+00:00,2026-03-21T03:55:34+00:00,,missing_exit_fill
2026-03-21,acc04,4,BASUSDT,16.76,1,32dce5fb-408a-4c09-aac4-c8ff94e1b061,2026-03-20,2026-03-20T23:40:14+00:00,2026-03-21T07:40:14+08:00,1,994,CLOSED_EXTERNAL,SHORT_POSITION_NOT_FOUND,0.009926,,,2026-03-20T23:40:15+00:00,2026-03-21T03:55:34+00:00,,missing_exit_fill
2026-03-21,acc04,5,JCTUSDT,16.47,1,32dce5fb-408a-4c09-aac4-c8ff94e1b061,2026-03-20,2026-03-20T23:40:14+00:00,2026-03-21T07:40:14+08:00,1,997,CLOSED_EXTERNAL,SHORT_POSITION_NOT_FOUND,0.002562220399,,,2026-03-20T23:40:15+00:00,2026-03-21T15:59:27+00:00,,missing_exit_fill
2026-03-21,acc04,6,BTRUSDT,16.01,1,32dce5fb-408a-4c09-aac4-c8ff94e1b061,2026-03-20,2026-03-20T23:40:14+00:00,2026-03-21T07:40:14+08:00,1,1000,CLOSED_EXTERNAL,SHORT_POSITION_NOT_FOUND,0.1380107296651,,,2026-03-20T23:40:15+00:00,2026-03-21T03:55:34+00:00,,missing_exit_fill
2026-03-21,acc04,7,SIRENUSDT,15.23,1,32dce5fb-408a-4c09-aac4-c8ff94e1b061,2026-03-20,2026-03-20T23:40:14+00:00,2026-03-21T07:40:14+08:00,1,1003,CLOSED_EXTERNAL,SHORT_POSITION_NOT_FOUND,0.9061373809524,,,2026-03-20T23:40:15+00:00,2026-03-21T03:55:34+00:00,,missing_exit_fill
2026-03-21,acc04,8,PTBUSDT,14.15,1,32dce5fb-408a-4c09-aac4-c8ff94e1b061,2026-03-20,2026-03-20T23:40:14+00:00,2026-03-21T07:40:14+08:00,1,1005,CLOSED_SL,STOP_LOSS_FILLED,0.001445,,,2026-03-20T23:40:15+00:00,2026-03-21T05:37:27+00:00,,missing_exit_fill
2026-03-21,acc04,9,ALICEUSDT,13.64,1,32dce5fb-408a-4c09-aac4-c8ff94e1b061,2026-03-20,2026-03-20T23:40:14+00:00,2026-03-21T07:40:14+08:00,1,1007,CLOSED_TIMEOUT,MAX_HOLD_EXCEEDED,0.124,,0.112,2026-03-20T23:40:15+00:00,2026-03-22T23:11:04+00:00,9.677419354838706,entry_to_exit_fill
2026-03-21,acc04,10,ZETAUSDT,12.36,1,32dce5fb-408a-4c09-aac4-c8ff94e1b061,2026-03-20,2026-03-20T23:40:14+00:00,2026-03-21T07:40:14+08:00,1,1009,CLOSED_EXTERNAL,SHORT_POSITION_NOT_FOUND,0.0558,,,2026-03-20T23:40:15+00:00,2026-03-21T03:55:34+00:00,,missing_exit_fill
2026-03-22,acc01,1,RDNTUSDT,42.73,1,a977f77d-4084-4da9-b8d8-ccc897fedf28,2026-03-21,2026-03-21T23:40:13+00:00,2026-03-22T07:40:13+08:00,1,1022,CLOSED_SL,STOP_LOSS_FILLED,0.005797,,,2026-03-21T23:40:14+00:00,2026-03-22T13:06:03+00:00,,missing_exit_fill
2026-03-22,acc01,2,MAGMAUSDT,37.16,1,a977f77d-4084-4da9-b8d8-ccc897fedf28,2026-03-21,2026-03-21T23:40:13+00:00,2026-03-22T07:40:13+08:00,1,1024,CLOSED_SL,STOP_LOSS_FILLED,0.1324823459716,,,2026-03-21T23:40:14+00:00,2026-03-22T18:40:03+00:00,,missing_exit_fill
2026-03-22,acc01,3,BOBUSDT,20.44,1,a977f77d-4084-4da9-b8d8-ccc897fedf28,2026-03-21,2026-03-21T23:40:13+00:00,2026-03-22T07:40:13+08:00,1,1026,CLOSED_SL,STOP_LOSS_FILLED,0.0061539842804,0.005549,,2026-03-21T23:40:14+00:00,2026-03-22T23:56:03+00:00,,missing_exit_fill
2026-03-22,acc01,4,BRUSDT,20.32,1,a977f77d-4084-4da9-b8d8-ccc897fedf28,2026-03-21,2026-03-21T23:40:13+00:00,2026-03-22T07:40:13+08:00,1,1028,CLOSED_SL,STOP_LOSS_FILLED,0.0677904189435,,,2026-03-21T23:40:14+00:00,2026-03-22T07:00:04+00:00,,missing_exit_fill
2026-03-22,acc01,5,FOLKSUSDT,17.43,1,a977f77d-4084-4da9-b8d8-ccc897fedf28,2026-03-21,2026-03-21T23:40:13+00:00,2026-03-22T07:40:13+08:00,1,1030,CLOSED_SL,STOP_LOSS_FILLED,1.099,,,2026-03-21T23:40:14+00:00,2026-03-22T11:12:04+00:00,,missing_exit_fill
2026-03-22,acc01,6,LABUSDT,16.8,1,a977f77d-4084-4da9-b8d8-ccc897fedf28,2026-03-21,2026-03-21T23:40:13+00:00,2026-03-22T07:40:13+08:00,1,1032,CLOSED_SL,STOP_LOSS_FILLED,0.2132762835249,,,2026-03-21T23:40:14+00:00,2026-03-22T05:13:04+00:00,,missing_exit_fill
2026-03-22,acc01,7,RIVERUSDT,15.17,1,a977f77d-4084-4da9-b8d8-ccc897fedf28,2026-03-21,2026-03-21T23:40:13+00:00,2026-03-22T07:40:13+08:00,1,1034,CLOSED_SL,STOP_LOSS_FILLED,25.517,,,2026-03-21T23:40:14+00:00,2026-03-22T05:09:03+00:00,,missing_exit_fill
2026-03-22,acc01,8,TURBOUSDT,13.36,1,a977f77d-4084-4da9-b8d8-ccc897fedf28,2026-03-21,2026-03-21T23:40:13+00:00,2026-03-22T07:40:13+08:00,1,1036,CLOSED_SL,STOP_LOSS_FILLED,0.0011267876267,,,2026-03-21T23:40:14+00:00,2026-03-22T12:32:03+00:00,,missing_exit_fill
2026-03-22,acc01,9,CYSUSDT,12.55,1,a977f77d-4084-4da9-b8d8-ccc897fedf28,2026-03-21,2026-03-21T23:40:13+00:00,2026-03-22T07:40:13+08:00,1,1038,CLOSED_SL,STOP_LOSS_FILLED,0.5650487309645,,,2026-03-21T23:40:14+00:00,2026-03-22T04:11:04+00:00,,missing_exit_fill
2026-03-22,acc01,10,1000RATSUSDT,12.27,1,a977f77d-4084-4da9-b8d8-ccc897fedf28,2026-03-21,2026-03-21T23:40:13+00:00,2026-03-22T07:40:13+08:00,1,1040,CLOSED_SL,STOP_LOSS_FILLED,0.0497900099206,,,2026-03-21T23:40:14+00:00,2026-03-22T04:30:04+00:00,,missing_exit_fill
2026-03-22,acc02,1,RDNTUSDT,42.73,1,da7de879-519b-4ea0-898f-7adf4e37f837,2026-03-21,2026-03-21T23:45:00+00:00,2026-03-22T07:45:00+08:00,1,1052,CLOSED_SL,STOP_LOSS_FILLED,0.0058665595973,,,2026-03-21T23:45:30+00:00,2026-03-22T13:06:03+00:00,,missing_exit_fill
2026-03-22,acc02,2,MAGMAUSDT,37.16,1,da7de879-519b-4ea0-898f-7adf4e37f837,2026-03-21,2026-03-21T23:45:00+00:00,2026-03-22T07:45:00+08:00,1,1053,CLOSED_SL,STOP_LOSS_FILLED,0.1378032375979,,,2026-03-21T23:46:00+00:00,2026-03-22T18:40:03+00:00,,missing_exit_fill
2026-03-22,acc02,3,BOBUSDT,20.44,1,da7de879-519b-4ea0-898f-7adf4e37f837,2026-03-21,2026-03-21T23:45:00+00:00,2026-03-22T07:45:00+08:00,1,1054,CLOSED_SL,STOP_LOSS_FILLED,0.0060461626441,0.005569,,2026-03-21T23:46:30+00:00,2026-03-22T23:56:03+00:00,,missing_exit_fill
2026-03-22,acc02,4,BRUSDT,20.32,1,da7de879-519b-4ea0-898f-7adf4e37f837,2026-03-21,2026-03-21T23:45:00+00:00,2026-03-22T07:45:00+08:00,1,1055,CLOSED_SL,STOP_LOSS_FILLED,0.068097526738,,,2026-03-21T23:47:00+00:00,2026-03-22T07:00:04+00:00,,missing_exit_fill
2026-03-22,acc02,5,FOLKSUSDT,17.43,1,da7de879-519b-4ea0-898f-7adf4e37f837,2026-03-21,2026-03-21T23:45:00+00:00,2026-03-22T07:45:00+08:00,1,1056,CLOSED_SL,STOP_LOSS_FILLED,1.098,,,2026-03-21T23:47:30+00:00,2026-03-22T11:12:04+00:00,,missing_exit_fill
2026-03-22,acc02,6,LABUSDT,16.8,1,da7de879-519b-4ea0-898f-7adf4e37f837,2026-03-21,2026-03-21T23:45:00+00:00,2026-03-22T07:45:00+08:00,1,1057,CLOSED_SL,STOP_LOSS_FILLED,0.2127575949367,,,2026-03-21T23:48:00+00:00,2026-03-22T05:13:04+00:00,,missing_exit_fill
2026-03-22,acc02,7,RIVERUSDT,15.17,1,da7de879-519b-4ea0-898f-7adf4e37f837,2026-03-21,2026-03-21T23:45:00+00:00,2026-03-22T07:45:00+08:00,1,1058,CLOSED_SL,STOP_LOSS_FILLED,25.61407692308,,,2026-03-21T23:48:30+00:00,2026-03-22T05:09:03+00:00,,missing_exit_fill
2026-03-22,acc02,8,TURBOUSDT,13.36,1,da7de879-519b-4ea0-898f-7adf4e37f837,2026-03-21,2026-03-21T23:45:00+00:00,2026-03-22T07:45:00+08:00,1,1059,CLOSED_SL,STOP_LOSS_FILLED,0.0011114,,,2026-03-21T23:49:00+00:00,2026-03-22T12:19:04+00:00,,missing_exit_fill
2026-03-22,acc02,9,CYSUSDT,12.55,1,da7de879-519b-4ea0-898f-7adf4e37f837,2026-03-21,2026-03-21T23:45:00+00:00,2026-03-22T07:45:00+08:00,1,1060,CLOSED_SL,STOP_LOSS_FILLED,0.567843575419,,,2026-03-21T23:49:30+00:00,2026-03-22T04:11:04+00:00,,missing_exit_fill
2026-03-22,acc02,10,1000RATSUSDT,12.27,1,da7de879-519b-4ea0-898f-7adf4e37f837,2026-03-21,2026-03-21T23:45:00+00:00,2026-03-22T07:45:00+08:00,1,1061,CLOSED_SL,STOP_LOSS_FILLED,0.049746116876,,,2026-03-21T23:50:01+00:00,2026-03-22T04:30:03+00:00,,missing_exit_fill
2026-03-22,acc03,1,RDNTUSDT,42.73,1,39e02384-3fc0-4597-aee1-8fe94efeb68f,2026-03-21,2026-03-21T23:40:13+00:00,2026-03-22T07:40:13+08:00,1,1042,CLOSED_SL,STOP_LOSS_FILLED,0.005796,,,2026-03-21T23:40:14+00:00,2026-03-22T13:06:03+00:00,,missing_exit_fill
2026-03-22,acc03,2,MAGMAUSDT,37.16,1,39e02384-3fc0-4597-aee1-8fe94efeb68f,2026-03-21,2026-03-21T23:40:13+00:00,2026-03-22T07:40:13+08:00,1,1043,CLOSED_SL,STOP_LOSS_FILLED,0.1323802043133,,,2026-03-21T23:40:14+00:00,2026-03-22T18:40:03+00:00,,missing_exit_fill
2026-03-22,acc03,3,BOBUSDT,20.44,1,39e02384-3fc0-4597-aee1-8fe94efeb68f,2026-03-21,2026-03-21T23:40:13+00:00,2026-03-22T07:40:13+08:00,1,1044,CLOSED_SL,STOP_LOSS_FILLED,0.0060674663605,0.0055463,,2026-03-21T23:40:14+00:00,2026-03-22T23:56:03+00:00,,missing_exit_fill
2026-03-22,acc03,4,BRUSDT,20.32,1,39e02384-3fc0-4597-aee1-8fe94efeb68f,2026-03-21,2026-03-21T23:40:13+00:00,2026-03-22T07:40:13+08:00,1,1045,CLOSED_SL,STOP_LOSS_FILLED,0.06778,,,2026-03-21T23:40:14+00:00,2026-03-22T07:00:04+00:00,,missing_exit_fill
2026-03-22,acc03,5,FOLKSUSDT,17.43,1,39e02384-3fc0-4597-aee1-8fe94efeb68f,2026-03-21,2026-03-21T23:40:13+00:00,2026-03-22T07:40:13+08:00,1,1046,CLOSED_SL,STOP_LOSS_FILLED,1.098777777778,,,2026-03-21T23:40:14+00:00,2026-03-22T11:12:04+00:00,,missing_exit_fill
2026-03-22,acc03,6,LABUSDT,16.8,1,39e02384-3fc0-4597-aee1-8fe94efeb68f,2026-03-21,2026-03-21T23:40:13+00:00,2026-03-22T07:40:13+08:00,1,1047,CLOSED_SL,STOP_LOSS_FILLED,0.2132609174312,,,2026-03-21T23:40:14+00:00,2026-03-22T05:13:04+00:00,,missing_exit_fill
2026-03-22,acc03,7,RIVERUSDT,15.17,1,39e02384-3fc0-4597-aee1-8fe94efeb68f,2026-03-21,2026-03-21T23:40:13+00:00,2026-03-22T07:40:13+08:00,1,1048,CLOSED_SL,STOP_LOSS_FILLED,25.52,,,2026-03-21T23:40:14+00:00,2026-03-22T05:09:03+00:00,,missing_exit_fill
2026-03-22,acc03,8,TURBOUSDT,13.36,1,39e02384-3fc0-4597-aee1-8fe94efeb68f,2026-03-21,2026-03-21T23:40:13+00:00,2026-03-22T07:40:13+08:00,1,1049,CLOSED_SL,STOP_LOSS_FILLED,0.0011267468985,,,2026-03-21T23:40:14+00:00,2026-03-22T12:32:03+00:00,,missing_exit_fill
2026-03-22,acc03,9,CYSUSDT,12.55,1,39e02384-3fc0-4597-aee1-8fe94efeb68f,2026-03-21,2026-03-21T23:40:13+00:00,2026-03-22T07:40:13+08:00,1,1050,CLOSED_SL,STOP_LOSS_FILLED,0.565,,,2026-03-21T23:40:15+00:00,2026-03-22T04:11:04+00:00,,missing_exit_fill
2026-03-22,acc03,10,1000RATSUSDT,12.27,1,39e02384-3fc0-4597-aee1-8fe94efeb68f,2026-03-21,2026-03-21T23:40:13+00:00,2026-03-22T07:40:13+08:00,1,1051,CLOSED_SL,STOP_LOSS_FILLED,0.0497643657958,,,2026-03-21T23:40:15+00:00,2026-03-22T04:30:03+00:00,,missing_exit_fill
2026-03-22,acc04,1,RDNTUSDT,42.73,1,d12d72e4-83f5-40da-a584-c04caca42872,2026-03-21,2026-03-21T23:40:13+00:00,2026-03-22T07:40:13+08:00,1,1023,CLOSED_SL,STOP_LOSS_FILLED,0.0057965655527,,,2026-03-21T23:40:14+00:00,2026-03-22T13:06:04+00:00,,missing_exit_fill
2026-03-22,acc04,2,MAGMAUSDT,37.16,1,d12d72e4-83f5-40da-a584-c04caca42872,2026-03-21,2026-03-21T23:40:13+00:00,2026-03-22T07:40:13+08:00,1,1025,CLOSED_SL,STOP_LOSS_FILLED,0.1324826650367,,,2026-03-21T23:40:14+00:00,2026-03-22T18:40:04+00:00,,missing_exit_fill
2026-03-22,acc04,3,BOBUSDT,20.44,1,d12d72e4-83f5-40da-a584-c04caca42872,2026-03-21,2026-03-21T23:40:13+00:00,2026-03-22T07:40:13+08:00,1,1027,CLOSED_SL,STOP_LOSS_FILLED,0.0061532692913,0.005546,,2026-03-21T23:40:14+00:00,2026-03-22T23:56:04+00:00,,missing_exit_fill
2026-03-22,acc04,4,BRUSDT,20.32,1,d12d72e4-83f5-40da-a584-c04caca42872,2026-03-21,2026-03-21T23:40:13+00:00,2026-03-22T07:40:13+08:00,1,1029,CLOSED_SL,STOP_LOSS_FILLED,0.067787658109,,,2026-03-21T23:40:14+00:00,2026-03-22T07:00:04+00:00,,missing_exit_fill
2026-03-22,acc04,5,FOLKSUSDT,17.43,1,d12d72e4-83f5-40da-a584-c04caca42872,2026-03-21,2026-03-21T23:40:13+00:00,2026-03-22T07:40:13+08:00,1,1031,CLOSED_SL,STOP_LOSS_FILLED,1.099,,,2026-03-21T23:40:14+00:00,2026-03-22T11:12:04+00:00,,missing_exit_fill
2026-03-22,acc04,6,LABUSDT,16.8,1,d12d72e4-83f5-40da-a584-c04caca42872,2026-03-21,2026-03-21T23:40:13+00:00,2026-03-22T07:40:13+08:00,1,1033,CLOSED_SL,STOP_LOSS_FILLED,0.2132479446639,,,2026-03-21T23:40:14+00:00,2026-03-22T05:13:04+00:00,,missing_exit_fill
2026-03-22,acc04,7,RIVERUSDT,15.17,1,d12d72e4-83f5-40da-a584-c04caca42872,2026-03-21,2026-03-21T23:40:13+00:00,2026-03-22T07:40:13+08:00,1,1035,CLOSED_SL,STOP_LOSS_FILLED,25.51607142858,,,2026-03-21T23:40:14+00:00,2026-03-22T05:09:04+00:00,,missing_exit_fill
2026-03-22,acc04,8,TURBOUSDT,13.36,1,d12d72e4-83f5-40da-a584-c04caca42872,2026-03-21,2026-03-21T23:40:13+00:00,2026-03-22T07:40:13+08:00,1,1037,CLOSED_SL,STOP_LOSS_FILLED,0.0011267505043,,,2026-03-21T23:40:14+00:00,2026-03-22T12:32:04+00:00,,missing_exit_fill
2026-03-22,acc04,9,CYSUSDT,12.55,1,d12d72e4-83f5-40da-a584-c04caca42872,2026-03-21,2026-03-21T23:40:13+00:00,2026-03-22T07:40:13+08:00,1,1039,CLOSED_SL,STOP_LOSS_FILLED,0.565,,,2026-03-21T23:40:14+00:00,2026-03-22T04:11:04+00:00,,missing_exit_fill
2026-03-22,acc04,10,1000RATSUSDT,12.27,1,d12d72e4-83f5-40da-a584-c04caca42872,2026-03-21,2026-03-21T23:40:13+00:00,2026-03-22T07:40:13+08:00,1,1041,CLOSED_SL,STOP_LOSS_FILLED,0.0497778823529,,,2026-03-21T23:40:14+00:00,2026-03-22T04:30:04+00:00,,missing_exit_fill
2026-03-23,acc01,1,SIRENUSDT,141.65,1,4c24131b-1ba3-4776-ac95-51761613dfe5,2026-03-22,2026-03-22T23:40:13+00:00,2026-03-23T07:40:13+08:00,1,1063,CLOSED_EXTERNAL,SHORT_POSITION_NOT_FOUND,2.28046,,,2026-03-22T23:40:14+00:00,2026-03-23T05:13:03+00:00,,missing_exit_fill
2026-03-23,acc01,2,BRUSDT,75.29,1,4c24131b-1ba3-4776-ac95-51761613dfe5,2026-03-22,2026-03-22T23:40:13+00:00,2026-03-23T07:40:13+08:00,1,1066,CLOSED_EXTERNAL,SHORT_POSITION_NOT_FOUND,0.1197994825871,,,2026-03-22T23:40:14+00:00,2026-03-23T05:59:04+00:00,,missing_exit_fill
2026-03-23,acc01,3,LYNUSDT,52.12,1,4c24131b-1ba3-4776-ac95-51761613dfe5,2026-03-22,2026-03-22T23:40:13+00:00,2026-03-23T07:40:13+08:00,1,1068,CLOSED_EXTERNAL,SHORT_POSITION_NOT_FOUND,0.09361,,0.081647,2026-03-22T23:40:14+00:00,2026-03-23T16:59:03+00:00,12.779617562226258,entry_to_exit_fill
2026-03-23,acc01,4,JCTUSDT,47.87,1,4c24131b-1ba3-4776-ac95-51761613dfe5,2026-03-22,2026-03-22T23:40:13+00:00,2026-03-23T07:40:13+08:00,1,1071,CLOSED_SL,STOP_LOSS_FILLED,0.0034796171952,0.0032591,0.0037303,2026-03-22T23:40:14+00:00,2026-03-24T01:45:03+00:00,-7.204321358849686,entry_to_exit_fill
2026-03-23,acc01,5,BANANAS31USDT,46.94,1,4c24131b-1ba3-4776-ac95-51761613dfe5,2026-03-22,2026-03-22T23:40:13+00:00,2026-03-23T07:40:13+08:00,1,1073,CLOSED_SL,STOP_LOSS_FILLED,0.013673,,,2026-03-22T23:40:14+00:00,2026-03-23T04:49:03+00:00,,missing_exit_fill
2026-03-23,acc01,6,ARIAUSDT,33.02,1,4c24131b-1ba3-4776-ac95-51761613dfe5,2026-03-22,2026-03-22T23:40:13+00:00,2026-03-23T07:40:13+08:00,1,1076,CLOSED_SL,STOP_LOSS_FILLED,0.2657651562501,,0.225231,2026-03-22T23:40:14+00:00,2026-03-23T11:31:04+00:00,15.251870042721134,entry_to_exit_fill
2026-03-23,acc01,7,TRIAUSDT,31.43,1,4c24131b-1ba3-4776-ac95-51761613dfe5,2026-03-22,2026-03-22T23:40:13+00:00,2026-03-23T07:40:13+08:00,1,1078,CLOSED_EXTERNAL,SHORT_POSITION_NOT_FOUND,0.0454382862191,0.04256,0.04189164922561741,2026-03-22T23:40:14+00:00,2026-03-24T13:59:50+00:00,7.805393399700368,entry_to_exit_fill
2026-03-23,acc01,8,BLUAIUSDT,30.15,1,4c24131b-1ba3-4776-ac95-51761613dfe5,2026-03-22,2026-03-22T23:40:13+00:00,2026-03-23T07:40:13+08:00,1,1080,CLOSED_SL,STOP_LOSS_FILLED,0.0080653141814,,,2026-03-22T23:40:14+00:00,2026-03-23T04:59:04+00:00,,missing_exit_fill
2026-03-23,acc01,9,GUNUSDT,28.01,1,4c24131b-1ba3-4776-ac95-51761613dfe5,2026-03-22,2026-03-22T23:40:13+00:00,2026-03-23T07:40:13+08:00,1,1083,CLOSED_SL,STOP_LOSS_FILLED,0.02626,,,2026-03-22T23:40:14+00:00,2026-03-23T04:06:03+00:00,,missing_exit_fill
2026-03-23,acc01,10,PLAYUSDT,24.29,1,4c24131b-1ba3-4776-ac95-51761613dfe5,2026-03-22,2026-03-22T23:40:13+00:00,2026-03-23T07:40:13+08:00,1,1085,CLOSED_SL,STOP_LOSS_FILLED,0.0441751948529,,,2026-03-22T23:40:14+00:00,2026-03-23T04:28:04+00:00,,missing_exit_fill
2026-03-23,acc02,1,SIRENUSDT,141.65,1,faae6115-c624-4939-bfb6-8d6bb8b83d26,2026-03-22,2026-03-22T23:45:00+00:00,2026-03-23T07:45:00+08:00,1,1092,CLOSED_SL,STOP_LOSS_FILLED,2.252512291666,,,2026-03-22T23:45:31+00:00,2026-03-23T05:13:03+00:00,,missing_exit_fill
2026-03-23,acc02,2,BRUSDT,75.29,1,faae6115-c624-4939-bfb6-8d6bb8b83d26,2026-03-22,2026-03-22T23:45:00+00:00,2026-03-23T07:45:00+08:00,1,1093,CLOSED_EXTERNAL,SHORT_POSITION_NOT_FOUND,0.1201272331155,,,2026-03-22T23:46:01+00:00,2026-03-23T05:59:04+00:00,,missing_exit_fill
2026-03-23,acc02,3,LYNUSDT,52.12,1,faae6115-c624-4939-bfb6-8d6bb8b83d26,2026-03-22,2026-03-22T23:45:00+00:00,2026-03-23T07:45:00+08:00,1,1094,CLOSED_EXTERNAL,SHORT_POSITION_NOT_FOUND,0.09001971843,,0.08468,2026-03-22T23:46:31+00:00,2026-03-23T10:02:03+00:00,5.931720875301565,entry_to_exit_fill
2026-03-23,acc02,4,JCTUSDT,47.87,1,faae6115-c624-4939-bfb6-8d6bb8b83d26,2026-03-22,2026-03-22T23:45:00+00:00,2026-03-23T07:45:00+08:00,1,1095,CLOSED_EXTERNAL,SHORT_POSITION_NOT_FOUND,0.0040442465402,,0.0038800316699933463,2026-03-22T23:47:01+00:00,2026-03-23T10:02:03+00:00,4.060456467585494,entry_to_exit_fill
2026-03-23,acc02,5,BANANAS31USDT,46.94,1,faae6115-c624-4939-bfb6-8d6bb8b83d26,2026-03-22,2026-03-22T23:45:00+00:00,2026-03-23T07:45:00+08:00,1,1096,CLOSED_SL,STOP_LOSS_FILLED,0.0137353367779,,,2026-03-22T23:47:31+00:00,2026-03-23T04:49:03+00:00,,missing_exit_fill
2026-03-23,acc02,6,ARIAUSDT,33.02,1,faae6115-c624-4939-bfb6-8d6bb8b83d26,2026-03-22,2026-03-22T23:45:00+00:00,2026-03-23T07:45:00+08:00,1,1097,CLOSED_EXTERNAL,SHORT_POSITION_NOT_FOUND,0.2662402195122,,0.22639,2026-03-22T23:48:01+00:00,2026-03-23T10:02:03+00:00,14.967768425526682,entry_to_exit_fill
2026-03-23,acc02,7,TRIAUSDT,31.43,1,faae6115-c624-4939-bfb6-8d6bb8b83d26,2026-03-22,2026-03-22T23:45:00+00:00,2026-03-23T07:45:00+08:00,1,1098,CLOSED_EXTERNAL,SHORT_POSITION_NOT_FOUND,0.04747,,0.0414391,2026-03-22T23:48:31+00:00,2026-03-23T10:02:03+00:00,12.70465557194017,entry_to_exit_fill
2026-03-23,acc02,8,BLUAIUSDT,30.15,1,faae6115-c624-4939-bfb6-8d6bb8b83d26,2026-03-22,2026-03-22T23:45:00+00:00,2026-03-23T07:45:00+08:00,1,1099,CLOSED_SL,STOP_LOSS_FILLED,0.0081144023379,,,2026-03-22T23:49:01+00:00,2026-03-23T04:59:04+00:00,,missing_exit_fill
2026-03-23,acc02,9,GUNUSDT,28.01,1,faae6115-c624-4939-bfb6-8d6bb8b83d26,2026-03-22,2026-03-22T23:45:00+00:00,2026-03-23T07:45:00+08:00,1,1100,CLOSED_SL,STOP_LOSS_FILLED,0.02611,,,2026-03-22T23:49:31+00:00,2026-03-23T04:06:03+00:00,,missing_exit_fill
2026-03-23,acc02,10,PLAYUSDT,24.29,1,faae6115-c624-4939-bfb6-8d6bb8b83d26,2026-03-22,2026-03-22T23:45:00+00:00,2026-03-23T07:45:00+08:00,1,1101,CLOSED_SL,STOP_LOSS_FILLED,0.0424733521127,,,2026-03-22T23:50:01+00:00,2026-03-23T04:28:04+00:00,,missing_exit_fill
2026-03-23,acc03,1,SIRENUSDT,141.65,1,f2888768-1e67-464a-b5bf-9533e24935d7,2026-03-22,2026-03-22T23:40:13+00:00,2026-03-23T07:40:13+08:00,1,1062,CLOSED_SL,STOP_LOSS_FILLED,2.28046,,,2026-03-22T23:40:14+00:00,2026-03-23T05:13:03+00:00,,missing_exit_fill
2026-03-23,acc03,2,BRUSDT,75.29,1,f2888768-1e67-464a-b5bf-9533e24935d7,2026-03-22,2026-03-22T23:40:13+00:00,2026-03-23T07:40:13+08:00,1,1065,CLOSED_EXTERNAL,SHORT_POSITION_NOT_FOUND,0.119818310204,,,2026-03-22T23:40:14+00:00,2026-03-23T05:59:04+00:00,,missing_exit_fill
2026-03-23,acc03,3,LYNUSDT,52.12,1,f2888768-1e67-464a-b5bf-9533e24935d7,2026-03-22,2026-03-22T23:40:13+00:00,2026-03-23T07:40:13+08:00,1,1069,CLOSED_EXTERNAL,SHORT_POSITION_NOT_FOUND,0.0935590019194,,0.0816108,2026-03-22T23:40:14+00:00,2026-03-23T07:03:03+00:00,12.770766761378283,entry_to_exit_fill
2026-03-23,acc03,4,JCTUSDT,47.87,1,f2888768-1e67-464a-b5bf-9533e24935d7,2026-03-22,2026-03-22T23:40:13+00:00,2026-03-23T07:40:13+08:00,1,1072,CLOSED_EXTERNAL,SHORT_POSITION_NOT_FOUND,0.003656,,0.0037329,2026-03-22T23:40:14+00:00,2026-03-23T07:03:03+00:00,-2.103391684901531,entry_to_exit_fill
2026-03-23,acc03,5,BANANAS31USDT,46.94,1,f2888768-1e67-464a-b5bf-9533e24935d7,2026-03-22,2026-03-22T23:40:13+00:00,2026-03-23T07:40:13+08:00,1,1075,CLOSED_SL,STOP_LOSS_FILLED,0.0136719604108,,,2026-03-22T23:40:14+00:00,2026-03-23T04:49:03+00:00,,missing_exit_fill
2026-03-23,acc03,6,ARIAUSDT,33.02,1,f2888768-1e67-464a-b5bf-9533e24935d7,2026-03-22,2026-03-22T23:40:13+00:00,2026-03-23T07:40:13+08:00,1,1079,CLOSED_EXTERNAL,SHORT_POSITION_NOT_FOUND,0.2656552197801,,0.2251668,2026-03-22T23:40:14+00:00,2026-03-23T07:03:03+00:00,15.240965268295826,entry_to_exit_fill
2026-03-23,acc03,7,TRIAUSDT,31.43,1,f2888768-1e67-464a-b5bf-9533e24935d7,2026-03-22,2026-03-22T23:40:13+00:00,2026-03-23T07:40:13+08:00,1,1081,CLOSED_EXTERNAL,SHORT_POSITION_NOT_FOUND,0.04774,,0.04491,2026-03-22T23:40:14+00:00,2026-03-23T07:03:03+00:00,5.927943024717217,entry_to_exit_fill
2026-03-23,acc03,8,BLUAIUSDT,30.15,1,f2888768-1e67-464a-b5bf-9533e24935d7,2026-03-22,2026-03-22T23:40:13+00:00,2026-03-23T07:40:13+08:00,1,1084,CLOSED_SL,STOP_LOSS_FILLED,0.0080553468346,,,2026-03-22T23:40:14+00:00,2026-03-23T04:59:04+00:00,,missing_exit_fill
2026-03-23,acc03,9,GUNUSDT,28.01,1,f2888768-1e67-464a-b5bf-9533e24935d7,2026-03-22,2026-03-22T23:40:13+00:00,2026-03-23T07:40:13+08:00,1,1087,CLOSED_SL,STOP_LOSS_FILLED,0.02626,,,2026-03-22T23:40:14+00:00,2026-03-23T04:06:03+00:00,,missing_exit_fill
2026-03-23,acc03,10,PLAYUSDT,24.29,1,f2888768-1e67-464a-b5bf-9533e24935d7,2026-03-22,2026-03-22T23:40:13+00:00,2026-03-23T07:40:13+08:00,1,1089,CLOSED_SL,STOP_LOSS_FILLED,0.0441602957151,,,2026-03-22T23:40:14+00:00,2026-03-23T04:28:04+00:00,,missing_exit_fill
2026-03-23,acc04,1,SIRENUSDT,141.65,1,c6f74f22-ce13-4c23-a9cd-2566854ab4b2,2026-03-22,2026-03-22T23:40:13+00:00,2026-03-23T07:40:13+08:00,1,1064,CLOSED_EXTERNAL,SHORT_POSITION_NOT_FOUND,2.280451764706,,,2026-03-22T23:40:14+00:00,2026-03-23T05:13:04+00:00,,missing_exit_fill
2026-03-23,acc04,2,BRUSDT,75.29,1,c6f74f22-ce13-4c23-a9cd-2566854ab4b2,2026-03-22,2026-03-22T23:40:13+00:00,2026-03-23T07:40:13+08:00,1,1067,CLOSED_EXTERNAL,SHORT_POSITION_NOT_FOUND,0.1197688717949,,,2026-03-22T23:40:14+00:00,2026-03-23T05:59:04+00:00,,missing_exit_fill
2026-03-23,acc04,3,LYNUSDT,52.12,1,c6f74f22-ce13-4c23-a9cd-2566854ab4b2,2026-03-22,2026-03-22T23:40:13+00:00,2026-03-23T07:40:13+08:00,1,1070,CLOSED_EXTERNAL,SHORT_POSITION_NOT_FOUND,0.0935183990346,,,2026-03-22T23:40:14+00:00,2026-03-23T16:59:03+00:00,,missing_exit_fill
2026-03-23,acc04,4,JCTUSDT,47.87,1,c6f74f22-ce13-4c23-a9cd-2566854ab4b2,2026-03-22,2026-03-22T23:40:13+00:00,2026-03-23T07:40:13+08:00,1,1074,CLOSED_SL,STOP_LOSS_FILLED,0.0036547959939,,,2026-03-22T23:40:14+00:00,2026-03-24T01:45:03+00:00,,missing_exit_fill
2026-03-23,acc04,5,BANANAS31USDT,46.94,1,c6f74f22-ce13-4c23-a9cd-2566854ab4b2,2026-03-22,2026-03-22T23:40:13+00:00,2026-03-23T07:40:13+08:00,1,1077,CLOSED_SL,STOP_LOSS_FILLED,0.013671,,,2026-03-22T23:40:14+00:00,2026-03-23T04:49:04+00:00,,missing_exit_fill
2026-03-23,acc04,6,ARIAUSDT,33.02,1,c6f74f22-ce13-4c23-a9cd-2566854ab4b2,2026-03-22,2026-03-22T23:40:13+00:00,2026-03-23T07:40:13+08:00,1,1082,CLOSED_SL,STOP_LOSS_FILLED,0.2655412413793,,,2026-03-22T23:40:14+00:00,2026-03-23T11:31:04+00:00,,missing_exit_fill
2026-03-23,acc04,7,TRIAUSDT,31.43,1,c6f74f22-ce13-4c23-a9cd-2566854ab4b2,2026-03-22,2026-03-22T23:40:13+00:00,2026-03-23T07:40:13+08:00,1,1086,CLOSED_EXTERNAL,SHORT_POSITION_NOT_FOUND,0.04774,,,2026-03-22T23:40:14+00:00,2026-03-24T13:59:50+00:00,,missing_exit_fill
2026-03-23,acc04,8,BLUAIUSDT,30.15,1,c6f74f22-ce13-4c23-a9cd-2566854ab4b2,2026-03-22,2026-03-22T23:40:13+00:00,2026-03-23T07:40:13+08:00,1,1088,CLOSED_SL,STOP_LOSS_FILLED,0.0080552042666,,,2026-03-22T23:40:14+00:00,2026-03-23T04:59:04+00:00,,missing_exit_fill
2026-03-23,acc04,9,GUNUSDT,28.01,1,c6f74f22-ce13-4c23-a9cd-2566854ab4b2,2026-03-22,2026-03-22T23:40:13+00:00,2026-03-23T07:40:13+08:00,1,1090,CLOSED_SL,STOP_LOSS_FILLED,0.02626,,,2026-03-22T23:40:14+00:00,2026-03-23T04:06:04+00:00,,missing_exit_fill
2026-03-23,acc04,10,PLAYUSDT,24.29,1,c6f74f22-ce13-4c23-a9cd-2566854ab4b2,2026-03-22,2026-03-22T23:40:13+00:00,2026-03-23T07:40:13+08:00,1,1091,CLOSED_SL,STOP_LOSS_FILLED,0.0441556693212,,,2026-03-22T23:40:14+00:00,2026-03-23T04:28:05+00:00,,missing_exit_fill
2026-03-24,acc01,1,LIGHTUSDT,32.96,1,d2d6a313-935e-4163-b2d7-8e51b655e3f3,2026-03-23,2026-03-23T23:40:13+00:00,2026-03-24T07:40:13+08:00,1,1104,CLOSED_EXTERNAL,SHORT_POSITION_NOT_FOUND,0.3767138613861,,0.3143344,2026-03-23T23:40:13+00:00,2026-03-24T10:59:03+00:00,16.558844199833228,entry_to_exit_fill
2026-03-24,acc01,2,BANUSDT,17.72,1,d2d6a313-935e-4163-b2d7-8e51b655e3f3,2026-03-23,2026-03-23T23:40:13+00:00,2026-03-24T07:40:13+08:00,1,1107,CLOSED_SL,STOP_LOSS_FILLED,0.0587724131842,0.05715,0.0580461,2026-03-23T23:40:14+00:00,2026-03-24T23:57:33+00:00,1.2358062989920793,entry_to_exit_fill
2026-03-24,acc01,3,DUSKUSDT,17.7,1,d2d6a313-935e-4163-b2d7-8e51b655e3f3,2026-03-23,2026-03-23T23:40:13+00:00,2026-03-24T07:40:13+08:00,1,1110,CLOSED_SL,STOP_LOSS_FILLED,0.1082678211228,,,2026-03-23T23:40:14+00:00,2026-03-24T05:38:03+00:00,,missing_exit_fill
2026-03-24,acc01,4,JTOUSDT,17.66,1,d2d6a313-935e-4163-b2d7-8e51b655e3f3,2026-03-23,2026-03-23T23:40:13+00:00,2026-03-24T07:40:13+08:00,1,1113,CLOSED_SL,STOP_LOSS_FILLED,0.3253144694534,0.3227,0.328389,2026-03-23T23:40:14+00:00,2026-03-25T00:10:33+00:00,-0.9450949266922852,entry_to_exit_fill
2026-03-24,acc01,5,HUMAUSDT,17.61,1,d2d6a313-935e-4163-b2d7-8e51b655e3f3,2026-03-23,2026-03-23T23:40:13+00:00,2026-03-24T07:40:13+08:00,1,1116,CLOSED_SL,STOP_LOSS_FILLED,0.0173790880196,,0.0171191,2026-03-23T23:40:14+00:00,2026-03-24T13:21:50+00:00,1.4959819485739725,entry_to_exit_fill
2026-03-24,acc01,6,FIGHTUSDT,15.21,1,d2d6a313-935e-4163-b2d7-8e51b655e3f3,2026-03-23,2026-03-23T23:40:13+00:00,2026-03-24T07:40:13+08:00,1,1119,CLOSED_SL,STOP_LOSS_FILLED,0.0034585258173,0.0034233000000000006,0.0034767,2026-03-23T23:40:14+00:00,2026-03-25T00:05:33+00:00,-0.5254892882132205,entry_to_exit_fill
2026-03-24,acc01,7,ZROUSDT,14.52,1,d2d6a313-935e-4163-b2d7-8e51b655e3f3,2026-03-23,2026-03-23T23:40:13+00:00,2026-03-24T07:40:13+08:00,1,1121,CLOSED_SL,STOP_LOSS_FILLED,2.212074757282,,2.1158,2026-03-23T23:40:14+00:00,2026-03-24T14:57:51+00:00,4.352237959638118,entry_to_exit_fill
2026-03-24,acc01,8,AEROUSDT,14.51,1,d2d6a313-935e-4163-b2d7-8e51b655e3f3,2026-03-23,2026-03-23T23:40:13+00:00,2026-03-24T07:40:13+08:00,1,1124,CLOSED_SL,STOP_LOSS_FILLED,0.3394352276618,0.3256,0.341,2026-03-23T23:40:14+00:00,2026-03-25T00:40:33+00:00,-0.4609929113660217,entry_to_exit_fill
2026-03-24,acc01,9,SPORTFUNUSDT,14.31,1,d2d6a313-935e-4163-b2d7-8e51b655e3f3,2026-03-23,2026-03-23T23:40:13+00:00,2026-03-24T07:40:13+08:00,1,1126,CLOSED_SL,STOP_LOSS_FILLED,0.03407,,0.0347212,2026-03-23T23:40:14+00:00,2026-03-24T08:26:03+00:00,-1.9113589668329836,entry_to_exit_fill
2026-03-24,acc01,10,ARUSDT,14.09,1,d2d6a313-935e-4163-b2d7-8e51b655e3f3,2026-03-23,2026-03-23T23:40:13+00:00,2026-03-24T07:40:13+08:00,1,1129,CLOSED_SL,STOP_LOSS_FILLED,1.892,,1.874,2026-03-23T23:40:14+00:00,2026-03-25T00:10:33+00:00,0.9513742071881498,entry_to_exit_fill
2026-03-24,acc02,1,LIGHTUSDT,32.96,1,0a3d12dc-a787-4b66-ae77-0d7e26c5f58b,2026-03-23,2026-03-23T23:45:00+00:00,2026-03-24T07:45:00+08:00,1,1132,CLOSED_EXTERNAL,SHORT_POSITION_NOT_FOUND,0.3707085106383,,0.2569,2026-03-23T23:45:30+00:00,2026-03-24T10:03:03+00:00,30.7002691797769,entry_to_exit_fill
2026-03-24,acc02,2,BANUSDT,17.72,1,0a3d12dc-a787-4b66-ae77-0d7e26c5f58b,2026-03-23,2026-03-23T23:45:00+00:00,2026-03-24T07:45:00+08:00,1,1133,CLOSED_EXTERNAL,SHORT_POSITION_NOT_FOUND,0.05998,,0.0580026,2026-03-23T23:46:00+00:00,2026-03-24T10:03:03+00:00,3.2967655885295053,entry_to_exit_fill
2026-03-24,acc02,3,DUSKUSDT,17.7,1,0a3d12dc-a787-4b66-ae77-0d7e26c5f58b,2026-03-23,2026-03-23T23:45:00+00:00,2026-03-24T07:45:00+08:00,1,1134,CLOSED_SL,STOP_LOSS_FILLED,0.10736,,,2026-03-23T23:46:30+00:00,2026-03-24T05:38:03+00:00,,missing_exit_fill
2026-03-24,acc02,4,JTOUSDT,17.66,1,0a3d12dc-a787-4b66-ae77-0d7e26c5f58b,2026-03-23,2026-03-23T23:45:00+00:00,2026-03-24T07:45:00+08:00,1,1135,CLOSED_EXTERNAL,SHORT_POSITION_NOT_FOUND,0.3295,,0.3168,2026-03-23T23:47:00+00:00,2026-03-24T10:03:03+00:00,3.8543247344461267,entry_to_exit_fill
2026-03-24,acc02,5,HUMAUSDT,17.61,1,0a3d12dc-a787-4b66-ae77-0d7e26c5f58b,2026-03-23,2026-03-23T23:45:00+00:00,2026-03-24T07:45:00+08:00,1,1136,CLOSED_EXTERNAL,SHORT_POSITION_NOT_FOUND,0.0172641934758,,0.0172355,2026-03-23T23:47:30+00:00,2026-03-24T10:03:03+00:00,0.16620223725029964,entry_to_exit_fill
2026-03-24,acc02,6,FIGHTUSDT,15.21,1,0a3d12dc-a787-4b66-ae77-0d7e26c5f58b,2026-03-23,2026-03-23T23:45:00+00:00,2026-03-24T07:45:00+08:00,1,1137,CLOSED_EXTERNAL,SHORT_POSITION_NOT_FOUND,0.0034807425494,,0.0033424,2026-03-23T23:48:00+00:00,2026-03-24T10:03:03+00:00,3.974512548302288,entry_to_exit_fill
2026-03-24,acc02,7,ZROUSDT,14.52,1,0a3d12dc-a787-4b66-ae77-0d7e26c5f58b,2026-03-23,2026-03-23T23:45:00+00:00,2026-03-24T07:45:00+08:00,1,1138,CLOSED_EXTERNAL,SHORT_POSITION_NOT_FOUND,2.2181,,2.18934132,2026-03-23T23:48:30+00:00,2026-03-24T10:03:03+00:00,1.2965456922591472,entry_to_exit_fill
2026-03-24,acc02,8,AEROUSDT,14.51,1,0a3d12dc-a787-4b66-ae77-0d7e26c5f58b,2026-03-23,2026-03-23T23:45:00+00:00,2026-03-24T07:45:00+08:00,1,1139,CLOSED_EXTERNAL,SHORT_POSITION_NOT_FOUND,0.351,,0.3378,2026-03-23T23:49:01+00:00,2026-03-24T10:03:03+00:00,3.7606837606837575,entry_to_exit_fill
2026-03-24,acc02,9,SPORTFUNUSDT,14.31,1,0a3d12dc-a787-4b66-ae77-0d7e26c5f58b,2026-03-23,2026-03-23T23:45:00+00:00,2026-03-24T07:45:00+08:00,1,1140,CLOSED_SL,STOP_LOSS_FILLED,0.0340304333425,,,2026-03-23T23:49:31+00:00,2026-03-24T08:26:03+00:00,,missing_exit_fill
2026-03-24,acc02,10,ARUSDT,14.09,1,0a3d12dc-a787-4b66-ae77-0d7e26c5f58b,2026-03-23,2026-03-23T23:45:00+00:00,2026-03-24T07:45:00+08:00,1,1141,CLOSED_EXTERNAL,SHORT_POSITION_NOT_FOUND,1.904,,1.869,2026-03-23T23:50:01+00:00,2026-03-24T10:03:03+00:00,1.838235294117643,entry_to_exit_fill
2026-03-24,acc03,1,LIGHTUSDT,32.96,1,2549b42d-ddd3-42e6-ab10-c6ca52157280,2026-03-23,2026-03-23T23:40:13+00:00,2026-03-24T07:40:13+08:00,1,1102,CLOSED_EXTERNAL,SHORT_POSITION_NOT_FOUND,0.3768528604119,,0.2570945,2026-03-23T23:40:13+00:00,2026-03-24T10:00:03+00:00,31.778546215890252,entry_to_exit_fill
2026-03-24,acc03,2,BANUSDT,17.72,1,2549b42d-ddd3-42e6-ab10-c6ca52157280,2026-03-23,2026-03-23T23:40:13+00:00,2026-03-24T07:40:13+08:00,1,1105,CLOSED_EXTERNAL,SHORT_POSITION_NOT_FOUND,0.0600911889909,,0.057945500000000004,2026-03-23T23:40:13+00:00,2026-03-24T10:00:03+00:00,3.570721476695909,entry_to_exit_fill
2026-03-24,acc03,3,DUSKUSDT,17.7,1,2549b42d-ddd3-42e6-ab10-c6ca52157280,2026-03-23,2026-03-23T23:40:13+00:00,2026-03-24T07:40:13+08:00,1,1108,CLOSED_SL,STOP_LOSS_FILLED,0.1082949142481,,,2026-03-23T23:40:14+00:00,2026-03-24T05:38:03+00:00,,missing_exit_fill
2026-03-24,acc03,4,JTOUSDT,17.66,1,2549b42d-ddd3-42e6-ab10-c6ca52157280,2026-03-23,2026-03-23T23:40:13+00:00,2026-03-24T07:40:13+08:00,1,1112,CLOSED_EXTERNAL,SHORT_POSITION_NOT_FOUND,0.3274,,0.3164,2026-03-23T23:40:14+00:00,2026-03-24T10:00:04+00:00,3.3598045204642664,entry_to_exit_fill
2026-03-24,acc03,5,HUMAUSDT,17.61,1,2549b42d-ddd3-42e6-ab10-c6ca52157280,2026-03-23,2026-03-23T23:40:13+00:00,2026-03-24T07:40:13+08:00,1,1115,CLOSED_EXTERNAL,SHORT_POSITION_NOT_FOUND,0.017381,,0.017307,2026-03-23T23:40:14+00:00,2026-03-24T10:00:04+00:00,0.4257522582129978,entry_to_exit_fill
2026-03-24,acc03,6,FIGHTUSDT,15.21,1,2549b42d-ddd3-42e6-ab10-c6ca52157280,2026-03-23,2026-03-23T23:40:13+00:00,2026-03-24T07:40:13+08:00,1,1118,CLOSED_EXTERNAL,SHORT_POSITION_NOT_FOUND,0.0034876303517,,0.0033549,2026-03-23T23:40:14+00:00,2026-03-24T10:00:04+00:00,3.80574597406237,entry_to_exit_fill
2026-03-24,acc03,7,ZROUSDT,14.52,1,2549b42d-ddd3-42e6-ab10-c6ca52157280,2026-03-23,2026-03-23T23:40:13+00:00,2026-03-24T07:40:13+08:00,1,1123,CLOSED_EXTERNAL,SHORT_POSITION_NOT_FOUND,2.212,,2.19762167,2026-03-23T23:40:14+00:00,2026-03-24T10:00:04+00:00,0.6500149186256778,entry_to_exit_fill
2026-03-24,acc03,8,AEROUSDT,14.51,1,2549b42d-ddd3-42e6-ab10-c6ca52157280,2026-03-23,2026-03-23T23:40:13+00:00,2026-03-24T07:40:13+08:00,1,1127,CLOSED_EXTERNAL,SHORT_POSITION_NOT_FOUND,0.3505,,0.33837954,2026-03-23T23:40:14+00:00,2026-03-24T10:00:04+00:00,3.4580485021398,entry_to_exit_fill
2026-03-24,acc03,9,SPORTFUNUSDT,14.31,1,2549b42d-ddd3-42e6-ab10-c6ca52157280,2026-03-23,2026-03-23T23:40:13+00:00,2026-03-24T07:40:13+08:00,1,1130,CLOSED_SL,STOP_LOSS_FILLED,0.03407,,,2026-03-23T23:40:14+00:00,2026-03-24T08:26:03+00:00,,missing_exit_fill
2026-03-24,acc03,10,ARUSDT,14.09,1,2549b42d-ddd3-42e6-ab10-c6ca52157280,2026-03-23,2026-03-23T23:40:13+00:00,2026-03-24T07:40:13+08:00,1,1131,CLOSED_EXTERNAL,SHORT_POSITION_NOT_FOUND,1.892,,1.8669999999999998,2026-03-23T23:40:14+00:00,2026-03-24T10:00:04+00:00,1.3213530655391192,entry_to_exit_fill
2026-03-24,acc04,1,LIGHTUSDT,32.96,1,d14cd36c-8e81-4c9d-ac03-4d8580277f97,2026-03-23,2026-03-23T23:40:13+00:00,2026-03-24T07:40:13+08:00,1,1103,CLOSED_EXTERNAL,SHORT_POSITION_NOT_FOUND,0.37682996633,,,2026-03-23T23:40:13+00:00,2026-03-24T10:59:03+00:00,,missing_exit_fill
2026-03-24,acc04,2,BANUSDT,17.72,1,d14cd36c-8e81-4c9d-ac03-4d8580277f97,2026-03-23,2026-03-23T23:40:13+00:00,2026-03-24T07:40:13+08:00,1,1106,CLOSED_SL,STOP_LOSS_FILLED,0.06008,,0.05717,2026-03-23T23:40:13+00:00,2026-03-24T23:57:33+00:00,4.8435419440745715,entry_to_exit_fill
2026-03-24,acc04,3,DUSKUSDT,17.7,1,d14cd36c-8e81-4c9d-ac03-4d8580277f97,2026-03-23,2026-03-23T23:40:13+00:00,2026-03-24T07:40:13+08:00,1,1109,CLOSED_SL,STOP_LOSS_FILLED,0.10831,,,2026-03-23T23:40:14+00:00,2026-03-24T05:38:03+00:00,,missing_exit_fill
2026-03-24,acc04,4,JTOUSDT,17.66,1,d14cd36c-8e81-4c9d-ac03-4d8580277f97,2026-03-23,2026-03-23T23:40:13+00:00,2026-03-24T07:40:13+08:00,1,1111,CLOSED_SL,STOP_LOSS_FILLED,0.3274,,0.3228,2026-03-23T23:40:14+00:00,2026-03-25T00:10:34+00:00,1.4050091631032524,entry_to_exit_fill
2026-03-24,acc04,5,HUMAUSDT,17.61,1,d14cd36c-8e81-4c9d-ac03-4d8580277f97,2026-03-23,2026-03-23T23:40:13+00:00,2026-03-24T07:40:13+08:00,1,1114,CLOSED_SL,STOP_LOSS_FILLED,0.017381,,,2026-03-23T23:40:14+00:00,2026-03-24T13:21:50+00:00,,missing_exit_fill
2026-03-24,acc04,6,FIGHTUSDT,15.21,1,d14cd36c-8e81-4c9d-ac03-4d8580277f97,2026-03-23,2026-03-23T23:40:13+00:00,2026-03-24T07:40:13+08:00,1,1117,CLOSED_SL,STOP_LOSS_FILLED,0.0034883363031,,0.003425,2026-03-23T23:40:14+00:00,2026-03-25T00:05:33+00:00,1.8156593171281765,entry_to_exit_fill
2026-03-24,acc04,7,ZROUSDT,14.52,1,d14cd36c-8e81-4c9d-ac03-4d8580277f97,2026-03-23,2026-03-23T23:40:13+00:00,2026-03-24T07:40:13+08:00,1,1120,CLOSED_SL,STOP_LOSS_FILLED,2.212,,,2026-03-23T23:40:14+00:00,2026-03-24T14:57:51+00:00,,missing_exit_fill
2026-03-24,acc04,8,AEROUSDT,14.51,1,d14cd36c-8e81-4c9d-ac03-4d8580277f97,2026-03-23,2026-03-23T23:40:13+00:00,2026-03-24T07:40:13+08:00,1,1122,CLOSED_SL,STOP_LOSS_FILLED,0.3505,,0.3257,2026-03-23T23:40:14+00:00,2026-03-25T00:40:34+00:00,7.075606276747501,entry_to_exit_fill
2026-03-24,acc04,9,SPORTFUNUSDT,14.31,1,d14cd36c-8e81-4c9d-ac03-4d8580277f97,2026-03-23,2026-03-23T23:40:13+00:00,2026-03-24T07:40:13+08:00,1,1125,CLOSED_SL,STOP_LOSS_FILLED,0.0340743053856,,,2026-03-23T23:40:14+00:00,2026-03-24T08:26:04+00:00,,missing_exit_fill
2026-03-24,acc04,10,ARUSDT,14.09,1,d14cd36c-8e81-4c9d-ac03-4d8580277f97,2026-03-23,2026-03-23T23:40:13+00:00,2026-03-24T07:40:13+08:00,1,1128,CLOSED_SL,STOP_LOSS_FILLED,1.892,,,2026-03-23T23:40:14+00:00,2026-03-25T00:10:34+00:00,,missing_exit_fill
2026-03-25,acc01,1,A2ZUSDT,92.92,1,c8f86057-d89d-47f3-b2a8-356cfd0414c2,2026-03-24,2026-03-24T23:40:13+00:00,2026-03-25T07:40:13+08:00,0,,,,,,,,,,rank_symbol_not_opened
2026-03-25,acc01,2,BRUSDT,61.97,1,c8f86057-d89d-47f3-b2a8-356cfd0414c2,2026-03-24,2026-03-24T23:40:13+00:00,2026-03-25T07:40:13+08:00,1,1143,CLOSED_EXTERNAL,SHORT_POSITION_NOT_FOUND,0.1684306951026,0.16829,0.1352607,2026-03-24T23:40:13+00:00,2026-03-25T12:59:33+00:00,19.693557093256903,entry_to_exit_fill
2026-03-25,acc01,3,ONTUSDT,41.67,1,c8f86057-d89d-47f3-b2a8-356cfd0414c2,2026-03-24,2026-03-24T23:40:13+00:00,2026-03-25T07:40:13+08:00,1,1144,CLOSED_SL,STOP_LOSS_FILLED,0.0587777777778,0.05827987456602083,0.0644,2026-03-24T23:40:14+00:00,2026-03-26T00:01:34+00:00,-9.56521739126292,entry_to_exit_fill
2026-03-25,acc01,4,CUSDT,27.95,1,c8f86057-d89d-47f3-b2a8-356cfd0414c2,2026-03-24,2026-03-24T23:40:13+00:00,2026-03-25T07:40:13+08:00,1,1145,CLOSED_SL,STOP_LOSS_FILLED,0.0610170017232,0.06099,,2026-03-24T23:40:14+00:00,2026-03-25T10:36:33+00:00,,missing_exit_fill
2026-03-25,acc01,5,IRYSUSDT,20.78,1,c8f86057-d89d-47f3-b2a8-356cfd0414c2,2026-03-24,2026-03-24T23:40:13+00:00,2026-03-25T07:40:13+08:00,1,1147,CLOSED_SL,STOP_LOSS_FILLED,0.0209853367568,0.02098,,2026-03-24T23:40:14+00:00,2026-03-25T07:09:33+00:00,,missing_exit_fill
2026-03-25,acc01,6,HUMAUSDT,20.64,1,c8f86057-d89d-47f3-b2a8-356cfd0414c2,2026-03-24,2026-03-24T23:40:13+00:00,2026-03-25T07:40:13+08:00,1,1149,CLOSED_SL,STOP_LOSS_FILLED,0.0198020782026,0.01914687814080124,0.019541,2026-03-24T23:40:14+00:00,2026-03-26T00:24:33+00:00,1.3184383978734175,entry_to_exit_fill
2026-03-25,acc01,7,ARIAUSDT,19.28,1,c8f86057-d89d-47f3-b2a8-356cfd0414c2,2026-03-24,2026-03-24T23:40:13+00:00,2026-03-25T07:40:13+08:00,1,1151,CLOSED_SL,STOP_LOSS_FILLED,0.2974334083601,0.2901467441860465,0.30189,2026-03-24T23:40:14+00:00,2026-03-26T04:29:34+00:00,-1.4983493833027728,entry_to_exit_fill
2026-03-25,acc01,8,DUSKUSDT,18.74,1,c8f86057-d89d-47f3-b2a8-356cfd0414c2,2026-03-24,2026-03-24T23:40:13+00:00,2026-03-25T07:40:13+08:00,1,1153,CLOSED_TIMEOUT,MAX_HOLD_EXCEEDED,0.1240534920048,0.12125223557692308,0.11562518010291596,2026-03-24T23:40:14+00:00,2026-03-26T23:11:01+00:00,6.794094842213645,entry_to_exit_fill
2026-03-25,acc01,9,FHEUSDT,16.84,1,c8f86057-d89d-47f3-b2a8-356cfd0414c2,2026-03-24,2026-03-24T23:40:13+00:00,2026-03-25T07:40:13+08:00,1,1155,CLOSED_SL,STOP_LOSS_FILLED,0.0201232517182,0.019757680510440835,0.0192234,2026-03-24T23:40:14+00:00,2026-03-26T08:05:33+00:00,4.471701347283501,entry_to_exit_fill
2026-03-25,acc01,10,4USDT,15.8,1,c8f86057-d89d-47f3-b2a8-356cfd0414c2,2026-03-24,2026-03-24T23:40:13+00:00,2026-03-25T07:40:13+08:00,1,1156,CLOSED_SL,STOP_LOSS_FILLED,0.0115199720632,0.011565468986384267,0.011038,2026-03-24T23:40:14+00:00,2026-03-26T00:19:33+00:00,4.183795416827773,entry_to_exit_fill
2026-03-25,acc02,1,A2ZUSDT,92.92,1,3366dfce-2e94-44c8-95cd-5aa7976c848b,2026-03-24,2026-03-24T23:45:00+00:00,2026-03-25T07:45:00+08:00,0,,,,,,,,,,rank_symbol_not_opened
2026-03-25,acc02,2,BRUSDT,61.97,1,3366dfce-2e94-44c8-95cd-5aa7976c848b,2026-03-24,2026-03-24T23:45:00+00:00,2026-03-25T07:45:00+08:00,1,1169,CLOSED_EXTERNAL,SHORT_POSITION_NOT_FOUND,0.1682094151376,0.17033,0.1732181,2026-03-24T23:46:00+00:00,2026-03-25T10:03:33+00:00,-2.9776483428723544,entry_to_exit_fill
2026-03-25,acc02,3,ONTUSDT,41.67,1,3366dfce-2e94-44c8-95cd-5aa7976c848b,2026-03-24,2026-03-24T23:45:00+00:00,2026-03-25T07:45:00+08:00,1,1170,CLOSED_EXTERNAL,SHORT_POSITION_NOT_FOUND,0.0594396715714,0.059800000000000006,0.0662,2026-03-24T23:46:30+00:00,2026-03-25T10:03:33+00:00,-11.37342830112943,entry_to_exit_fill
2026-03-25,acc02,4,CUSDT,27.95,1,3366dfce-2e94-44c8-95cd-5aa7976c848b,2026-03-24,2026-03-24T23:45:00+00:00,2026-03-25T07:45:00+08:00,1,1171,CLOSED_EXTERNAL,SHORT_POSITION_NOT_FOUND,0.0612860150063,0.06125,0.06286,2026-03-24T23:47:00+00:00,2026-03-25T10:03:34+00:00,-2.568261280388678,entry_to_exit_fill
2026-03-25,acc02,5,IRYSUSDT,20.78,1,3366dfce-2e94-44c8-95cd-5aa7976c848b,2026-03-24,2026-03-24T23:45:00+00:00,2026-03-25T07:45:00+08:00,1,1172,CLOSED_SL,STOP_LOSS_FILLED,0.0208171731348,0.02077,,2026-03-24T23:47:30+00:00,2026-03-25T07:09:33+00:00,,missing_exit_fill
2026-03-25,acc02,6,HUMAUSDT,20.64,1,3366dfce-2e94-44c8-95cd-5aa7976c848b,2026-03-24,2026-03-24T23:45:00+00:00,2026-03-25T07:45:00+08:00,1,1173,CLOSED_EXTERNAL,SHORT_POSITION_NOT_FOUND,0.0207643976311,0.020777,0.019492499999999996,2026-03-24T23:48:00+00:00,2026-03-25T10:03:34+00:00,6.1253769731081,entry_to_exit_fill
2026-03-25,acc02,7,ARIAUSDT,19.28,1,3366dfce-2e94-44c8-95cd-5aa7976c848b,2026-03-24,2026-03-24T23:45:00+00:00,2026-03-25T07:45:00+08:00,1,1174,CLOSED_EXTERNAL,SHORT_POSITION_NOT_FOUND,0.307999412998,0.307917,0.3011865,2026-03-24T23:48:30+00:00,2026-03-25T10:03:34+00:00,2.2119889553309653,entry_to_exit_fill
2026-03-25,acc02,8,DUSKUSDT,18.74,1,3366dfce-2e94-44c8-95cd-5aa7976c848b,2026-03-24,2026-03-24T23:45:00+00:00,2026-03-25T07:45:00+08:00,1,1175,CLOSED_EXTERNAL,SHORT_POSITION_NOT_FOUND,0.12783,0.12783,0.12085000000000001,2026-03-24T23:49:00+00:00,2026-03-25T10:03:34+00:00,5.460377063287168,entry_to_exit_fill
2026-03-25,acc02,9,FHEUSDT,16.84,1,3366dfce-2e94-44c8-95cd-5aa7976c848b,2026-03-24,2026-03-24T23:45:00+00:00,2026-03-25T07:45:00+08:00,1,1176,CLOSED_EXTERNAL,SHORT_POSITION_NOT_FOUND,0.0206709984574,0.02068,0.019930000000000003,2026-03-24T23:49:30+00:00,2026-03-25T10:03:34+00:00,3.5847250384498306,entry_to_exit_fill
2026-03-25,acc02,10,4USDT,15.8,1,3366dfce-2e94-44c8-95cd-5aa7976c848b,2026-03-24,2026-03-24T23:45:00+00:00,2026-03-25T07:45:00+08:00,1,1177,CLOSED_EXTERNAL,SHORT_POSITION_NOT_FOUND,0.0113733343515,0.0113718,0.0098002,2026-03-24T23:50:31+00:00,2026-03-25T10:03:34+00:00,13.83177793671847,entry_to_exit_fill
2026-03-25,acc03,1,A2ZUSDT,92.92,1,6df260ef-665f-41c0-949f-726f8b52cf22,2026-03-24,2026-03-24T23:40:13+00:00,2026-03-25T07:40:13+08:00,0,,,,,,,,,,rank_symbol_not_opened
2026-03-25,acc03,2,BRUSDT,61.97,1,6df260ef-665f-41c0-949f-726f8b52cf22,2026-03-24,2026-03-24T23:40:13+00:00,2026-03-25T07:40:13+08:00,1,1142,CLOSED_EXTERNAL,SHORT_POSITION_NOT_FOUND,0.1684392586208,0.16829,0.1743821,2026-03-24T23:40:13+00:00,2026-03-25T10:00:33+00:00,-3.5281806794097035,entry_to_exit_fill
2026-03-25,acc03,3,ONTUSDT,41.67,1,6df260ef-665f-41c0-949f-726f8b52cf22,2026-03-24,2026-03-24T23:40:13+00:00,2026-03-25T07:40:13+08:00,1,1146,CLOSED_EXTERNAL,SHORT_POSITION_NOT_FOUND,0.0594,0.0594,0.0656,2026-03-24T23:40:14+00:00,2026-03-25T10:00:33+00:00,-10.437710437710445,entry_to_exit_fill
2026-03-25,acc03,4,CUSDT,27.95,1,6df260ef-665f-41c0-949f-726f8b52cf22,2026-03-24,2026-03-24T23:40:13+00:00,2026-03-25T07:40:13+08:00,1,1148,CLOSED_EXTERNAL,SHORT_POSITION_NOT_FOUND,0.060997518797,0.060969999999999996,0.0622495,2026-03-24T23:40:14+00:00,2026-03-25T10:00:33+00:00,-2.052511688494407,entry_to_exit_fill
2026-03-25,acc03,5,IRYSUSDT,20.78,1,6df260ef-665f-41c0-949f-726f8b52cf22,2026-03-24,2026-03-24T23:40:13+00:00,2026-03-25T07:40:13+08:00,1,1150,CLOSED_SL,STOP_LOSS_FILLED,0.0209826831107,0.02098,,2026-03-24T23:40:14+00:00,2026-03-25T07:09:33+00:00,,missing_exit_fill
2026-03-25,acc03,6,HUMAUSDT,20.64,1,6df260ef-665f-41c0-949f-726f8b52cf22,2026-03-24,2026-03-24T23:40:13+00:00,2026-03-25T07:40:13+08:00,1,1152,CLOSED_EXTERNAL,SHORT_POSITION_NOT_FOUND,0.0206092839572,0.020605,0.0193917,2026-03-24T23:40:14+00:00,2026-03-25T10:00:33+00:00,5.907939158529698,entry_to_exit_fill
2026-03-25,acc03,7,ARIAUSDT,19.28,1,6df260ef-665f-41c0-949f-726f8b52cf22,2026-03-24,2026-03-24T23:40:13+00:00,2026-03-25T07:40:13+08:00,1,1154,CLOSED_EXTERNAL,SHORT_POSITION_NOT_FOUND,0.30645,0.30645,0.3025649,2026-03-24T23:40:14+00:00,2026-03-25T10:00:33+00:00,1.2677761461902348,entry_to_exit_fill
2026-03-25,acc03,8,DUSKUSDT,18.74,1,6df260ef-665f-41c0-949f-726f8b52cf22,2026-03-24,2026-03-24T23:40:13+00:00,2026-03-25T07:40:13+08:00,1,1157,CLOSED_EXTERNAL,SHORT_POSITION_NOT_FOUND,0.1275322658807,0.12752,0.12042999999999998,2026-03-24T23:40:14+00:00,2026-03-25T10:00:33+00:00,5.568995290449729,entry_to_exit_fill
2026-03-25,acc03,9,FHEUSDT,16.84,1,6df260ef-665f-41c0-949f-726f8b52cf22,2026-03-24,2026-03-24T23:40:13+00:00,2026-03-25T07:40:13+08:00,1,1158,CLOSED_EXTERNAL,SHORT_POSITION_NOT_FOUND,0.02058,0.02058,0.0198947,2026-03-24T23:40:14+00:00,2026-03-25T10:00:33+00:00,3.3299319727891143,entry_to_exit_fill
2026-03-25,acc03,10,4USDT,15.8,1,6df260ef-665f-41c0-949f-726f8b52cf22,2026-03-24,2026-03-24T23:40:13+00:00,2026-03-25T07:40:13+08:00,1,1160,CLOSED_EXTERNAL,SHORT_POSITION_NOT_FOUND,0.0114601896318,0.011459,0.0097569,2026-03-24T23:40:14+00:00,2026-03-25T10:00:33+00:00,14.862665335603802,entry_to_exit_fill
2026-03-25,acc04,1,A2ZUSDT,92.92,1,f3cb3184-1fec-437e-8aa7-0fca73f3f311,2026-03-24,2026-03-24T23:40:13+00:00,2026-03-25T07:40:13+08:00,0,,,,,,,,,,rank_symbol_not_opened
2026-03-25,acc04,2,BRUSDT,61.97,1,f3cb3184-1fec-437e-8aa7-0fca73f3f311,2026-03-24,2026-03-24T23:40:13+00:00,2026-03-25T07:40:13+08:00,1,1159,CLOSED_EXTERNAL,SHORT_POSITION_NOT_FOUND,0.1682785850556,0.16856,,2026-03-24T23:40:14+00:00,2026-03-25T12:59:34+00:00,,missing_exit_fill
2026-03-25,acc04,3,ONTUSDT,41.67,1,f3cb3184-1fec-437e-8aa7-0fca73f3f311,2026-03-24,2026-03-24T23:40:13+00:00,2026-03-25T07:40:13+08:00,1,1161,CLOSED_SL,STOP_LOSS_FILLED,0.0594,0.0594,0.0581,2026-03-24T23:40:14+00:00,2026-03-26T00:01:34+00:00,2.188552188552193,entry_to_exit_fill
2026-03-25,acc04,4,CUSDT,27.95,1,f3cb3184-1fec-437e-8aa7-0fca73f3f311,2026-03-24,2026-03-24T23:40:13+00:00,2026-03-25T07:40:13+08:00,1,1162,CLOSED_SL,STOP_LOSS_FILLED,0.06098,0.06097,,2026-03-24T23:40:14+00:00,2026-03-25T10:36:33+00:00,,missing_exit_fill
2026-03-25,acc04,5,IRYSUSDT,20.78,1,f3cb3184-1fec-437e-8aa7-0fca73f3f311,2026-03-24,2026-03-24T23:40:13+00:00,2026-03-25T07:40:13+08:00,1,1163,CLOSED_SL,STOP_LOSS_FILLED,0.0209756924603,0.0209781,,2026-03-24T23:40:14+00:00,2026-03-25T07:09:34+00:00,,missing_exit_fill
2026-03-25,acc04,6,HUMAUSDT,20.64,1,f3cb3184-1fec-437e-8aa7-0fca73f3f311,2026-03-24,2026-03-24T23:40:13+00:00,2026-03-25T07:40:13+08:00,1,1164,CLOSED_SL,STOP_LOSS_FILLED,0.0206060550674,0.020618,,2026-03-24T23:40:14+00:00,2026-03-26T00:24:34+00:00,,missing_exit_fill
2026-03-25,acc04,7,ARIAUSDT,19.28,1,f3cb3184-1fec-437e-8aa7-0fca73f3f311,2026-03-24,2026-03-24T23:40:13+00:00,2026-03-25T07:40:13+08:00,1,1165,CLOSED_SL,STOP_LOSS_FILLED,0.3064457848837,0.30644,0.2863,2026-03-24T23:40:14+00:00,2026-03-26T04:29:34+00:00,6.574012721808388,entry_to_exit_fill
2026-03-25,acc04,8,DUSKUSDT,18.74,1,f3cb3184-1fec-437e-8aa7-0fca73f3f311,2026-03-24,2026-03-24T23:40:13+00:00,2026-03-25T07:40:13+08:00,1,1166,CLOSED_TIMEOUT,MAX_HOLD_EXCEEDED,0.127518647343,0.12752,0.1162725845410628,2026-03-24T23:40:14+00:00,2026-03-26T23:11:02+00:00,8.81915157999403,entry_to_exit_fill
2026-03-25,acc04,9,FHEUSDT,16.84,1,f3cb3184-1fec-437e-8aa7-0fca73f3f311,2026-03-24,2026-03-24T23:40:13+00:00,2026-03-25T07:40:13+08:00,1,1167,CLOSED_SL,STOP_LOSS_FILLED,0.02058,0.02058,0.019570000000000004,2026-03-24T23:40:14+00:00,2026-03-26T08:05:33+00:00,4.907677356656934,entry_to_exit_fill
2026-03-25,acc04,10,4USDT,15.8,1,f3cb3184-1fec-437e-8aa7-0fca73f3f311,2026-03-24,2026-03-24T23:40:13+00:00,2026-03-25T07:40:13+08:00,1,1168,CLOSED_SL,STOP_LOSS_FILLED,0.011457921875,0.011456,0.011596,2026-03-24T23:40:14+00:00,2026-03-26T00:19:34+00:00,-1.2050887281861462,entry_to_exit_fill
2026-03-26,acc01,1,SIRENUSDT,104.32,1,4d9707ed-b1eb-436e-b798-6b47e775fb7d,2026-03-25,2026-03-25T23:40:13+00:00,2026-03-26T07:40:13+08:00,1,1179,CLOSED_EXTERNAL,SHORT_POSITION_NOT_FOUND,2.061895833333,2.0624,1.5518113,2026-03-25T23:40:14+00:00,2026-03-26T16:59:03+00:00,24.73861797899179,entry_to_exit_fill
2026-03-26,acc01,2,MUSDT,42.67,1,4d9707ed-b1eb-436e-b798-6b47e775fb7d,2026-03-25,2026-03-25T23:40:13+00:00,2026-03-26T07:40:13+08:00,1,1181,CLOSED_SL,STOP_LOSS_FILLED,2.434790243902,2.4347,,2026-03-25T23:40:14+00:00,2026-03-26T04:10:33+00:00,,missing_exit_fill
2026-03-26,acc01,3,PROVEUSDT,28.21,1,4d9707ed-b1eb-436e-b798-6b47e775fb7d,2026-03-25,2026-03-25T23:40:13+00:00,2026-03-26T07:40:13+08:00,1,1183,CLOSED_SL,STOP_LOSS_FILLED,0.317,0.317,0.2641,2026-03-25T23:40:14+00:00,2026-03-26T22:10:02+00:00,16.687697160883282,entry_to_exit_fill
2026-03-26,acc01,4,ESPORTSUSDT,18.01,1,4d9707ed-b1eb-436e-b798-6b47e775fb7d,2026-03-25,2026-03-25T23:40:13+00:00,2026-03-26T07:40:13+08:00,1,1185,CLOSED_SL,STOP_LOSS_FILLED,0.32429,0.32429,,2026-03-25T23:40:14+00:00,2026-03-26T13:05:34+00:00,,missing_exit_fill
2026-03-26,acc01,5,BSBUSDT,16.23,1,4d9707ed-b1eb-436e-b798-6b47e775fb7d,2026-03-25,2026-03-25T23:40:13+00:00,2026-03-26T07:40:13+08:00,0,,,,,,,,,,rank_symbol_not_opened
2026-03-26,acc01,6,NAORISUSDT,14.02,1,4d9707ed-b1eb-436e-b798-6b47e775fb7d,2026-03-25,2026-03-25T23:40:13+00:00,2026-03-26T07:40:13+08:00,1,1187,CLOSED_TIMEOUT,MAX_HOLD_EXCEEDED,0.0668959583085,0.06706764015645371,0.0637415246971109,2026-03-25T23:40:14+00:00,2026-03-27T23:10:48+00:00,4.715432278945735,entry_to_exit_fill
2026-03-26,acc01,7,MONUSDT,12.96,1,4d9707ed-b1eb-436e-b798-6b47e775fb7d,2026-03-25,2026-03-25T23:40:13+00:00,2026-03-26T07:40:13+08:00,1,1189,CLOSED_TIMEOUT,MAX_HOLD_EXCEEDED,0.0254713763564,0.02472971751412429,0.022747224669603525,2026-03-25T23:40:14+00:00,2026-03-27T23:10:48+00:00,10.69495283128663,entry_to_exit_fill
2026-03-26,acc01,8,HIPPOUSDT,12.7,1,4d9707ed-b1eb-436e-b798-6b47e775fb7d,2026-03-25,2026-03-25T23:40:13+00:00,2026-03-26T07:40:13+08:00,1,1191,CLOSED_TIMEOUT,MAX_HOLD_EXCEEDED,0.0005859517467,0.0005664027103371831,0.0005317856534169589,2026-03-25T23:40:14+00:00,2026-03-27T23:10:48+00:00,9.244121821992538,entry_to_exit_fill
2026-03-26,acc01,9,UBUSDT,12.48,1,4d9707ed-b1eb-436e-b798-6b47e775fb7d,2026-03-25,2026-03-25T23:40:13+00:00,2026-03-26T07:40:13+08:00,1,1193,CLOSED_EXTERNAL,SHORT_POSITION_NOT_FOUND,0.0364310081938,0.03641,,2026-03-25T23:40:14+00:00,2026-03-26T09:59:33+00:00,,missing_exit_fill
2026-03-26,acc01,10,PUMPBTCUSDT,12.23,1,4d9707ed-b1eb-436e-b798-6b47e775fb7d,2026-03-25,2026-03-25T23:40:13+00:00,2026-03-26T07:40:13+08:00,1,1195,CLOSED_EXTERNAL,SHORT_POSITION_NOT_FOUND,0.0164066932271,0.016172258064516127,0.0161236,2026-03-25T23:40:14+00:00,2026-03-27T07:21:03+00:00,1.7254740073544907,entry_to_exit_fill
2026-03-26,acc02,1,SIRENUSDT,104.32,1,6531c73d-d4d2-4441-8aa8-11de57841d6b,2026-03-25,2026-03-25T23:45:00+00:00,2026-03-26T07:45:00+08:00,1,1205,CLOSED_EXTERNAL,SHORT_POSITION_NOT_FOUND,2.100978591549,2.07701,1.9702179,2026-03-25T23:45:30+00:00,2026-03-26T10:04:33+00:00,6.223799332129006,entry_to_exit_fill
2026-03-26,acc02,2,MUSDT,42.67,1,6531c73d-d4d2-4441-8aa8-11de57841d6b,2026-03-25,2026-03-25T23:45:00+00:00,2026-03-26T07:45:00+08:00,1,1206,CLOSED_SL,STOP_LOSS_FILLED,2.435298305085,2.4504,,2026-03-25T23:46:00+00:00,2026-03-26T04:10:33+00:00,,missing_exit_fill
2026-03-26,acc02,3,PROVEUSDT,28.21,1,6531c73d-d4d2-4441-8aa8-11de57841d6b,2026-03-25,2026-03-25T23:45:00+00:00,2026-03-26T07:45:00+08:00,1,1207,CLOSED_EXTERNAL,SHORT_POSITION_NOT_FOUND,0.314187300216,0.3097,0.2647,2026-03-25T23:46:30+00:00,2026-03-26T10:04:34+00:00,15.750891325644952,entry_to_exit_fill
2026-03-26,acc02,4,ESPORTSUSDT,18.01,1,6531c73d-d4d2-4441-8aa8-11de57841d6b,2026-03-25,2026-03-25T23:45:00+00:00,2026-03-26T07:45:00+08:00,1,1208,CLOSED_EXTERNAL,SHORT_POSITION_NOT_FOUND,0.3244445274726,0.324,0.34709999999999996,2026-03-25T23:47:00+00:00,2026-03-26T10:04:34+00:00,-6.982849334487009,entry_to_exit_fill
2026-03-26,acc02,5,BSBUSDT,16.23,1,6531c73d-d4d2-4441-8aa8-11de57841d6b,2026-03-25,2026-03-25T23:45:00+00:00,2026-03-26T07:45:00+08:00,0,,,,,,,,,,rank_symbol_not_opened
2026-03-26,acc02,6,NAORISUSDT,14.02,1,6531c73d-d4d2-4441-8aa8-11de57841d6b,2026-03-25,2026-03-25T23:45:00+00:00,2026-03-26T07:45:00+08:00,1,1209,CLOSED_EXTERNAL,SHORT_POSITION_NOT_FOUND,0.0661571266969,0.06604,0.0606809,2026-03-25T23:48:00+00:00,2026-03-26T10:04:34+00:00,8.277606616728427,entry_to_exit_fill
2026-03-26,acc02,7,MONUSDT,12.96,1,6531c73d-d4d2-4441-8aa8-11de57841d6b,2026-03-25,2026-03-25T23:45:00+00:00,2026-03-26T07:45:00+08:00,1,1210,CLOSED_EXTERNAL,SHORT_POSITION_NOT_FOUND,0.0264619600855,0.02639,0.02559,2026-03-25T23:48:31+00:00,2026-03-26T10:04:34+00:00,3.295145494448061,entry_to_exit_fill
2026-03-26,acc02,8,HIPPOUSDT,12.7,1,6531c73d-d4d2-4441-8aa8-11de57841d6b,2026-03-25,2026-03-25T23:45:00+00:00,2026-03-26T07:45:00+08:00,1,1211,CLOSED_EXTERNAL,SHORT_POSITION_NOT_FOUND,0.0006128096109,0.000612,0.0005478000000000001,2026-03-25T23:49:01+00:00,2026-03-26T10:04:34+00:00,10.608451588173345,entry_to_exit_fill
2026-03-26,acc02,9,UBUSDT,12.48,1,6531c73d-d4d2-4441-8aa8-11de57841d6b,2026-03-25,2026-03-25T23:45:00+00:00,2026-03-26T07:45:00+08:00,1,1212,CLOSED_EXTERNAL,SHORT_POSITION_NOT_FOUND,0.0364460696641,0.03647,,2026-03-25T23:49:31+00:00,2026-03-26T09:59:33+00:00,,missing_exit_fill
2026-03-26,acc02,10,PUMPBTCUSDT,12.23,1,6531c73d-d4d2-4441-8aa8-11de57841d6b,2026-03-25,2026-03-25T23:45:00+00:00,2026-03-26T07:45:00+08:00,1,1213,CLOSED_EXTERNAL,SHORT_POSITION_NOT_FOUND,0.0165104442686,0.0165144,0.0158945,2026-03-25T23:50:01+00:00,2026-03-26T10:04:34+00:00,3.730634128188902,entry_to_exit_fill
2026-03-26,acc03,1,SIRENUSDT,104.32,1,81553fa2-0939-4e8a-b772-7873d76fb56c,2026-03-25,2026-03-25T23:40:13+00:00,2026-03-26T07:40:13+08:00,1,1178,CLOSED_EXTERNAL,SHORT_POSITION_NOT_FOUND,2.061904574468,2.0624,1.955043,2026-03-25T23:40:14+00:00,2026-03-26T10:00:33+00:00,5.18266343608902,entry_to_exit_fill
2026-03-26,acc03,2,MUSDT,42.67,1,81553fa2-0939-4e8a-b772-7873d76fb56c,2026-03-25,2026-03-25T23:40:13+00:00,2026-03-26T07:40:13+08:00,1,1180,CLOSED_SL,STOP_LOSS_FILLED,2.43507875,2.4347,,2026-03-25T23:40:14+00:00,2026-03-26T04:10:33+00:00,,missing_exit_fill
2026-03-26,acc03,3,PROVEUSDT,28.21,1,81553fa2-0939-4e8a-b772-7873d76fb56c,2026-03-25,2026-03-25T23:40:13+00:00,2026-03-26T07:40:13+08:00,1,1182,CLOSED_EXTERNAL,SHORT_POSITION_NOT_FOUND,0.317,0.317,0.2669,2026-03-25T23:40:14+00:00,2026-03-26T10:00:33+00:00,15.804416403785481,entry_to_exit_fill
2026-03-26,acc03,4,ESPORTSUSDT,18.01,1,81553fa2-0939-4e8a-b772-7873d76fb56c,2026-03-25,2026-03-25T23:40:13+00:00,2026-03-26T07:40:13+08:00,1,1184,CLOSED_EXTERNAL,SHORT_POSITION_NOT_FOUND,0.3243122075782,0.3243047,0.3462526,2026-03-25T23:40:14+00:00,2026-03-26T10:00:33+00:00,-6.765207077969651,entry_to_exit_fill
2026-03-26,acc03,5,BSBUSDT,16.23,1,81553fa2-0939-4e8a-b772-7873d76fb56c,2026-03-25,2026-03-25T23:40:13+00:00,2026-03-26T07:40:13+08:00,0,,,,,,,,,,rank_symbol_not_opened
2026-03-26,acc03,6,NAORISUSDT,14.02,1,81553fa2-0939-4e8a-b772-7873d76fb56c,2026-03-25,2026-03-25T23:40:13+00:00,2026-03-26T07:40:13+08:00,1,1186,CLOSED_EXTERNAL,SHORT_POSITION_NOT_FOUND,0.0667005794645,0.0667,0.060148999999999994,2026-03-25T23:40:14+00:00,2026-03-26T10:00:34+00:00,9.822372634688955,entry_to_exit_fill
2026-03-26,acc03,7,MONUSDT,12.96,1,81553fa2-0939-4e8a-b772-7873d76fb56c,2026-03-25,2026-03-25T23:40:13+00:00,2026-03-26T07:40:13+08:00,1,1188,CLOSED_EXTERNAL,SHORT_POSITION_NOT_FOUND,0.0264,0.026399999999999996,0.02556,2026-03-25T23:40:14+00:00,2026-03-26T10:00:34+00:00,3.1818181818181834,entry_to_exit_fill
2026-03-26,acc03,8,HIPPOUSDT,12.7,1,81553fa2-0939-4e8a-b772-7873d76fb56c,2026-03-25,2026-03-25T23:40:13+00:00,2026-03-26T07:40:13+08:00,1,1190,CLOSED_EXTERNAL,SHORT_POSITION_NOT_FOUND,0.0006105713979,0.0006107,0.000547,2026-03-25T23:40:14+00:00,2026-03-26T10:00:34+00:00,10.411787731729262,entry_to_exit_fill
2026-03-26,acc03,9,UBUSDT,12.48,1,81553fa2-0939-4e8a-b772-7873d76fb56c,2026-03-25,2026-03-25T23:40:13+00:00,2026-03-26T07:40:13+08:00,1,1192,CLOSED_EXTERNAL,SHORT_POSITION_NOT_FOUND,0.0364528949316,0.03641,,2026-03-25T23:40:14+00:00,2026-03-26T09:59:33+00:00,,missing_exit_fill
2026-03-26,acc03,10,PUMPBTCUSDT,12.23,1,81553fa2-0939-4e8a-b772-7873d76fb56c,2026-03-25,2026-03-25T23:40:13+00:00,2026-03-26T07:40:13+08:00,1,1194,CLOSED_EXTERNAL,SHORT_POSITION_NOT_FOUND,0.0167027408976,0.0167,0.01579,2026-03-25T23:40:14+00:00,2026-03-26T10:00:34+00:00,5.4646174732384845,entry_to_exit_fill
2026-03-26,acc04,1,SIRENUSDT,104.32,1,4055d7f5-cd03-4e5f-8df9-caa47f6d1bbf,2026-03-25,2026-03-25T23:40:13+00:00,2026-03-26T07:40:13+08:00,1,1196,CLOSED_EXTERNAL,SHORT_POSITION_NOT_FOUND,2.061771666667,2.06157,,2026-03-25T23:40:14+00:00,2026-03-26T16:59:03+00:00,,missing_exit_fill
2026-03-26,acc04,2,MUSDT,42.67,1,4055d7f5-cd03-4e5f-8df9-caa47f6d1bbf,2026-03-25,2026-03-25T23:40:13+00:00,2026-03-26T07:40:13+08:00,1,1197,CLOSED_SL,STOP_LOSS_FILLED,2.434275609756,2.433525,,2026-03-25T23:40:14+00:00,2026-03-26T04:10:34+00:00,,missing_exit_fill
2026-03-26,acc04,3,PROVEUSDT,28.21,1,4055d7f5-cd03-4e5f-8df9-caa47f6d1bbf,2026-03-25,2026-03-25T23:40:13+00:00,2026-03-26T07:40:13+08:00,1,1198,CLOSED_SL,STOP_LOSS_FILLED,0.317,0.317,,2026-03-25T23:40:14+00:00,2026-03-26T22:10:02+00:00,,missing_exit_fill
2026-03-26,acc04,4,ESPORTSUSDT,18.01,1,4055d7f5-cd03-4e5f-8df9-caa47f6d1bbf,2026-03-25,2026-03-25T23:40:13+00:00,2026-03-26T07:40:13+08:00,1,1199,CLOSED_SL,STOP_LOSS_FILLED,0.3243038216561,0.32443,,2026-03-25T23:40:14+00:00,2026-03-26T13:05:34+00:00,,missing_exit_fill
2026-03-26,acc04,5,BSBUSDT,16.23,1,4055d7f5-cd03-4e5f-8df9-caa47f6d1bbf,2026-03-25,2026-03-25T23:40:13+00:00,2026-03-26T07:40:13+08:00,0,,,,,,,,,,rank_symbol_not_opened
2026-03-26,acc04,6,NAORISUSDT,14.02,1,4055d7f5-cd03-4e5f-8df9-caa47f6d1bbf,2026-03-25,2026-03-25T23:40:13+00:00,2026-03-26T07:40:13+08:00,1,1200,CLOSED_TIMEOUT,MAX_HOLD_EXCEEDED,0.0667622029704,0.06688178888888889,0.062827,2026-03-25T23:40:14+00:00,2026-03-27T23:10:48+00:00,5.89435757856094,entry_to_exit_fill
2026-03-26,acc04,7,MONUSDT,12.96,1,4055d7f5-cd03-4e5f-8df9-caa47f6d1bbf,2026-03-25,2026-03-25T23:40:13+00:00,2026-03-26T07:40:13+08:00,1,1201,CLOSED_TIMEOUT,MAX_HOLD_EXCEEDED,0.0261262704642,0.025145570400822197,0.02219,2026-03-25T23:40:14+00:00,2026-03-27T23:10:48+00:00,15.066331298964949,entry_to_exit_fill
2026-03-26,acc04,8,HIPPOUSDT,12.7,1,4055d7f5-cd03-4e5f-8df9-caa47f6d1bbf,2026-03-25,2026-03-25T23:40:13+00:00,2026-03-26T07:40:13+08:00,1,1202,CLOSED_TIMEOUT,MAX_HOLD_EXCEEDED,0.0006015299781,0.000570357127030201,0.0005175,2026-03-25T23:40:14+00:00,2026-03-27T23:10:48+00:00,13.969374953750135,entry_to_exit_fill
2026-03-26,acc04,9,UBUSDT,12.48,1,4055d7f5-cd03-4e5f-8df9-caa47f6d1bbf,2026-03-25,2026-03-25T23:40:13+00:00,2026-03-26T07:40:13+08:00,1,1203,CLOSED_EXTERNAL,SHORT_POSITION_NOT_FOUND,0.0364091530815,,,2026-03-25T23:40:14+00:00,2026-03-26T09:59:34+00:00,,missing_exit_fill
2026-03-26,acc04,10,PUMPBTCUSDT,12.23,1,4055d7f5-cd03-4e5f-8df9-caa47f6d1bbf,2026-03-25,2026-03-25T23:40:13+00:00,2026-03-26T07:40:13+08:00,1,1204,CLOSED_EXTERNAL,SHORT_POSITION_NOT_FOUND,0.0167,,,2026-03-25T23:40:14+00:00,2026-03-27T07:21:04+00:00,,missing_exit_fill
2026-03-27,acc01,1,BLUAIUSDT,38.79,1,e6228acb-c32b-4df8-9b64-40d7fdcd20b7,2026-03-26,2026-03-26T23:40:13+00:00,2026-03-27T07:40:13+08:00,1,1214,CLOSED_EXTERNAL,SHORT_POSITION_NOT_FOUND,0.010064,,,2026-03-26T23:40:13+00:00,2026-03-27T06:59:04+00:00,,missing_exit_fill
2026-03-27,acc01,2,XNYUSDT,31.52,1,e6228acb-c32b-4df8-9b64-40d7fdcd20b7,2026-03-26,2026-03-26T23:40:13+00:00,2026-03-27T07:40:13+08:00,1,1215,CLOSED_SL,STOP_LOSS_FILLED,0.0067497289997,,,2026-03-26T23:40:13+00:00,2026-03-28T00:39:42+00:00,,missing_exit_fill
2026-03-27,acc01,3,STOUSDT,19.17,1,e6228acb-c32b-4df8-9b64-40d7fdcd20b7,2026-03-26,2026-03-26T23:40:13+00:00,2026-03-27T07:40:13+08:00,1,1216,CLOSED_SL,STOP_LOSS_FILLED,0.09901,,,2026-03-26T23:40:13+00:00,2026-03-27T17:12:48+00:00,,missing_exit_fill
2026-03-27,acc01,4,1000RATSUSDT,18.33,1,e6228acb-c32b-4df8-9b64-40d7fdcd20b7,2026-03-26,2026-03-26T23:40:13+00:00,2026-03-27T07:40:13+08:00,1,1219,CLOSED_SL,STOP_LOSS_FILLED,0.05878,,,2026-03-26T23:40:13+00:00,2026-03-27T05:11:04+00:00,,missing_exit_fill
2026-03-27,acc01,5,PARTIUSDT,16.67,1,e6228acb-c32b-4df8-9b64-40d7fdcd20b7,2026-03-26,2026-03-26T23:40:13+00:00,2026-03-27T07:40:13+08:00,1,1222,CLOSED_SL,STOP_LOSS_FILLED,0.1033550510678,,,2026-03-26T23:40:13+00:00,2026-03-28T02:07:42+00:00,,missing_exit_fill
2026-03-27,acc01,6,ESPORTSUSDT,15.8,1,e6228acb-c32b-4df8-9b64-40d7fdcd20b7,2026-03-26,2026-03-26T23:40:13+00:00,2026-03-27T07:40:13+08:00,1,1224,CLOSED_SL,STOP_LOSS_FILLED,0.37676,,,2026-03-26T23:40:13+00:00,2026-03-28T01:10:42+00:00,,missing_exit_fill
2026-03-27,acc01,7,KATUSDT,14.26,1,e6228acb-c32b-4df8-9b64-40d7fdcd20b7,2026-03-26,2026-03-26T23:40:13+00:00,2026-03-27T07:40:13+08:00,1,1227,CLOSED_SL,STOP_LOSS_FILLED,0.01299,,,2026-03-26T23:40:13+00:00,2026-03-28T00:12:42+00:00,,missing_exit_fill
2026-03-27,acc01,8,STGUSDT,13.1,1,e6228acb-c32b-4df8-9b64-40d7fdcd20b7,2026-03-26,2026-03-26T23:40:13+00:00,2026-03-27T07:40:13+08:00,1,1229,CLOSED_SL,STOP_LOSS_FILLED,0.2185,,,2026-03-26T23:40:13+00:00,2026-03-27T10:29:04+00:00,,missing_exit_fill
2026-03-27,acc01,9,TRADOORUSDT,11.81,1,e6228acb-c32b-4df8-9b64-40d7fdcd20b7,2026-03-26,2026-03-26T23:40:13+00:00,2026-03-27T07:40:13+08:00,1,1233,CLOSED_SL,STOP_LOSS_FILLED,2.525,,,2026-03-26T23:40:13+00:00,2026-03-27T13:58:04+00:00,,missing_exit_fill
2026-03-27,acc01,10,ONUSDT,10.33,1,e6228acb-c32b-4df8-9b64-40d7fdcd20b7,2026-03-26,2026-03-26T23:40:13+00:00,2026-03-27T07:40:13+08:00,1,1234,CLOSED_SL,STOP_LOSS_FILLED,0.1205,,,2026-03-26T23:40:13+00:00,2026-03-27T06:23:04+00:00,,missing_exit_fill
2026-03-27,acc02,1,BLUAIUSDT,38.79,1,ead34831-b36e-4a1c-b25b-f6b9dc6ef8fe,2026-03-26,2026-03-26T23:45:00+00:00,2026-03-27T07:45:00+08:00,1,1244,CLOSED_EXTERNAL,SHORT_POSITION_NOT_FOUND,0.010166,,,2026-03-26T23:45:30+00:00,2026-03-27T06:59:04+00:00,,missing_exit_fill
2026-03-27,acc02,2,XNYUSDT,31.52,1,ead34831-b36e-4a1c-b25b-f6b9dc6ef8fe,2026-03-26,2026-03-26T23:45:00+00:00,2026-03-27T07:45:00+08:00,1,1245,CLOSED_SL,STOP_LOSS_FILLED,0.0067298808447,,0.0063330999999999995,2026-03-26T23:46:00+00:00,2026-03-28T00:39:42+00:00,5.895807873217816,entry_to_exit_fill
2026-03-27,acc02,3,STOUSDT,19.17,1,ead34831-b36e-4a1c-b25b-f6b9dc6ef8fe,2026-03-26,2026-03-26T23:45:00+00:00,2026-03-27T07:45:00+08:00,1,1246,CLOSED_SL,STOP_LOSS_FILLED,0.0991668292683,,,2026-03-26T23:46:30+00:00,2026-03-27T17:12:48+00:00,,missing_exit_fill
2026-03-27,acc02,4,1000RATSUSDT,18.33,1,ead34831-b36e-4a1c-b25b-f6b9dc6ef8fe,2026-03-26,2026-03-26T23:45:00+00:00,2026-03-27T07:45:00+08:00,1,1247,CLOSED_SL,STOP_LOSS_FILLED,0.058806613033,,,2026-03-26T23:47:00+00:00,2026-03-27T05:11:04+00:00,,missing_exit_fill
2026-03-27,acc02,5,PARTIUSDT,16.67,1,ead34831-b36e-4a1c-b25b-f6b9dc6ef8fe,2026-03-26,2026-03-26T23:45:00+00:00,2026-03-27T07:45:00+08:00,1,1248,CLOSED_SL,STOP_LOSS_FILLED,0.10285,,0.1009663,2026-03-26T23:47:30+00:00,2026-03-28T02:07:42+00:00,1.8315021876519222,entry_to_exit_fill
2026-03-27,acc02,6,ESPORTSUSDT,15.8,1,ead34831-b36e-4a1c-b25b-f6b9dc6ef8fe,2026-03-26,2026-03-26T23:45:00+00:00,2026-03-27T07:45:00+08:00,1,1249,CLOSED_SL,STOP_LOSS_FILLED,0.3784005943153,,0.3568771,2026-03-26T23:48:00+00:00,2026-03-28T01:10:42+00:00,5.688018105321913,entry_to_exit_fill
2026-03-27,acc02,7,KATUSDT,14.26,1,ead34831-b36e-4a1c-b25b-f6b9dc6ef8fe,2026-03-26,2026-03-26T23:45:00+00:00,2026-03-27T07:45:00+08:00,1,1250,CLOSED_SL,STOP_LOSS_FILLED,0.01309,,0.01192,2026-03-26T23:48:30+00:00,2026-03-28T00:12:42+00:00,8.93812070282658,entry_to_exit_fill
2026-03-27,acc02,8,STGUSDT,13.1,1,ead34831-b36e-4a1c-b25b-f6b9dc6ef8fe,2026-03-26,2026-03-26T23:45:00+00:00,2026-03-27T07:45:00+08:00,1,1251,CLOSED_SL,STOP_LOSS_FILLED,0.2213,,,2026-03-26T23:49:00+00:00,2026-03-27T10:29:04+00:00,,missing_exit_fill
2026-03-27,acc02,9,TRADOORUSDT,11.81,1,ead34831-b36e-4a1c-b25b-f6b9dc6ef8fe,2026-03-26,2026-03-26T23:45:00+00:00,2026-03-27T07:45:00+08:00,1,1252,CLOSED_SL,STOP_LOSS_FILLED,2.519631578947,,,2026-03-26T23:49:30+00:00,2026-03-27T13:58:04+00:00,,missing_exit_fill
2026-03-27,acc02,10,ONUSDT,10.33,1,ead34831-b36e-4a1c-b25b-f6b9dc6ef8fe,2026-03-26,2026-03-26T23:45:00+00:00,2026-03-27T07:45:00+08:00,1,1253,CLOSED_SL,STOP_LOSS_FILLED,0.11999,,,2026-03-26T23:50:01+00:00,2026-03-27T06:23:04+00:00,,missing_exit_fill
2026-03-27,acc03,1,BLUAIUSDT,38.79,1,9917b84a-7568-4029-b14d-d70cfc87e699,2026-03-26,2026-03-26T23:40:13+00:00,2026-03-27T07:40:13+08:00,1,1218,CLOSED_EXTERNAL,SHORT_POSITION_NOT_FOUND,0.0100626411193,,,2026-03-26T23:40:13+00:00,2026-03-27T06:59:04+00:00,,missing_exit_fill
2026-03-27,acc03,2,XNYUSDT,31.52,1,9917b84a-7568-4029-b14d-d70cfc87e699,2026-03-26,2026-03-26T23:40:13+00:00,2026-03-27T07:40:13+08:00,1,1221,CLOSED_SL,STOP_LOSS_FILLED,0.0067476459674,,0.006291,2026-03-26T23:40:13+00:00,2026-03-28T00:39:42+00:00,6.767485573579305,entry_to_exit_fill
2026-03-27,acc03,3,STOUSDT,19.17,1,9917b84a-7568-4029-b14d-d70cfc87e699,2026-03-26,2026-03-26T23:40:13+00:00,2026-03-27T07:40:13+08:00,1,1225,CLOSED_SL,STOP_LOSS_FILLED,0.09898,,,2026-03-26T23:40:13+00:00,2026-03-27T17:12:48+00:00,,missing_exit_fill
2026-03-27,acc03,4,1000RATSUSDT,18.33,1,9917b84a-7568-4029-b14d-d70cfc87e699,2026-03-26,2026-03-26T23:40:13+00:00,2026-03-27T07:40:13+08:00,1,1228,CLOSED_SL,STOP_LOSS_FILLED,0.05878,,,2026-03-26T23:40:13+00:00,2026-03-27T05:11:04+00:00,,missing_exit_fill
2026-03-27,acc03,5,PARTIUSDT,16.67,1,9917b84a-7568-4029-b14d-d70cfc87e699,2026-03-26,2026-03-26T23:40:13+00:00,2026-03-27T07:40:13+08:00,1,1231,CLOSED_SL,STOP_LOSS_FILLED,0.10335,,0.1008705,2026-03-26T23:40:13+00:00,2026-03-28T02:07:42+00:00,2.399129172714074,entry_to_exit_fill
2026-03-27,acc03,6,ESPORTSUSDT,15.8,1,9917b84a-7568-4029-b14d-d70cfc87e699,2026-03-26,2026-03-26T23:40:13+00:00,2026-03-27T07:40:13+08:00,1,1237,CLOSED_SL,STOP_LOSS_FILLED,0.3766974181118,,0.3581834,2026-03-26T23:40:13+00:00,2026-03-28T01:10:42+00:00,4.914824796145871,entry_to_exit_fill
2026-03-27,acc03,7,KATUSDT,14.26,1,9917b84a-7568-4029-b14d-d70cfc87e699,2026-03-26,2026-03-26T23:40:13+00:00,2026-03-27T07:40:13+08:00,1,1238,CLOSED_SL,STOP_LOSS_FILLED,0.01299,,0.01192,2026-03-26T23:40:13+00:00,2026-03-28T00:12:42+00:00,8.237105465742879,entry_to_exit_fill
2026-03-27,acc03,8,STGUSDT,13.1,1,9917b84a-7568-4029-b14d-d70cfc87e699,2026-03-26,2026-03-26T23:40:13+00:00,2026-03-27T07:40:13+08:00,1,1240,CLOSED_SL,STOP_LOSS_FILLED,0.2185,,,2026-03-26T23:40:14+00:00,2026-03-27T10:29:04+00:00,,missing_exit_fill
2026-03-27,acc03,9,TRADOORUSDT,11.81,1,9917b84a-7568-4029-b14d-d70cfc87e699,2026-03-26,2026-03-26T23:40:13+00:00,2026-03-27T07:40:13+08:00,1,1242,CLOSED_SL,STOP_LOSS_FILLED,2.524922077922,,,2026-03-26T23:40:14+00:00,2026-03-27T13:58:04+00:00,,missing_exit_fill
2026-03-27,acc03,10,ONUSDT,10.33,1,9917b84a-7568-4029-b14d-d70cfc87e699,2026-03-26,2026-03-26T23:40:13+00:00,2026-03-27T07:40:13+08:00,1,1243,CLOSED_SL,STOP_LOSS_FILLED,0.1205,,,2026-03-26T23:40:14+00:00,2026-03-27T06:23:04+00:00,,missing_exit_fill
2026-03-27,acc04,1,BLUAIUSDT,38.79,1,e7a1bf93-0271-4873-bb66-bf80eb394d7a,2026-03-26,2026-03-26T23:40:13+00:00,2026-03-27T07:40:13+08:00,1,1217,CLOSED_EXTERNAL,SHORT_POSITION_NOT_FOUND,0.010063,,,2026-03-26T23:40:13+00:00,2026-03-27T06:59:05+00:00,,missing_exit_fill
2026-03-27,acc04,2,XNYUSDT,31.52,1,e7a1bf93-0271-4873-bb66-bf80eb394d7a,2026-03-26,2026-03-26T23:40:13+00:00,2026-03-27T07:40:13+08:00,1,1220,CLOSED_SL,STOP_LOSS_FILLED,0.0067112605566,0.006286,,2026-03-26T23:40:13+00:00,2026-03-28T00:39:42+00:00,,missing_exit_fill
2026-03-27,acc04,3,STOUSDT,19.17,1,e7a1bf93-0271-4873-bb66-bf80eb394d7a,2026-03-26,2026-03-26T23:40:13+00:00,2026-03-27T07:40:13+08:00,1,1223,CLOSED_SL,STOP_LOSS_FILLED,0.0989938777372,,,2026-03-26T23:40:13+00:00,2026-03-27T17:12:49+00:00,,missing_exit_fill
2026-03-27,acc04,4,1000RATSUSDT,18.33,1,e7a1bf93-0271-4873-bb66-bf80eb394d7a,2026-03-26,2026-03-26T23:40:13+00:00,2026-03-27T07:40:13+08:00,1,1226,CLOSED_SL,STOP_LOSS_FILLED,0.05878,,,2026-03-26T23:40:13+00:00,2026-03-27T05:11:04+00:00,,missing_exit_fill
2026-03-27,acc04,5,PARTIUSDT,16.67,1,e7a1bf93-0271-4873-bb66-bf80eb394d7a,2026-03-26,2026-03-26T23:40:13+00:00,2026-03-27T07:40:13+08:00,1,1230,CLOSED_SL,STOP_LOSS_FILLED,0.10335,,,2026-03-26T23:40:13+00:00,2026-03-28T02:07:43+00:00,,missing_exit_fill
2026-03-27,acc04,6,ESPORTSUSDT,15.8,1,e7a1bf93-0271-4873-bb66-bf80eb394d7a,2026-03-26,2026-03-26T23:40:13+00:00,2026-03-27T07:40:13+08:00,1,1232,CLOSED_SL,STOP_LOSS_FILLED,0.37676,,,2026-03-26T23:40:13+00:00,2026-03-28T01:10:42+00:00,,missing_exit_fill
2026-03-27,acc04,7,KATUSDT,14.26,1,e7a1bf93-0271-4873-bb66-bf80eb394d7a,2026-03-26,2026-03-26T23:40:13+00:00,2026-03-27T07:40:13+08:00,1,1235,CLOSED_SL,STOP_LOSS_FILLED,0.01299,,,2026-03-26T23:40:13+00:00,2026-03-28T00:12:42+00:00,,missing_exit_fill
2026-03-27,acc04,8,STGUSDT,13.1,1,e7a1bf93-0271-4873-bb66-bf80eb394d7a,2026-03-26,2026-03-26T23:40:13+00:00,2026-03-27T07:40:13+08:00,1,1236,CLOSED_SL,STOP_LOSS_FILLED,0.2185,,,2026-03-26T23:40:13+00:00,2026-03-27T10:29:04+00:00,,missing_exit_fill
2026-03-27,acc04,9,TRADOORUSDT,11.81,1,e7a1bf93-0271-4873-bb66-bf80eb394d7a,2026-03-26,2026-03-26T23:40:13+00:00,2026-03-27T07:40:13+08:00,1,1239,CLOSED_SL,STOP_LOSS_FILLED,2.525,,,2026-03-26T23:40:13+00:00,2026-03-27T13:58:05+00:00,,missing_exit_fill
2026-03-27,acc04,10,ONUSDT,10.33,1,e7a1bf93-0271-4873-bb66-bf80eb394d7a,2026-03-26,2026-03-26T23:40:13+00:00,2026-03-27T07:40:13+08:00,1,1241,CLOSED_SL,STOP_LOSS_FILLED,0.1205,,,2026-03-26T23:40:14+00:00,2026-03-27T06:23:05+00:00,,missing_exit_fill
2026-03-28,acc01,1,ONUSDT,52.57,1,9cde09da-3246-445e-8495-80f680236d8b,2026-03-27,2026-03-27T23:40:13+00:00,2026-03-28T07:40:13+08:00,1,1255,CLOSED_EXTERNAL,SHORT_POSITION_NOT_FOUND,0.18171,,0.15573,2026-03-27T23:40:13+00:00,2026-03-28T13:59:42+00:00,14.297507016674924,entry_to_exit_fill
2026-03-28,acc01,2,CUSDT,36.07,1,9cde09da-3246-445e-8495-80f680236d8b,2026-03-27,2026-03-27T23:40:13+00:00,2026-03-28T07:40:13+08:00,1,1257,CLOSED_SL,STOP_LOSS_FILLED,0.0828092217573,0.08082,0.0891,2026-03-27T23:40:13+00:00,2026-03-29T00:51:04+00:00,-7.596712188815415,entry_to_exit_fill
2026-03-28,acc01,3,BSBUSDT,35.5,1,9cde09da-3246-445e-8495-80f680236d8b,2026-03-27,2026-03-27T23:40:13+00:00,2026-03-28T07:40:13+08:00,1,1259,CLOSED_SL,STOP_LOSS_FILLED,0.2256438343353,0.22736,0.2136533,2026-03-27T23:40:13+00:00,2026-03-29T01:53:03+00:00,5.313920662012165,entry_to_exit_fill
2026-03-28,acc01,4,B3USDT,25.87,1,9cde09da-3246-445e-8495-80f680236d8b,2026-03-27,2026-03-27T23:40:13+00:00,2026-03-28T07:40:13+08:00,1,1261,CLOSED_SL,STOP_LOSS_FILLED,0.0003700395239,0.0003512,0.0003701,2026-03-27T23:40:13+00:00,2026-03-29T03:08:03+00:00,-0.016343146094939726,entry_to_exit_fill
2026-03-28,acc01,5,TAUSDT,19.02,1,9cde09da-3246-445e-8495-80f680236d8b,2026-03-27,2026-03-27T23:40:13+00:00,2026-03-28T07:40:13+08:00,1,1263,CLOSED_EXTERNAL,SHORT_POSITION_NOT_FOUND,0.0675067148884,,0.06072,2026-03-27T23:40:13+00:00,2026-03-28T08:59:42+00:00,10.053392317519204,entry_to_exit_fill
2026-03-28,acc01,6,KNCUSDT,18.37,1,9cde09da-3246-445e-8495-80f680236d8b,2026-03-27,2026-03-27T23:40:13+00:00,2026-03-28T07:40:13+08:00,1,1265,CLOSED_TIMEOUT,MAX_HOLD_EXCEEDED,0.1598141004862,0.1552,0.1435956204379562,2026-03-27T23:40:13+00:00,2026-03-29T23:11:03+00:00,10.148341103133308,entry_to_exit_fill
2026-03-28,acc01,7,ARIAUSDT,17.34,1,9cde09da-3246-445e-8495-80f680236d8b,2026-03-27,2026-03-27T23:40:13+00:00,2026-03-28T07:40:13+08:00,1,1267,CLOSED_SL,STOP_LOSS_FILLED,0.3281539882697,,,2026-03-27T23:40:13+00:00,2026-03-28T04:04:42+00:00,,missing_exit_fill
2026-03-28,acc01,8,ICNTUSDT,15.73,1,9cde09da-3246-445e-8495-80f680236d8b,2026-03-27,2026-03-27T23:40:13+00:00,2026-03-28T07:40:13+08:00,1,1269,CLOSED_SL,STOP_LOSS_FILLED,0.4441,,0.4357762,2026-03-27T23:40:13+00:00,2026-03-28T08:33:42+00:00,1.8743075883809936,entry_to_exit_fill
2026-03-28,acc01,9,4USDT,13.83,1,9cde09da-3246-445e-8495-80f680236d8b,2026-03-27,2026-03-27T23:40:13+00:00,2026-03-28T07:40:13+08:00,1,1271,CLOSED_SL,STOP_LOSS_FILLED,0.0128684556438,,0.0115026,2026-03-27T23:40:13+00:00,2026-03-28T18:42:41+00:00,10.613982606825607,entry_to_exit_fill
2026-03-28,acc01,10,SWARMSUSDT,12.85,1,9cde09da-3246-445e-8495-80f680236d8b,2026-03-27,2026-03-27T23:40:13+00:00,2026-03-28T07:40:13+08:00,1,1273,CLOSED_SL,STOP_LOSS_FILLED,0.0091242473669,0.008787,0.008996,2026-03-27T23:40:13+00:00,2026-03-28T23:56:04+00:00,1.405566527769098,entry_to_exit_fill
2026-03-28,acc02,1,ONUSDT,52.57,1,36290f51-0096-4460-a79c-8b3491b3c214,2026-03-27,2026-03-27T23:45:01+00:00,2026-03-28T07:45:01+08:00,1,1284,CLOSED_EXTERNAL,SHORT_POSITION_NOT_FOUND,0.1786667891374,0.1745273,0.1556252,2026-03-27T23:45:31+00:00,2026-03-28T05:08:42+00:00,12.89640299053024,entry_to_exit_fill
2026-03-28,acc02,2,CUSDT,36.07,1,36290f51-0096-4460-a79c-8b3491b3c214,2026-03-27,2026-03-27T23:45:01+00:00,2026-03-28T07:45:01+08:00,1,1285,CLOSED_EXTERNAL,SHORT_POSITION_NOT_FOUND,0.0854282804429,0.08548,0.0890954,2026-03-27T23:46:01+00:00,2026-03-28T05:08:42+00:00,-4.292629487668422,entry_to_exit_fill
2026-03-28,acc02,3,BSBUSDT,35.5,1,36290f51-0096-4460-a79c-8b3491b3c214,2026-03-27,2026-03-27T23:45:01+00:00,2026-03-28T07:45:01+08:00,1,1286,CLOSED_EXTERNAL,SHORT_POSITION_NOT_FOUND,0.2440923228347,0.24758999999999998,0.2136302,2026-03-27T23:46:31+00:00,2026-03-28T05:08:42+00:00,12.47975457848752,entry_to_exit_fill
2026-03-28,acc02,4,B3USDT,25.87,1,36290f51-0096-4460-a79c-8b3491b3c214,2026-03-27,2026-03-27T23:45:01+00:00,2026-03-28T07:45:01+08:00,1,1287,CLOSED_EXTERNAL,SHORT_POSITION_NOT_FOUND,0.0003806340807,0.0003808,0.00037,2026-03-27T23:47:01+00:00,2026-03-28T05:08:42+00:00,2.7937804939703588,entry_to_exit_fill
2026-03-28,acc02,5,TAUSDT,19.02,1,36290f51-0096-4460-a79c-8b3491b3c214,2026-03-27,2026-03-27T23:45:01+00:00,2026-03-28T07:45:01+08:00,1,1288,CLOSED_EXTERNAL,SHORT_POSITION_NOT_FOUND,0.0668975295508,0.06742,0.0607146,2026-03-27T23:47:32+00:00,2026-03-28T05:08:42+00:00,9.242388459359873,entry_to_exit_fill
2026-03-28,acc02,6,KNCUSDT,18.37,1,36290f51-0096-4460-a79c-8b3491b3c214,2026-03-27,2026-03-27T23:45:01+00:00,2026-03-28T07:45:01+08:00,1,1289,CLOSED_EXTERNAL,SHORT_POSITION_NOT_FOUND,0.1627298998569,0.1621,0.149,2026-03-27T23:48:02+00:00,2026-03-28T05:08:42+00:00,8.437232413326434,entry_to_exit_fill
2026-03-28,acc02,7,ARIAUSDT,17.34,1,36290f51-0096-4460-a79c-8b3491b3c214,2026-03-27,2026-03-27T23:45:01+00:00,2026-03-28T07:45:01+08:00,1,1290,CLOSED_SL,STOP_LOSS_FILLED,0.3275534824281,,,2026-03-27T23:48:32+00:00,2026-03-28T04:04:42+00:00,,missing_exit_fill
2026-03-28,acc02,8,ICNTUSDT,15.73,1,36290f51-0096-4460-a79c-8b3491b3c214,2026-03-27,2026-03-27T23:45:01+00:00,2026-03-28T07:45:01+08:00,1,1291,CLOSED_EXTERNAL,SHORT_POSITION_NOT_FOUND,0.444024137931,,0.4356332,2026-03-27T23:49:02+00:00,2026-03-28T05:08:42+00:00,1.8897481497512445,entry_to_exit_fill
2026-03-28,acc02,9,4USDT,13.83,1,36290f51-0096-4460-a79c-8b3491b3c214,2026-03-27,2026-03-27T23:45:01+00:00,2026-03-28T07:45:01+08:00,1,1292,CLOSED_EXTERNAL,SHORT_POSITION_NOT_FOUND,0.0128198385684,,0.0115008,2026-03-27T23:49:32+00:00,2026-03-28T05:08:42+00:00,10.289041951365423,entry_to_exit_fill
2026-03-28,acc02,10,SWARMSUSDT,12.85,1,36290f51-0096-4460-a79c-8b3491b3c214,2026-03-27,2026-03-27T23:45:01+00:00,2026-03-28T07:45:01+08:00,0,,,,,,,,,,rank_symbol_not_opened
2026-03-28,acc03,1,ONUSDT,52.57,1,24e11d08-bf85-4c7c-a5d1-c8b7aad0e383,2026-03-27,2026-03-27T23:40:13+00:00,2026-03-28T07:40:13+08:00,1,1274,CLOSED_EXTERNAL,SHORT_POSITION_NOT_FOUND,0.18147,,0.155742,2026-03-27T23:40:14+00:00,2026-03-28T05:08:42+00:00,14.177550008265829,entry_to_exit_fill
2026-03-28,acc03,2,CUSDT,36.07,1,24e11d08-bf85-4c7c-a5d1-c8b7aad0e383,2026-03-27,2026-03-27T23:40:13+00:00,2026-03-28T07:40:13+08:00,1,1275,CLOSED_EXTERNAL,SHORT_POSITION_NOT_FOUND,0.0844,,0.0891,2026-03-27T23:40:14+00:00,2026-03-28T05:08:42+00:00,-5.568720379146915,entry_to_exit_fill
2026-03-28,acc03,3,BSBUSDT,35.5,1,24e11d08-bf85-4c7c-a5d1-c8b7aad0e383,2026-03-27,2026-03-27T23:40:13+00:00,2026-03-28T07:40:13+08:00,1,1276,CLOSED_EXTERNAL,SHORT_POSITION_NOT_FOUND,0.22424,,0.21367,2026-03-27T23:40:14+00:00,2026-03-28T05:08:42+00:00,4.713699607563323,entry_to_exit_fill
2026-03-28,acc03,4,B3USDT,25.87,1,24e11d08-bf85-4c7c-a5d1-c8b7aad0e383,2026-03-27,2026-03-27T23:40:13+00:00,2026-03-28T07:40:13+08:00,1,1277,CLOSED_EXTERNAL,SHORT_POSITION_NOT_FOUND,0.0003848321788,,0.00037019999999999995,2026-03-27T23:40:14+00:00,2026-03-28T05:08:42+00:00,3.8022233082552397,entry_to_exit_fill
2026-03-28,acc03,5,TAUSDT,19.02,1,24e11d08-bf85-4c7c-a5d1-c8b7aad0e383,2026-03-27,2026-03-27T23:40:13+00:00,2026-03-28T07:40:13+08:00,1,1278,CLOSED_EXTERNAL,SHORT_POSITION_NOT_FOUND,0.0674688336614,,0.0607285,2026-03-27T23:40:14+00:00,2026-03-28T05:08:42+00:00,9.990292251422527,entry_to_exit_fill
2026-03-28,acc03,6,KNCUSDT,18.37,1,24e11d08-bf85-4c7c-a5d1-c8b7aad0e383,2026-03-27,2026-03-27T23:40:13+00:00,2026-03-28T07:40:13+08:00,1,1279,CLOSED_EXTERNAL,SHORT_POSITION_NOT_FOUND,0.1635,,0.149,2026-03-27T23:40:14+00:00,2026-03-28T05:08:42+00:00,8.868501529051995,entry_to_exit_fill
2026-03-28,acc03,7,ARIAUSDT,17.34,1,24e11d08-bf85-4c7c-a5d1-c8b7aad0e383,2026-03-27,2026-03-27T23:40:13+00:00,2026-03-28T07:40:13+08:00,1,1280,CLOSED_SL,STOP_LOSS_FILLED,0.3282382973621,,,2026-03-27T23:40:14+00:00,2026-03-28T04:04:42+00:00,,missing_exit_fill
2026-03-28,acc03,8,ICNTUSDT,15.73,1,24e11d08-bf85-4c7c-a5d1-c8b7aad0e383,2026-03-27,2026-03-27T23:40:13+00:00,2026-03-28T07:40:13+08:00,1,1281,CLOSED_EXTERNAL,SHORT_POSITION_NOT_FOUND,0.444,,0.43599999999999994,2026-03-27T23:40:14+00:00,2026-03-28T05:08:42+00:00,1.801801801801816,entry_to_exit_fill
2026-03-28,acc03,9,4USDT,13.83,1,24e11d08-bf85-4c7c-a5d1-c8b7aad0e383,2026-03-27,2026-03-27T23:40:13+00:00,2026-03-28T07:40:13+08:00,1,1282,CLOSED_EXTERNAL,SHORT_POSITION_NOT_FOUND,0.0128666738089,,0.011503,2026-03-27T23:40:14+00:00,2026-03-28T05:08:42+00:00,10.598495222259649,entry_to_exit_fill
2026-03-28,acc03,10,SWARMSUSDT,12.85,1,24e11d08-bf85-4c7c-a5d1-c8b7aad0e383,2026-03-27,2026-03-27T23:40:13+00:00,2026-03-28T07:40:13+08:00,1,1283,CLOSED_EXTERNAL,SHORT_POSITION_NOT_FOUND,0.009394,,0.0089979,2026-03-27T23:40:14+00:00,2026-03-28T05:08:43+00:00,4.216521183734298,entry_to_exit_fill
2026-03-28,acc04,1,ONUSDT,52.57,1,b703595f-d3eb-4034-b574-6d04e1d7ecf9,2026-03-27,2026-03-27T23:40:13+00:00,2026-03-28T07:40:13+08:00,1,1254,CLOSED_EXTERNAL,SHORT_POSITION_NOT_FOUND,0.18175,,,2026-03-27T23:40:13+00:00,2026-03-28T13:59:42+00:00,,missing_exit_fill
2026-03-28,acc04,2,CUSDT,36.07,1,b703595f-d3eb-4034-b574-6d04e1d7ecf9,2026-03-27,2026-03-27T23:40:13+00:00,2026-03-28T07:40:13+08:00,1,1256,CLOSED_EXTERNAL,SHORT_POSITION_NOT_FOUND,0.0844008742331,,,2026-03-27T23:40:13+00:00,2026-03-29T00:50:04+00:00,,missing_exit_fill
2026-03-28,acc04,3,BSBUSDT,35.5,1,b703595f-d3eb-4034-b574-6d04e1d7ecf9,2026-03-27,2026-03-27T23:40:13+00:00,2026-03-28T07:40:13+08:00,1,1258,CLOSED_SL,STOP_LOSS_FILLED,0.2242909183673,,,2026-03-27T23:40:13+00:00,2026-03-29T01:53:04+00:00,,missing_exit_fill
2026-03-28,acc04,4,B3USDT,25.87,1,b703595f-d3eb-4034-b574-6d04e1d7ecf9,2026-03-27,2026-03-27T23:40:13+00:00,2026-03-28T07:40:13+08:00,1,1260,CLOSED_SL,STOP_LOSS_FILLED,0.0003851050594,,,2026-03-27T23:40:13+00:00,2026-03-29T03:08:04+00:00,,missing_exit_fill
2026-03-28,acc04,5,TAUSDT,19.02,1,b703595f-d3eb-4034-b574-6d04e1d7ecf9,2026-03-27,2026-03-27T23:40:13+00:00,2026-03-28T07:40:13+08:00,1,1262,CLOSED_EXTERNAL,SHORT_POSITION_NOT_FOUND,0.06751,,,2026-03-27T23:40:13+00:00,2026-03-28T08:59:42+00:00,,missing_exit_fill
2026-03-28,acc04,6,KNCUSDT,18.37,1,b703595f-d3eb-4034-b574-6d04e1d7ecf9,2026-03-27,2026-03-27T23:40:13+00:00,2026-03-28T07:40:13+08:00,1,1264,CLOSED_TIMEOUT,MAX_HOLD_EXCEEDED,0.1635,,0.1406,2026-03-27T23:40:13+00:00,2026-03-29T23:11:04+00:00,14.006116207951072,entry_to_exit_fill
2026-03-28,acc04,7,ARIAUSDT,17.34,1,b703595f-d3eb-4034-b574-6d04e1d7ecf9,2026-03-27,2026-03-27T23:40:13+00:00,2026-03-28T07:40:13+08:00,1,1266,CLOSED_SL,STOP_LOSS_FILLED,0.3281912537313,,,2026-03-27T23:40:13+00:00,2026-03-28T04:04:42+00:00,,missing_exit_fill
2026-03-28,acc04,8,ICNTUSDT,15.73,1,b703595f-d3eb-4034-b574-6d04e1d7ecf9,2026-03-27,2026-03-27T23:40:13+00:00,2026-03-28T07:40:13+08:00,1,1268,CLOSED_SL,STOP_LOSS_FILLED,0.4440975806452,,,2026-03-27T23:40:13+00:00,2026-03-28T08:33:42+00:00,,missing_exit_fill
2026-03-28,acc04,9,4USDT,13.83,1,b703595f-d3eb-4034-b574-6d04e1d7ecf9,2026-03-27,2026-03-27T23:40:13+00:00,2026-03-28T07:40:13+08:00,1,1270,CLOSED_SL,STOP_LOSS_FILLED,0.0128727748654,,,2026-03-27T23:40:13+00:00,2026-03-28T18:42:42+00:00,,missing_exit_fill
2026-03-28,acc04,10,SWARMSUSDT,12.85,1,b703595f-d3eb-4034-b574-6d04e1d7ecf9,2026-03-27,2026-03-27T23:40:13+00:00,2026-03-28T07:40:13+08:00,1,1272,CLOSED_SL,STOP_LOSS_FILLED,0.0093943121481,,,2026-03-27T23:40:13+00:00,2026-03-28T23:56:04+00:00,,missing_exit_fill
2026-03-29,acc01,1,SIRENUSDT,109.36,1,da0217b0-6fde-4771-8b78-69a59eb52d4b,2026-03-28,2026-03-28T23:40:13+00:00,2026-03-29T07:40:13+08:00,1,1294,CLOSED_EXTERNAL,SHORT_POSITION_NOT_FOUND,1.68663234375,,,2026-03-28T23:40:13+00:00,2026-03-29T01:59:04+00:00,,missing_exit_fill
2026-03-29,acc01,2,NOMUSDT,66.33,1,da0217b0-6fde-4771-8b78-69a59eb52d4b,2026-03-28,2026-03-28T23:40:13+00:00,2026-03-29T07:40:13+08:00,1,1295,CLOSED_EXTERNAL,SHORT_POSITION_NOT_FOUND,0.003111,,,2026-03-28T23:40:13+00:00,2026-03-29T13:59:04+00:00,,missing_exit_fill
2026-03-29,acc01,3,PLAYUSDT,47.37,1,da0217b0-6fde-4771-8b78-69a59eb52d4b,2026-03-28,2026-03-28T23:40:13+00:00,2026-03-29T07:40:13+08:00,1,1298,CLOSED_SL,STOP_LOSS_FILLED,0.05315,,,2026-03-28T23:40:13+00:00,2026-03-29T21:45:03+00:00,,missing_exit_fill
2026-03-29,acc01,4,ONTUSDT,20.5,1,da0217b0-6fde-4771-8b78-69a59eb52d4b,2026-03-28,2026-03-28T23:40:13+00:00,2026-03-29T07:40:13+08:00,1,1301,CLOSED_SL,STOP_LOSS_FILLED,0.0613644136137,0.059,,2026-03-28T23:40:13+00:00,2026-03-29T23:56:03+00:00,,missing_exit_fill
2026-03-29,acc01,5,TRIAUSDT,16.25,1,da0217b0-6fde-4771-8b78-69a59eb52d4b,2026-03-28,2026-03-28T23:40:13+00:00,2026-03-29T07:40:13+08:00,1,1304,CLOSED_SL,STOP_LOSS_FILLED,0.0307,,,2026-03-28T23:40:13+00:00,2026-03-29T05:51:03+00:00,,missing_exit_fill
2026-03-29,acc01,6,4USDT,15.91,1,da0217b0-6fde-4771-8b78-69a59eb52d4b,2026-03-28,2026-03-28T23:40:13+00:00,2026-03-29T07:40:13+08:00,1,1305,CLOSED_SL,STOP_LOSS_FILLED,0.0147703191777,,,2026-03-28T23:40:13+00:00,2026-03-29T14:16:03+00:00,,missing_exit_fill
2026-03-29,acc01,7,AIAUSDT,14.04,1,da0217b0-6fde-4771-8b78-69a59eb52d4b,2026-03-28,2026-03-28T23:40:13+00:00,2026-03-29T07:40:13+08:00,1,1308,CLOSED_SL,STOP_LOSS_FILLED,0.1043398952381,,,2026-03-28T23:40:13+00:00,2026-03-29T05:45:03+00:00,,missing_exit_fill
2026-03-29,acc01,8,CHZUSDT,13.17,1,da0217b0-6fde-4771-8b78-69a59eb52d4b,2026-03-28,2026-03-28T23:40:13+00:00,2026-03-29T07:40:13+08:00,1,1311,CLOSED_SL,STOP_LOSS_FILLED,0.0403,,,2026-03-28T23:40:13+00:00,2026-03-29T06:40:03+00:00,,missing_exit_fill
2026-03-29,acc01,9,NIGHTUSDT,12.43,1,da0217b0-6fde-4771-8b78-69a59eb52d4b,2026-03-28,2026-03-28T23:40:13+00:00,2026-03-29T07:40:13+08:00,1,1313,CLOSED_SL,STOP_LOSS_FILLED,0.0508490752069,0.04903,,2026-03-28T23:40:13+00:00,2026-03-30T00:19:03+00:00,,missing_exit_fill
2026-03-29,acc01,10,BASUSDT,11.64,1,da0217b0-6fde-4771-8b78-69a59eb52d4b,2026-03-28,2026-03-28T23:40:13+00:00,2026-03-29T07:40:13+08:00,1,1315,CLOSED_SL,STOP_LOSS_FILLED,0.00828,,,2026-03-28T23:40:14+00:00,2026-03-29T05:06:03+00:00,,missing_exit_fill
2026-03-29,acc02,1,SIRENUSDT,109.36,1,0ad67d7c-d545-4374-8dce-93028b9daa22,2026-03-28,2026-03-28T23:45:00+00:00,2026-03-29T07:45:00+08:00,1,1323,CLOSED_EXTERNAL,SHORT_POSITION_NOT_FOUND,1.690116777778,,,2026-03-28T23:45:30+00:00,2026-03-29T01:59:04+00:00,,missing_exit_fill
2026-03-29,acc02,2,NOMUSDT,66.33,1,0ad67d7c-d545-4374-8dce-93028b9daa22,2026-03-28,2026-03-28T23:45:00+00:00,2026-03-29T07:45:00+08:00,1,1324,CLOSED_EXTERNAL,SHORT_POSITION_NOT_FOUND,0.00309,,,2026-03-28T23:46:00+00:00,2026-03-29T13:59:04+00:00,,missing_exit_fill
2026-03-29,acc02,3,PLAYUSDT,47.37,1,0ad67d7c-d545-4374-8dce-93028b9daa22,2026-03-28,2026-03-28T23:45:00+00:00,2026-03-29T07:45:00+08:00,1,1325,CLOSED_SL,STOP_LOSS_FILLED,0.0533807649897,,,2026-03-28T23:46:30+00:00,2026-03-29T21:45:03+00:00,,missing_exit_fill
2026-03-29,acc02,4,ONTUSDT,20.5,1,0ad67d7c-d545-4374-8dce-93028b9daa22,2026-03-28,2026-03-28T23:45:00+00:00,2026-03-29T07:45:00+08:00,1,1326,CLOSED_SL,STOP_LOSS_FILLED,0.0622,,0.05949999999999999,2026-03-28T23:47:00+00:00,2026-03-29T23:56:03+00:00,4.340836012861749,entry_to_exit_fill
2026-03-29,acc02,5,TRIAUSDT,16.25,1,0ad67d7c-d545-4374-8dce-93028b9daa22,2026-03-28,2026-03-28T23:45:00+00:00,2026-03-29T07:45:00+08:00,1,1327,CLOSED_SL,STOP_LOSS_FILLED,0.03069,,,2026-03-28T23:47:30+00:00,2026-03-29T05:51:03+00:00,,missing_exit_fill
2026-03-29,acc02,6,4USDT,15.91,1,0ad67d7c-d545-4374-8dce-93028b9daa22,2026-03-28,2026-03-28T23:45:00+00:00,2026-03-29T07:45:00+08:00,1,1328,CLOSED_SL,STOP_LOSS_FILLED,0.014670372138,,,2026-03-28T23:48:00+00:00,2026-03-29T14:16:03+00:00,,missing_exit_fill
2026-03-29,acc02,7,AIAUSDT,14.04,1,0ad67d7c-d545-4374-8dce-93028b9daa22,2026-03-28,2026-03-28T23:45:00+00:00,2026-03-29T07:45:00+08:00,1,1329,CLOSED_SL,STOP_LOSS_FILLED,0.1043083061225,,,2026-03-28T23:48:31+00:00,2026-03-29T05:45:03+00:00,,missing_exit_fill
2026-03-29,acc02,8,CHZUSDT,13.17,1,0ad67d7c-d545-4374-8dce-93028b9daa22,2026-03-28,2026-03-28T23:45:00+00:00,2026-03-29T07:45:00+08:00,1,1330,CLOSED_SL,STOP_LOSS_FILLED,0.04009,,,2026-03-28T23:49:01+00:00,2026-03-29T06:40:03+00:00,,missing_exit_fill
2026-03-29,acc02,9,NIGHTUSDT,12.43,1,0ad67d7c-d545-4374-8dce-93028b9daa22,2026-03-28,2026-03-28T23:45:00+00:00,2026-03-29T07:45:00+08:00,1,1331,CLOSED_SL,STOP_LOSS_FILLED,0.05128,,0.04893,2026-03-28T23:49:31+00:00,2026-03-30T00:19:03+00:00,4.58268330733229,entry_to_exit_fill
2026-03-29,acc02,10,BASUSDT,11.64,1,0ad67d7c-d545-4374-8dce-93028b9daa22,2026-03-28,2026-03-28T23:45:00+00:00,2026-03-29T07:45:00+08:00,1,1332,CLOSED_SL,STOP_LOSS_FILLED,0.008225508,,,2026-03-28T23:50:01+00:00,2026-03-29T05:06:03+00:00,,missing_exit_fill
2026-03-29,acc03,1,SIRENUSDT,109.36,1,f1a98f2b-d13e-4e3f-bed5-4506a1f6164d,2026-03-28,2026-03-28T23:40:13+00:00,2026-03-29T07:40:13+08:00,1,1293,CLOSED_EXTERNAL,SHORT_POSITION_NOT_FOUND,1.686800504202,,,2026-03-28T23:40:13+00:00,2026-03-29T01:59:04+00:00,,missing_exit_fill
2026-03-29,acc03,2,NOMUSDT,66.33,1,f1a98f2b-d13e-4e3f-bed5-4506a1f6164d,2026-03-28,2026-03-28T23:40:13+00:00,2026-03-29T07:40:13+08:00,1,1296,CLOSED_EXTERNAL,SHORT_POSITION_NOT_FOUND,0.003111,,,2026-03-28T23:40:13+00:00,2026-03-29T13:59:04+00:00,,missing_exit_fill
2026-03-29,acc03,3,PLAYUSDT,47.37,1,f1a98f2b-d13e-4e3f-bed5-4506a1f6164d,2026-03-28,2026-03-28T23:40:13+00:00,2026-03-29T07:40:13+08:00,1,1299,CLOSED_SL,STOP_LOSS_FILLED,0.0531454754441,,,2026-03-28T23:40:13+00:00,2026-03-29T21:45:03+00:00,,missing_exit_fill
2026-03-29,acc03,4,ONTUSDT,20.5,1,f1a98f2b-d13e-4e3f-bed5-4506a1f6164d,2026-03-28,2026-03-28T23:40:13+00:00,2026-03-29T07:40:13+08:00,1,1302,CLOSED_SL,STOP_LOSS_FILLED,0.0621,,0.0591,2026-03-28T23:40:13+00:00,2026-03-29T23:56:03+00:00,4.830917874396139,entry_to_exit_fill
2026-03-29,acc03,5,TRIAUSDT,16.25,1,f1a98f2b-d13e-4e3f-bed5-4506a1f6164d,2026-03-28,2026-03-28T23:40:13+00:00,2026-03-29T07:40:13+08:00,1,1307,CLOSED_SL,STOP_LOSS_FILLED,0.0307,,,2026-03-28T23:40:13+00:00,2026-03-29T05:51:03+00:00,,missing_exit_fill
2026-03-29,acc03,6,4USDT,15.91,1,f1a98f2b-d13e-4e3f-bed5-4506a1f6164d,2026-03-28,2026-03-28T23:40:13+00:00,2026-03-29T07:40:13+08:00,1,1310,CLOSED_SL,STOP_LOSS_FILLED,0.0147631983592,,,2026-03-28T23:40:13+00:00,2026-03-29T14:16:03+00:00,,missing_exit_fill
2026-03-29,acc03,7,AIAUSDT,14.04,1,f1a98f2b-d13e-4e3f-bed5-4506a1f6164d,2026-03-28,2026-03-28T23:40:13+00:00,2026-03-29T07:40:13+08:00,1,1314,CLOSED_SL,STOP_LOSS_FILLED,0.1043304951006,,,2026-03-28T23:40:13+00:00,2026-03-29T05:45:03+00:00,,missing_exit_fill
2026-03-29,acc03,8,CHZUSDT,13.17,1,f1a98f2b-d13e-4e3f-bed5-4506a1f6164d,2026-03-28,2026-03-28T23:40:13+00:00,2026-03-29T07:40:13+08:00,1,1317,CLOSED_SL,STOP_LOSS_FILLED,0.0403,,,2026-03-28T23:40:14+00:00,2026-03-29T06:40:03+00:00,,missing_exit_fill
2026-03-29,acc03,9,NIGHTUSDT,12.43,1,f1a98f2b-d13e-4e3f-bed5-4506a1f6164d,2026-03-28,2026-03-28T23:40:13+00:00,2026-03-29T07:40:13+08:00,1,1319,CLOSED_SL,STOP_LOSS_FILLED,0.0514,,0.04904,2026-03-28T23:40:14+00:00,2026-03-30T00:19:03+00:00,4.591439688715955,entry_to_exit_fill
2026-03-29,acc03,10,BASUSDT,11.64,1,f1a98f2b-d13e-4e3f-bed5-4506a1f6164d,2026-03-28,2026-03-28T23:40:13+00:00,2026-03-29T07:40:13+08:00,1,1321,CLOSED_SL,STOP_LOSS_FILLED,0.0082751271006,,,2026-03-28T23:40:14+00:00,2026-03-29T05:06:03+00:00,,missing_exit_fill
2026-03-29,acc04,1,SIRENUSDT,109.36,1,be95de4b-acfe-4f21-bec5-3d6396155f2e,2026-03-28,2026-03-28T23:40:13+00:00,2026-03-29T07:40:13+08:00,1,1297,CLOSED_EXTERNAL,SHORT_POSITION_NOT_FOUND,1.686854761905,,,2026-03-28T23:40:13+00:00,2026-03-29T01:59:05+00:00,,missing_exit_fill
2026-03-29,acc04,2,NOMUSDT,66.33,1,be95de4b-acfe-4f21-bec5-3d6396155f2e,2026-03-28,2026-03-28T23:40:13+00:00,2026-03-29T07:40:13+08:00,1,1300,CLOSED_EXTERNAL,SHORT_POSITION_NOT_FOUND,0.003114,,,2026-03-28T23:40:13+00:00,2026-03-29T13:59:05+00:00,,missing_exit_fill
2026-03-29,acc04,3,PLAYUSDT,47.37,1,be95de4b-acfe-4f21-bec5-3d6396155f2e,2026-03-28,2026-03-28T23:40:13+00:00,2026-03-29T07:40:13+08:00,1,1303,CLOSED_SL,STOP_LOSS_FILLED,0.05315,,,2026-03-28T23:40:13+00:00,2026-03-29T21:45:03+00:00,,missing_exit_fill
2026-03-29,acc04,4,ONTUSDT,20.5,1,be95de4b-acfe-4f21-bec5-3d6396155f2e,2026-03-28,2026-03-28T23:40:13+00:00,2026-03-29T07:40:13+08:00,1,1306,CLOSED_SL,STOP_LOSS_FILLED,0.0613607586513,0.059,,2026-03-28T23:40:13+00:00,2026-03-29T23:56:04+00:00,,missing_exit_fill
2026-03-29,acc04,5,TRIAUSDT,16.25,1,be95de4b-acfe-4f21-bec5-3d6396155f2e,2026-03-28,2026-03-28T23:40:13+00:00,2026-03-29T07:40:13+08:00,1,1309,CLOSED_SL,STOP_LOSS_FILLED,0.03068260907,,,2026-03-28T23:40:13+00:00,2026-03-29T05:51:03+00:00,,missing_exit_fill
2026-03-29,acc04,6,4USDT,15.91,1,be95de4b-acfe-4f21-bec5-3d6396155f2e,2026-03-28,2026-03-28T23:40:13+00:00,2026-03-29T07:40:13+08:00,1,1312,CLOSED_SL,STOP_LOSS_FILLED,0.0147610202385,,,2026-03-28T23:40:13+00:00,2026-03-29T14:16:04+00:00,,missing_exit_fill
2026-03-29,acc04,7,AIAUSDT,14.04,1,be95de4b-acfe-4f21-bec5-3d6396155f2e,2026-03-28,2026-03-28T23:40:13+00:00,2026-03-29T07:40:13+08:00,1,1316,CLOSED_SL,STOP_LOSS_FILLED,0.1043292871094,,,2026-03-28T23:40:14+00:00,2026-03-29T05:45:04+00:00,,missing_exit_fill
2026-03-29,acc04,8,CHZUSDT,13.17,1,be95de4b-acfe-4f21-bec5-3d6396155f2e,2026-03-28,2026-03-28T23:40:13+00:00,2026-03-29T07:40:13+08:00,1,1318,CLOSED_SL,STOP_LOSS_FILLED,0.0403,,,2026-03-28T23:40:14+00:00,2026-03-29T06:40:04+00:00,,missing_exit_fill
2026-03-29,acc04,9,NIGHTUSDT,12.43,1,be95de4b-acfe-4f21-bec5-3d6396155f2e,2026-03-28,2026-03-28T23:40:13+00:00,2026-03-29T07:40:13+08:00,1,1320,CLOSED_SL,STOP_LOSS_FILLED,0.0508458946981,0.04903,,2026-03-28T23:40:14+00:00,2026-03-30T00:19:04+00:00,,missing_exit_fill
2026-03-29,acc04,10,BASUSDT,11.64,1,be95de4b-acfe-4f21-bec5-3d6396155f2e,2026-03-28,2026-03-28T23:40:13+00:00,2026-03-29T07:40:13+08:00,1,1322,CLOSED_SL,STOP_LOSS_FILLED,0.0082736256463,,,2026-03-28T23:40:14+00:00,2026-03-29T05:06:04+00:00,,missing_exit_fill
2026-03-30,acc01,1,AIAUSDT,33.47,1,818c2fd1-9391-4d41-a22f-f0e5cef6ba48,2026-03-29,2026-03-29T23:40:12+00:00,2026-03-30T07:40:12+08:00,1,1333,CLOSED_SL,STOP_LOSS_FILLED,0.13912,,,2026-03-29T23:40:13+00:00,2026-03-31T00:05:42+00:00,,missing_exit_fill
2026-03-30,acc01,2,STOUSDT,26.65,1,818c2fd1-9391-4d41-a22f-f0e5cef6ba48,2026-03-29,2026-03-29T23:40:12+00:00,2026-03-30T07:40:12+08:00,1,1334,CLOSED_SL,STOP_LOSS_FILLED,0.1484600217628,,0.14898,2026-03-29T23:40:13+00:00,2026-03-30T23:57:43+00:00,-0.35024798664707335,entry_to_exit_fill
2026-03-30,acc01,3,COLLECTUSDT,18.96,1,818c2fd1-9391-4d41-a22f-f0e5cef6ba48,2026-03-29,2026-03-29T23:40:12+00:00,2026-03-30T07:40:12+08:00,1,1336,CLOSED_SL,STOP_LOSS_FILLED,0.0526090492687,,,2026-03-29T23:40:13+00:00,2026-03-30T18:24:03+00:00,,missing_exit_fill
2026-03-30,acc01,4,PLAYUSDT,16.33,1,818c2fd1-9391-4d41-a22f-f0e5cef6ba48,2026-03-29,2026-03-29T23:40:12+00:00,2026-03-30T07:40:12+08:00,1,1338,CLOSED_SL,STOP_LOSS_FILLED,0.0618167873303,,,2026-03-29T23:40:13+00:00,2026-03-30T05:19:03+00:00,,missing_exit_fill
2026-03-30,acc01,5,BRUSDT,15.36,1,818c2fd1-9391-4d41-a22f-f0e5cef6ba48,2026-03-29,2026-03-29T23:40:12+00:00,2026-03-30T07:40:12+08:00,1,1339,CLOSED_SL,STOP_LOSS_FILLED,0.12632,,,2026-03-29T23:40:13+00:00,2026-03-30T04:04:03+00:00,,missing_exit_fill
2026-03-30,acc01,6,BSBUSDT,15.2,1,818c2fd1-9391-4d41-a22f-f0e5cef6ba48,2026-03-29,2026-03-29T23:40:12+00:00,2026-03-30T07:40:12+08:00,1,1341,CLOSED_EXTERNAL,SHORT_POSITION_NOT_FOUND,0.2598367428571,,,2026-03-29T23:40:13+00:00,2026-03-31T05:59:42+00:00,,missing_exit_fill
2026-03-30,acc01,7,AGTUSDT,14.12,1,818c2fd1-9391-4d41-a22f-f0e5cef6ba48,2026-03-29,2026-03-29T23:40:12+00:00,2026-03-30T07:40:12+08:00,1,1344,CLOSED_SL,STOP_LOSS_FILLED,0.0074644246275,,,2026-03-29T23:40:13+00:00,2026-03-30T15:25:03+00:00,,missing_exit_fill
2026-03-30,acc01,8,SENTUSDT,13.4,1,818c2fd1-9391-4d41-a22f-f0e5cef6ba48,2026-03-29,2026-03-29T23:40:12+00:00,2026-03-30T07:40:12+08:00,1,1347,CLOSED_SL,STOP_LOSS_FILLED,0.01852,,,2026-03-29T23:40:13+00:00,2026-03-30T04:09:03+00:00,,missing_exit_fill
2026-03-30,acc01,9,UBUSDT,13.07,1,818c2fd1-9391-4d41-a22f-f0e5cef6ba48,2026-03-29,2026-03-29T23:40:12+00:00,2026-03-30T07:40:12+08:00,1,1358,CLOSED_EXTERNAL,SHORT_POSITION_NOT_FOUND,0.0287199473795,,,2026-03-29T23:40:13+00:00,2026-03-30T04:24:03+00:00,,missing_exit_fill
2026-03-30,acc01,10,ONUSDT,12.38,1,818c2fd1-9391-4d41-a22f-f0e5cef6ba48,2026-03-29,2026-03-29T23:40:12+00:00,2026-03-30T07:40:12+08:00,1,1361,CLOSED_SL,STOP_LOSS_FILLED,0.1036266869764,,,2026-03-29T23:40:13+00:00,2026-03-30T05:10:03+00:00,,missing_exit_fill
2026-03-30,acc02,1,AIAUSDT,33.47,1,431df722-3bed-40bd-8af8-394397bea7fd,2026-03-29,2026-03-29T23:45:00+00:00,2026-03-30T07:45:00+08:00,1,1363,CLOSED_SL,STOP_LOSS_FILLED,0.1393502104096,,,2026-03-29T23:45:30+00:00,2026-03-31T00:05:42+00:00,,missing_exit_fill
2026-03-30,acc02,2,STOUSDT,26.65,1,431df722-3bed-40bd-8af8-394397bea7fd,2026-03-29,2026-03-29T23:45:00+00:00,2026-03-30T07:45:00+08:00,1,1364,CLOSED_SL,STOP_LOSS_FILLED,0.14927,,0.14875,2026-03-29T23:46:00+00:00,2026-03-30T23:57:43+00:00,0.34836202853890297,entry_to_exit_fill
2026-03-30,acc02,3,COLLECTUSDT,18.96,1,431df722-3bed-40bd-8af8-394397bea7fd,2026-03-29,2026-03-29T23:45:00+00:00,2026-03-30T07:45:00+08:00,1,1365,CLOSED_SL,STOP_LOSS_FILLED,0.0522416722268,,,2026-03-29T23:46:30+00:00,2026-03-30T18:24:03+00:00,,missing_exit_fill
2026-03-30,acc02,4,PLAYUSDT,16.33,1,431df722-3bed-40bd-8af8-394397bea7fd,2026-03-29,2026-03-29T23:45:00+00:00,2026-03-30T07:45:00+08:00,1,1366,CLOSED_SL,STOP_LOSS_FILLED,0.06227,,,2026-03-29T23:47:00+00:00,2026-03-30T05:19:03+00:00,,missing_exit_fill
2026-03-30,acc02,5,BRUSDT,15.36,1,431df722-3bed-40bd-8af8-394397bea7fd,2026-03-29,2026-03-29T23:45:00+00:00,2026-03-30T07:45:00+08:00,1,1367,CLOSED_SL,STOP_LOSS_FILLED,0.12523,,,2026-03-29T23:47:30+00:00,2026-03-30T04:04:03+00:00,,missing_exit_fill
2026-03-30,acc02,6,BSBUSDT,15.2,1,431df722-3bed-40bd-8af8-394397bea7fd,2026-03-29,2026-03-29T23:45:00+00:00,2026-03-30T07:45:00+08:00,1,1368,CLOSED_EXTERNAL,SHORT_POSITION_NOT_FOUND,0.2613460206186,,,2026-03-29T23:48:00+00:00,2026-03-31T05:59:42+00:00,,missing_exit_fill
2026-03-30,acc02,7,AGTUSDT,14.12,1,431df722-3bed-40bd-8af8-394397bea7fd,2026-03-29,2026-03-29T23:45:00+00:00,2026-03-30T07:45:00+08:00,1,1369,CLOSED_SL,STOP_LOSS_FILLED,0.0074299621388,,,2026-03-29T23:48:30+00:00,2026-03-30T15:25:03+00:00,,missing_exit_fill
2026-03-30,acc02,8,SENTUSDT,13.4,1,431df722-3bed-40bd-8af8-394397bea7fd,2026-03-29,2026-03-29T23:45:00+00:00,2026-03-30T07:45:00+08:00,1,1370,CLOSED_SL,STOP_LOSS_FILLED,0.01836,,,2026-03-29T23:49:00+00:00,2026-03-30T04:09:03+00:00,,missing_exit_fill
2026-03-30,acc02,9,UBUSDT,13.07,1,431df722-3bed-40bd-8af8-394397bea7fd,2026-03-29,2026-03-29T23:45:00+00:00,2026-03-30T07:45:00+08:00,1,1371,CLOSED_EXTERNAL,SHORT_POSITION_NOT_FOUND,0.02884,,,2026-03-29T23:49:30+00:00,2026-03-30T04:24:03+00:00,,missing_exit_fill
2026-03-30,acc02,10,ONUSDT,12.38,1,431df722-3bed-40bd-8af8-394397bea7fd,2026-03-29,2026-03-29T23:45:00+00:00,2026-03-30T07:45:00+08:00,1,1372,CLOSED_SL,STOP_LOSS_FILLED,0.1043449257426,,,2026-03-29T23:50:01+00:00,2026-03-30T05:10:03+00:00,,missing_exit_fill
2026-03-30,acc03,1,AIAUSDT,33.47,1,55c859c3-888e-4809-8294-933c5c9364d4,2026-03-29,2026-03-29T23:40:12+00:00,2026-03-30T07:40:12+08:00,1,1342,CLOSED_SL,STOP_LOSS_FILLED,0.1390206839034,,,2026-03-29T23:40:13+00:00,2026-03-31T00:05:42+00:00,,missing_exit_fill
2026-03-30,acc03,2,STOUSDT,26.65,1,55c859c3-888e-4809-8294-933c5c9364d4,2026-03-29,2026-03-29T23:40:12+00:00,2026-03-30T07:40:12+08:00,1,1345,CLOSED_SL,STOP_LOSS_FILLED,0.1484216220676,0.14888,0.14892,2026-03-29T23:40:13+00:00,2026-03-30T23:57:43+00:00,-0.33578526191621455,entry_to_exit_fill
2026-03-30,acc03,3,COLLECTUSDT,18.96,1,55c859c3-888e-4809-8294-933c5c9364d4,2026-03-29,2026-03-29T23:40:12+00:00,2026-03-30T07:40:12+08:00,1,1348,CLOSED_SL,STOP_LOSS_FILLED,0.0526218378888,,,2026-03-29T23:40:13+00:00,2026-03-30T18:24:03+00:00,,missing_exit_fill
2026-03-30,acc03,4,PLAYUSDT,16.33,1,55c859c3-888e-4809-8294-933c5c9364d4,2026-03-29,2026-03-29T23:40:12+00:00,2026-03-30T07:40:12+08:00,1,1350,CLOSED_SL,STOP_LOSS_FILLED,0.0617592759512,,,2026-03-29T23:40:13+00:00,2026-03-30T05:19:03+00:00,,missing_exit_fill
2026-03-30,acc03,5,BRUSDT,15.36,1,55c859c3-888e-4809-8294-933c5c9364d4,2026-03-29,2026-03-29T23:40:12+00:00,2026-03-30T07:40:12+08:00,1,1351,CLOSED_SL,STOP_LOSS_FILLED,0.1262580181543,,,2026-03-29T23:40:13+00:00,2026-03-30T04:04:03+00:00,,missing_exit_fill
2026-03-30,acc03,6,BSBUSDT,15.2,1,55c859c3-888e-4809-8294-933c5c9364d4,2026-03-29,2026-03-29T23:40:12+00:00,2026-03-30T07:40:12+08:00,1,1353,CLOSED_EXTERNAL,SHORT_POSITION_NOT_FOUND,0.259720466563,,,2026-03-29T23:40:13+00:00,2026-03-31T05:59:42+00:00,,missing_exit_fill
2026-03-30,acc03,7,AGTUSDT,14.12,1,55c859c3-888e-4809-8294-933c5c9364d4,2026-03-29,2026-03-29T23:40:12+00:00,2026-03-30T07:40:12+08:00,1,1355,CLOSED_SL,STOP_LOSS_FILLED,0.0074588454281,,,2026-03-29T23:40:13+00:00,2026-03-30T15:25:03+00:00,,missing_exit_fill
2026-03-30,acc03,8,SENTUSDT,13.4,1,55c859c3-888e-4809-8294-933c5c9364d4,2026-03-29,2026-03-29T23:40:12+00:00,2026-03-30T07:40:12+08:00,1,1356,CLOSED_SL,STOP_LOSS_FILLED,0.01852,,,2026-03-29T23:40:13+00:00,2026-03-30T04:09:03+00:00,,missing_exit_fill
2026-03-30,acc03,9,UBUSDT,13.07,1,55c859c3-888e-4809-8294-933c5c9364d4,2026-03-29,2026-03-29T23:40:12+00:00,2026-03-30T07:40:12+08:00,1,1359,CLOSED_EXTERNAL,SHORT_POSITION_NOT_FOUND,0.0287003659165,,,2026-03-29T23:40:13+00:00,2026-03-30T04:24:03+00:00,,missing_exit_fill
2026-03-30,acc03,10,ONUSDT,12.38,1,55c859c3-888e-4809-8294-933c5c9364d4,2026-03-29,2026-03-29T23:40:12+00:00,2026-03-30T07:40:12+08:00,1,1362,CLOSED_SL,STOP_LOSS_FILLED,0.1036212430081,,,2026-03-29T23:40:13+00:00,2026-03-30T05:10:03+00:00,,missing_exit_fill
2026-03-30,acc04,1,AIAUSDT,33.47,1,62ece136-ef53-4c94-84f5-b221593507b2,2026-03-29,2026-03-29T23:40:12+00:00,2026-03-30T07:40:12+08:00,1,1335,CLOSED_SL,STOP_LOSS_FILLED,0.1390542110763,,,2026-03-29T23:40:13+00:00,2026-03-31T00:05:42+00:00,,missing_exit_fill
2026-03-30,acc04,2,STOUSDT,26.65,1,62ece136-ef53-4c94-84f5-b221593507b2,2026-03-29,2026-03-29T23:40:12+00:00,2026-03-30T07:40:12+08:00,1,1337,CLOSED_SL,STOP_LOSS_FILLED,0.14846,,0.14892,2026-03-29T23:40:13+00:00,2026-03-30T23:57:43+00:00,-0.30984777044320905,entry_to_exit_fill
2026-03-30,acc04,3,COLLECTUSDT,18.96,1,62ece136-ef53-4c94-84f5-b221593507b2,2026-03-29,2026-03-29T23:40:12+00:00,2026-03-30T07:40:12+08:00,1,1340,CLOSED_SL,STOP_LOSS_FILLED,0.0526,,,2026-03-29T23:40:13+00:00,2026-03-30T18:24:03+00:00,,missing_exit_fill
2026-03-30,acc04,4,PLAYUSDT,16.33,1,62ece136-ef53-4c94-84f5-b221593507b2,2026-03-29,2026-03-29T23:40:12+00:00,2026-03-30T07:40:12+08:00,1,1343,CLOSED_SL,STOP_LOSS_FILLED,0.0617672453705,,,2026-03-29T23:40:13+00:00,2026-03-30T05:19:04+00:00,,missing_exit_fill
2026-03-30,acc04,5,BRUSDT,15.36,1,62ece136-ef53-4c94-84f5-b221593507b2,2026-03-29,2026-03-29T23:40:12+00:00,2026-03-30T07:40:12+08:00,1,1346,CLOSED_SL,STOP_LOSS_FILLED,0.1262990521327,,,2026-03-29T23:40:13+00:00,2026-03-30T04:04:03+00:00,,missing_exit_fill
2026-03-30,acc04,6,BSBUSDT,15.2,1,62ece136-ef53-4c94-84f5-b221593507b2,2026-03-29,2026-03-29T23:40:12+00:00,2026-03-30T07:40:12+08:00,1,1349,CLOSED_EXTERNAL,SHORT_POSITION_NOT_FOUND,0.2597882846004,,,2026-03-29T23:40:13+00:00,2026-03-31T05:59:42+00:00,,missing_exit_fill
2026-03-30,acc04,7,AGTUSDT,14.12,1,62ece136-ef53-4c94-84f5-b221593507b2,2026-03-29,2026-03-29T23:40:12+00:00,2026-03-30T07:40:12+08:00,1,1352,CLOSED_EXTERNAL,SHORT_POSITION_NOT_FOUND,0.0074611151519,,,2026-03-29T23:40:13+00:00,2026-03-30T15:24:04+00:00,,missing_exit_fill
2026-03-30,acc04,8,SENTUSDT,13.4,1,62ece136-ef53-4c94-84f5-b221593507b2,2026-03-29,2026-03-29T23:40:12+00:00,2026-03-30T07:40:12+08:00,1,1354,CLOSED_SL,STOP_LOSS_FILLED,0.01852,,,2026-03-29T23:40:13+00:00,2026-03-30T04:09:03+00:00,,missing_exit_fill
2026-03-30,acc04,9,UBUSDT,13.07,1,62ece136-ef53-4c94-84f5-b221593507b2,2026-03-29,2026-03-29T23:40:12+00:00,2026-03-30T07:40:12+08:00,1,1357,CLOSED_SL,STOP_LOSS_FILLED,0.02872,,,2026-03-29T23:40:13+00:00,2026-03-30T04:24:03+00:00,,missing_exit_fill
2026-03-30,acc04,10,ONUSDT,12.38,1,62ece136-ef53-4c94-84f5-b221593507b2,2026-03-29,2026-03-29T23:40:12+00:00,2026-03-30T07:40:12+08:00,1,1360,CLOSED_SL,STOP_LOSS_FILLED,0.1036753115265,,,2026-03-29T23:40:13+00:00,2026-03-30T05:10:04+00:00,,missing_exit_fill
2026-03-31,acc01,1,ONTUSDT,42.38,1,f38c6d9c-4f7d-4915-ace0-957495b3009e,2026-03-30,2026-03-30T23:40:13+00:00,2026-03-31T07:40:13+08:00,1,1373,CLOSED_SL,STOP_LOSS_FILLED,0.0854,0.0854,,2026-03-30T23:40:13+00:00,2026-03-31T22:04:42+00:00,,missing_exit_fill
2026-03-31,acc01,2,NOMUSDT,34.2,1,f38c6d9c-4f7d-4915-ace0-957495b3009e,2026-03-30,2026-03-30T23:40:13+00:00,2026-03-31T07:40:13+08:00,1,1374,CLOSED_SL,STOP_LOSS_FILLED,0.0034857004931,0.003483,,2026-03-30T23:40:13+00:00,2026-03-31T19:00:43+00:00,,missing_exit_fill
2026-03-31,acc01,3,DUSDT,23.37,1,f38c6d9c-4f7d-4915-ace0-957495b3009e,2026-03-30,2026-03-30T23:40:13+00:00,2026-03-31T07:40:13+08:00,1,1376,CLOSED_SL,STOP_LOSS_FILLED,0.006645,0.006645,0.006640100000000001,2026-03-30T23:40:13+00:00,2026-04-01T00:22:03+00:00,0.07373965387507382,entry_to_exit_fill
2026-03-31,acc01,4,DAMUSDT,21.44,1,f38c6d9c-4f7d-4915-ace0-957495b3009e,2026-03-30,2026-03-30T23:40:13+00:00,2026-03-31T07:40:13+08:00,1,1378,CLOSED_SL,STOP_LOSS_FILLED,0.0351270127877,0.03511,,2026-03-30T23:40:13+00:00,2026-03-31T04:28:43+00:00,,missing_exit_fill
2026-03-31,acc01,5,USUSDT,16.9,1,f38c6d9c-4f7d-4915-ace0-957495b3009e,2026-03-30,2026-03-30T23:40:13+00:00,2026-03-31T07:40:13+08:00,1,1381,CLOSED_SL,STOP_LOSS_FILLED,0.0039134726129,0.003912,,2026-03-30T23:40:13+00:00,2026-03-31T05:32:43+00:00,,missing_exit_fill
2026-03-31,acc01,6,FHEUSDT,15.97,1,f38c6d9c-4f7d-4915-ace0-957495b3009e,2026-03-30,2026-03-30T23:40:13+00:00,2026-03-31T07:40:13+08:00,1,1383,CLOSED_SL,STOP_LOSS_FILLED,0.0186257844734,0.01863,0.01905,2026-03-30T23:40:13+00:00,2026-04-01T00:13:04+00:00,-2.2775713270269815,entry_to_exit_fill
2026-03-31,acc01,7,ONGUSDT,15.23,1,f38c6d9c-4f7d-4915-ace0-957495b3009e,2026-03-30,2026-03-30T23:40:13+00:00,2026-03-31T07:40:13+08:00,1,1386,CLOSED_SL,STOP_LOSS_FILLED,0.06532,,,2026-03-30T23:40:13+00:00,2026-04-01T04:36:03+00:00,,missing_exit_fill
2026-03-31,acc01,8,GOATUSDT,15.05,1,f38c6d9c-4f7d-4915-ace0-957495b3009e,2026-03-30,2026-03-30T23:40:13+00:00,2026-03-31T07:40:13+08:00,1,1388,CLOSED_SL,STOP_LOSS_FILLED,0.01808,,,2026-03-30T23:40:13+00:00,2026-03-31T06:23:42+00:00,,missing_exit_fill
2026-03-31,acc01,9,RIVERUSDT,14.97,1,f38c6d9c-4f7d-4915-ace0-957495b3009e,2026-03-30,2026-03-30T23:40:13+00:00,2026-03-31T07:40:13+08:00,1,1391,CLOSED_SL,STOP_LOSS_FILLED,16.13722368421,,,2026-03-30T23:40:13+00:00,2026-03-31T06:18:43+00:00,,missing_exit_fill
2026-03-31,acc01,10,DOODUSDT,13.56,1,f38c6d9c-4f7d-4915-ace0-957495b3009e,2026-03-30,2026-03-30T23:40:13+00:00,2026-03-31T07:40:13+08:00,0,,,,,,,,,,rank_symbol_not_opened
2026-03-31,acc02,1,ONTUSDT,42.38,1,a58e0feb-c8c7-4542-bab5-4ea471f3d4ed,2026-03-30,2026-03-30T23:45:00+00:00,2026-03-31T07:45:00+08:00,1,1400,CLOSED_SL,STOP_LOSS_FILLED,0.0846594898574,0.0852,,2026-03-30T23:45:30+00:00,2026-03-31T22:04:42+00:00,,missing_exit_fill
2026-03-31,acc02,2,NOMUSDT,34.2,1,a58e0feb-c8c7-4542-bab5-4ea471f3d4ed,2026-03-30,2026-03-30T23:45:00+00:00,2026-03-31T07:45:00+08:00,1,1401,CLOSED_SL,STOP_LOSS_FILLED,0.0035289985776,0.00352,,2026-03-30T23:46:00+00:00,2026-03-31T19:00:43+00:00,,missing_exit_fill
2026-03-31,acc02,3,DUSDT,23.37,1,a58e0feb-c8c7-4542-bab5-4ea471f3d4ed,2026-03-30,2026-03-30T23:45:00+00:00,2026-03-31T07:45:00+08:00,1,1402,CLOSED_SL,STOP_LOSS_FILLED,0.0067039042191,0.006728,0.0066795433227345,2026-03-30T23:46:30+00:00,2026-04-01T00:22:03+00:00,0.36338371744772163,entry_to_exit_fill
2026-03-31,acc02,4,DAMUSDT,21.44,1,a58e0feb-c8c7-4542-bab5-4ea471f3d4ed,2026-03-30,2026-03-30T23:45:00+00:00,2026-03-31T07:45:00+08:00,1,1403,CLOSED_SL,STOP_LOSS_FILLED,0.0351781649598,0.03509,,2026-03-30T23:47:00+00:00,2026-03-31T04:28:43+00:00,,missing_exit_fill
2026-03-31,acc02,5,USUSDT,16.9,1,a58e0feb-c8c7-4542-bab5-4ea471f3d4ed,2026-03-30,2026-03-30T23:45:00+00:00,2026-03-31T07:45:00+08:00,1,1404,CLOSED_SL,STOP_LOSS_FILLED,0.0038922487744,0.003913,,2026-03-30T23:47:30+00:00,2026-03-31T05:32:43+00:00,,missing_exit_fill
2026-03-31,acc02,6,FHEUSDT,15.97,1,a58e0feb-c8c7-4542-bab5-4ea471f3d4ed,2026-03-30,2026-03-30T23:45:00+00:00,2026-03-31T07:45:00+08:00,1,1405,CLOSED_SL,STOP_LOSS_FILLED,0.0188724621836,0.0189,0.01904,2026-03-30T23:48:00+00:00,2026-04-01T00:13:04+00:00,-0.8877369299782775,entry_to_exit_fill
2026-03-31,acc02,7,ONGUSDT,15.23,1,a58e0feb-c8c7-4542-bab5-4ea471f3d4ed,2026-03-30,2026-03-30T23:45:00+00:00,2026-03-31T07:45:00+08:00,1,1406,CLOSED_SL,STOP_LOSS_FILLED,0.065032044546,,,2026-03-30T23:48:30+00:00,2026-04-01T04:36:03+00:00,,missing_exit_fill
2026-03-31,acc02,8,GOATUSDT,15.05,1,a58e0feb-c8c7-4542-bab5-4ea471f3d4ed,2026-03-30,2026-03-30T23:45:00+00:00,2026-03-31T07:45:00+08:00,1,1407,CLOSED_SL,STOP_LOSS_FILLED,0.01802,,,2026-03-30T23:49:01+00:00,2026-03-31T06:23:42+00:00,,missing_exit_fill
2026-03-31,acc02,9,RIVERUSDT,14.97,1,a58e0feb-c8c7-4542-bab5-4ea471f3d4ed,2026-03-30,2026-03-30T23:45:00+00:00,2026-03-31T07:45:00+08:00,1,1408,CLOSED_SL,STOP_LOSS_FILLED,16.124,,,2026-03-30T23:49:31+00:00,2026-03-31T06:18:43+00:00,,missing_exit_fill
2026-03-31,acc02,10,DOODUSDT,13.56,1,a58e0feb-c8c7-4542-bab5-4ea471f3d4ed,2026-03-30,2026-03-30T23:45:00+00:00,2026-03-31T07:45:00+08:00,0,,,,,,,,,,rank_symbol_not_opened
2026-03-31,acc03,1,ONTUSDT,42.38,1,a5b3ce1b-e230-4142-8ae1-c1404c419d7f,2026-03-30,2026-03-30T23:40:13+00:00,2026-03-31T07:40:13+08:00,1,1375,CLOSED_SL,STOP_LOSS_FILLED,0.0854,0.0854,0.0856,2026-03-30T23:40:13+00:00,2026-03-31T22:04:42+00:00,-0.23419203747071646,entry_to_exit_fill
2026-03-31,acc03,2,NOMUSDT,34.2,1,a5b3ce1b-e230-4142-8ae1-c1404c419d7f,2026-03-30,2026-03-30T23:40:13+00:00,2026-03-31T07:40:13+08:00,1,1379,CLOSED_SL,STOP_LOSS_FILLED,0.0034847897396,0.0034823000000000002,0.0034840000000000006,2026-03-30T23:40:13+00:00,2026-03-31T19:00:43+00:00,0.02266247489841729,entry_to_exit_fill
2026-03-31,acc03,3,DUSDT,23.37,1,a5b3ce1b-e230-4142-8ae1-c1404c419d7f,2026-03-30,2026-03-30T23:40:13+00:00,2026-03-31T07:40:13+08:00,1,1382,CLOSED_SL,STOP_LOSS_FILLED,0.0066441000435,0.006645000000000001,0.006643,2026-03-30T23:40:13+00:00,2026-04-01T00:22:03+00:00,0.016556696810671914,entry_to_exit_fill
2026-03-31,acc03,4,DAMUSDT,21.44,1,a5b3ce1b-e230-4142-8ae1-c1404c419d7f,2026-03-30,2026-03-30T23:40:13+00:00,2026-03-31T07:40:13+08:00,1,1385,CLOSED_SL,STOP_LOSS_FILLED,0.0351023068872,0.035103,,2026-03-30T23:40:13+00:00,2026-03-31T04:28:43+00:00,,missing_exit_fill
2026-03-31,acc03,5,USUSDT,16.9,1,a5b3ce1b-e230-4142-8ae1-c1404c419d7f,2026-03-30,2026-03-30T23:40:13+00:00,2026-03-31T07:40:13+08:00,1,1389,CLOSED_SL,STOP_LOSS_FILLED,0.0039119419631,0.003911,,2026-03-30T23:40:13+00:00,2026-03-31T05:32:43+00:00,,missing_exit_fill
2026-03-31,acc03,6,FHEUSDT,15.97,1,a5b3ce1b-e230-4142-8ae1-c1404c419d7f,2026-03-30,2026-03-30T23:40:13+00:00,2026-03-31T07:40:13+08:00,1,1392,CLOSED_SL,STOP_LOSS_FILLED,0.0186196268325,0.018640000000000004,0.0190416,2026-03-30T23:40:13+00:00,2026-04-01T00:13:04+00:00,-2.2662815495499493,entry_to_exit_fill
2026-03-31,acc03,7,ONGUSDT,15.23,1,a5b3ce1b-e230-4142-8ae1-c1404c419d7f,2026-03-30,2026-03-30T23:40:13+00:00,2026-03-31T07:40:13+08:00,1,1395,CLOSED_SL,STOP_LOSS_FILLED,0.0652851079447,,,2026-03-30T23:40:13+00:00,2026-04-01T04:36:03+00:00,,missing_exit_fill
2026-03-31,acc03,8,GOATUSDT,15.05,1,a5b3ce1b-e230-4142-8ae1-c1404c419d7f,2026-03-30,2026-03-30T23:40:13+00:00,2026-03-31T07:40:13+08:00,1,1397,CLOSED_SL,STOP_LOSS_FILLED,0.01808,,,2026-03-30T23:40:13+00:00,2026-03-31T06:23:42+00:00,,missing_exit_fill
2026-03-31,acc03,9,RIVERUSDT,14.97,1,a5b3ce1b-e230-4142-8ae1-c1404c419d7f,2026-03-30,2026-03-30T23:40:13+00:00,2026-03-31T07:40:13+08:00,1,1399,CLOSED_SL,STOP_LOSS_FILLED,16.13,,,2026-03-30T23:40:13+00:00,2026-03-31T06:18:43+00:00,,missing_exit_fill
2026-03-31,acc03,10,DOODUSDT,13.56,1,a5b3ce1b-e230-4142-8ae1-c1404c419d7f,2026-03-30,2026-03-30T23:40:13+00:00,2026-03-31T07:40:13+08:00,0,,,,,,,,,,rank_symbol_not_opened
2026-03-31,acc04,1,ONTUSDT,42.38,1,da33697f-1f98-4d5d-8301-f579e4b3e705,2026-03-30,2026-03-30T23:40:13+00:00,2026-03-31T07:40:13+08:00,1,1377,CLOSED_SL,STOP_LOSS_FILLED,0.0854,0.0854,,2026-03-30T23:40:13+00:00,2026-03-31T22:04:43+00:00,,missing_exit_fill
2026-03-31,acc04,2,NOMUSDT,34.2,1,da33697f-1f98-4d5d-8301-f579e4b3e705,2026-03-30,2026-03-30T23:40:13+00:00,2026-03-31T07:40:13+08:00,1,1380,CLOSED_SL,STOP_LOSS_FILLED,0.003483813445,0.0034821,,2026-03-30T23:40:13+00:00,2026-03-31T19:00:43+00:00,,missing_exit_fill
2026-03-31,acc04,3,DUSDT,23.37,1,da33697f-1f98-4d5d-8301-f579e4b3e705,2026-03-30,2026-03-30T23:40:13+00:00,2026-03-31T07:40:13+08:00,1,1384,CLOSED_SL,STOP_LOSS_FILLED,0.0066438729389,0.006645,0.006642,2026-03-30T23:40:13+00:00,2026-04-01T00:22:03+00:00,0.028190468379268765,entry_to_exit_fill
2026-03-31,acc04,4,DAMUSDT,21.44,1,da33697f-1f98-4d5d-8301-f579e4b3e705,2026-03-30,2026-03-30T23:40:13+00:00,2026-03-31T07:40:13+08:00,1,1387,CLOSED_SL,STOP_LOSS_FILLED,0.035094698321,0.03511,,2026-03-30T23:40:13+00:00,2026-03-31T04:28:43+00:00,,missing_exit_fill
2026-03-31,acc04,5,USUSDT,16.9,1,da33697f-1f98-4d5d-8301-f579e4b3e705,2026-03-30,2026-03-30T23:40:13+00:00,2026-03-31T07:40:13+08:00,1,1390,CLOSED_SL,STOP_LOSS_FILLED,0.003911127449,0.003911,,2026-03-30T23:40:13+00:00,2026-03-31T05:32:43+00:00,,missing_exit_fill
2026-03-31,acc04,6,FHEUSDT,15.97,1,da33697f-1f98-4d5d-8301-f579e4b3e705,2026-03-30,2026-03-30T23:40:13+00:00,2026-03-31T07:40:13+08:00,1,1393,CLOSED_SL,STOP_LOSS_FILLED,0.0186129941537,0.01864,0.01904,2026-03-30T23:40:13+00:00,2026-04-01T00:13:04+00:00,-2.294127654980847,entry_to_exit_fill
2026-03-31,acc04,7,ONGUSDT,15.23,1,da33697f-1f98-4d5d-8301-f579e4b3e705,2026-03-30,2026-03-30T23:40:13+00:00,2026-03-31T07:40:13+08:00,1,1394,CLOSED_SL,STOP_LOSS_FILLED,0.0652965909091,,,2026-03-30T23:40:13+00:00,2026-04-01T04:36:04+00:00,,missing_exit_fill
2026-03-31,acc04,8,GOATUSDT,15.05,1,da33697f-1f98-4d5d-8301-f579e4b3e705,2026-03-30,2026-03-30T23:40:13+00:00,2026-03-31T07:40:13+08:00,1,1396,CLOSED_SL,STOP_LOSS_FILLED,0.01808,,,2026-03-30T23:40:13+00:00,2026-03-31T06:23:43+00:00,,missing_exit_fill
2026-03-31,acc04,9,RIVERUSDT,14.97,1,da33697f-1f98-4d5d-8301-f579e4b3e705,2026-03-30,2026-03-30T23:40:13+00:00,2026-03-31T07:40:13+08:00,1,1398,CLOSED_SL,STOP_LOSS_FILLED,16.135,,,2026-03-30T23:40:13+00:00,2026-03-31T06:18:43+00:00,,missing_exit_fill
2026-03-31,acc04,10,DOODUSDT,13.56,1,da33697f-1f98-4d5d-8301-f579e4b3e705,2026-03-30,2026-03-30T23:40:13+00:00,2026-03-31T07:40:13+08:00,0,,,,,,,,,,rank_symbol_not_opened
2026-04-01,acc01,1,KERNELUSDT,37.15,1,88d759ae-e0e9-4925-8b47-0141171375ba,2026-03-31,2026-03-31T23:40:13+00:00,2026-04-01T07:40:13+08:00,1,1413,CLOSED_SL,STOP_LOSS_FILLED,0.10328,,,2026-03-31T23:40:13+00:00,2026-04-01T12:20:04+00:00,,missing_exit_fill
2026-04-01,acc01,2,STOUSDT,35.34,1,88d759ae-e0e9-4925-8b47-0141171375ba,2026-03-31,2026-03-31T23:40:13+00:00,2026-04-01T07:40:13+08:00,1,1415,CLOSED_SL,STOP_LOSS_FILLED,0.203833707483,,,2026-03-31T23:40:13+00:00,2026-04-01T05:58:03+00:00,,missing_exit_fill
2026-04-01,acc01,3,NOMUSDT,27.94,1,88d759ae-e0e9-4925-8b47-0141171375ba,2026-03-31,2026-03-31T23:40:13+00:00,2026-04-01T07:40:13+08:00,1,1418,CLOSED_SL,STOP_LOSS_FILLED,0.004535,,,2026-03-31T23:40:13+00:00,2026-04-01T05:10:03+00:00,,missing_exit_fill
2026-04-01,acc01,4,BULLAUSDT,24.7,1,88d759ae-e0e9-4925-8b47-0141171375ba,2026-03-31,2026-03-31T23:40:13+00:00,2026-04-01T07:40:13+08:00,1,1421,CLOSED_SL,STOP_LOSS_FILLED,0.00614,,,2026-03-31T23:40:14+00:00,2026-04-02T04:07:04+00:00,,missing_exit_fill
2026-04-01,acc01,5,STABLEUSDT,22.66,1,88d759ae-e0e9-4925-8b47-0141171375ba,2026-03-31,2026-03-31T23:40:13+00:00,2026-04-01T07:40:13+08:00,1,1424,CLOSED_SL,STOP_LOSS_FILLED,0.0295942722784,,,2026-03-31T23:40:14+00:00,2026-04-01T10:38:04+00:00,,missing_exit_fill
2026-04-01,acc01,6,SKLUSDT,22.45,1,88d759ae-e0e9-4925-8b47-0141171375ba,2026-03-31,2026-03-31T23:40:13+00:00,2026-04-01T07:40:13+08:00,1,1427,CLOSED_SL,STOP_LOSS_FILLED,0.00709,,0.00714,2026-03-31T23:40:14+00:00,2026-04-02T00:02:04+00:00,-0.705218617771505,entry_to_exit_fill
2026-04-01,acc01,7,AIOTUSDT,21.59,1,88d759ae-e0e9-4925-8b47-0141171375ba,2026-03-31,2026-03-31T23:40:13+00:00,2026-04-01T07:40:13+08:00,1,1430,CLOSED_SL,STOP_LOSS_FILLED,0.01283,,,2026-03-31T23:40:14+00:00,2026-04-01T06:19:04+00:00,,missing_exit_fill
2026-04-01,acc01,8,MOVRUSDT,21.54,1,88d759ae-e0e9-4925-8b47-0141171375ba,2026-03-31,2026-03-31T23:40:13+00:00,2026-04-01T07:40:13+08:00,1,1433,CLOSED_SL,STOP_LOSS_FILLED,1.279,,,2026-03-31T23:40:14+00:00,2026-04-01T06:31:04+00:00,,missing_exit_fill
2026-04-01,acc01,9,EDGEUSDT,20.42,1,88d759ae-e0e9-4925-8b47-0141171375ba,2026-03-31,2026-03-31T23:40:13+00:00,2026-04-01T07:40:13+08:00,1,1435,CLOSED_SL,STOP_LOSS_FILLED,0.6588082872928,,,2026-03-31T23:40:14+00:00,2026-04-01T07:58:04+00:00,,missing_exit_fill
2026-04-01,acc01,10,龙虾USDT,19.88,1,88d759ae-e0e9-4925-8b47-0141171375ba,2026-03-31,2026-03-31T23:40:13+00:00,2026-04-01T07:40:13+08:00,1,1438,CLOSED_SL,STOP_LOSS_FILLED,0.0082553953101,,,2026-03-31T23:40:14+00:00,2026-04-02T00:04:04+00:00,,missing_exit_fill
2026-04-01,acc02,1,KERNELUSDT,37.15,1,04fd9e3b-f44f-4e82-9209-402b7301dc65,2026-03-31,2026-03-31T23:45:00+00:00,2026-04-01T07:45:00+08:00,1,1439,CLOSED_SL,STOP_LOSS_FILLED,0.1029237335835,,,2026-03-31T23:45:31+00:00,2026-04-01T12:20:04+00:00,,missing_exit_fill
2026-04-01,acc02,2,STOUSDT,35.34,1,04fd9e3b-f44f-4e82-9209-402b7301dc65,2026-03-31,2026-03-31T23:45:00+00:00,2026-04-01T07:45:00+08:00,1,1440,CLOSED_SL,STOP_LOSS_FILLED,0.20502,,,2026-03-31T23:46:01+00:00,2026-04-01T05:58:03+00:00,,missing_exit_fill
2026-04-01,acc02,3,NOMUSDT,27.94,1,04fd9e3b-f44f-4e82-9209-402b7301dc65,2026-03-31,2026-03-31T23:45:00+00:00,2026-04-01T07:45:00+08:00,1,1441,CLOSED_SL,STOP_LOSS_FILLED,0.004527,,,2026-03-31T23:46:31+00:00,2026-04-01T05:10:03+00:00,,missing_exit_fill
2026-04-01,acc02,4,BULLAUSDT,24.7,1,04fd9e3b-f44f-4e82-9209-402b7301dc65,2026-03-31,2026-03-31T23:45:00+00:00,2026-04-01T07:45:00+08:00,1,1442,CLOSED_SL,STOP_LOSS_FILLED,0.00609,,,2026-03-31T23:47:01+00:00,2026-04-02T04:07:04+00:00,,missing_exit_fill
2026-04-01,acc02,5,STABLEUSDT,22.66,1,04fd9e3b-f44f-4e82-9209-402b7301dc65,2026-03-31,2026-03-31T23:45:00+00:00,2026-04-01T07:45:00+08:00,1,1443,CLOSED_SL,STOP_LOSS_FILLED,0.028673,,,2026-03-31T23:47:31+00:00,2026-04-01T10:36:04+00:00,,missing_exit_fill
2026-04-01,acc02,6,SKLUSDT,22.45,1,04fd9e3b-f44f-4e82-9209-402b7301dc65,2026-03-31,2026-03-31T23:45:00+00:00,2026-04-01T07:45:00+08:00,1,1444,CLOSED_SL,STOP_LOSS_FILLED,0.00711,,0.00713,2026-03-31T23:48:01+00:00,2026-04-02T00:02:04+00:00,-0.2812939521800289,entry_to_exit_fill
2026-04-01,acc02,7,AIOTUSDT,21.59,1,04fd9e3b-f44f-4e82-9209-402b7301dc65,2026-03-31,2026-03-31T23:45:00+00:00,2026-04-01T07:45:00+08:00,1,1445,CLOSED_SL,STOP_LOSS_FILLED,0.0126614197746,,,2026-03-31T23:48:31+00:00,2026-04-01T06:19:04+00:00,,missing_exit_fill
2026-04-01,acc02,8,MOVRUSDT,21.54,1,04fd9e3b-f44f-4e82-9209-402b7301dc65,2026-03-31,2026-03-31T23:45:00+00:00,2026-04-01T07:45:00+08:00,1,1446,CLOSED_SL,STOP_LOSS_FILLED,1.279,,,2026-03-31T23:49:01+00:00,2026-04-01T06:31:04+00:00,,missing_exit_fill
2026-04-01,acc02,9,EDGEUSDT,20.42,1,04fd9e3b-f44f-4e82-9209-402b7301dc65,2026-03-31,2026-03-31T23:45:00+00:00,2026-04-01T07:45:00+08:00,1,1447,CLOSED_SL,STOP_LOSS_FILLED,0.6578,,,2026-03-31T23:49:31+00:00,2026-04-01T07:58:04+00:00,,missing_exit_fill
2026-04-01,acc02,10,龙虾USDT,19.88,1,04fd9e3b-f44f-4e82-9209-402b7301dc65,2026-03-31,2026-03-31T23:45:00+00:00,2026-04-01T07:45:00+08:00,1,1448,CLOSED_SL,STOP_LOSS_FILLED,0.0082971789434,,,2026-03-31T23:50:01+00:00,2026-04-02T00:04:04+00:00,,missing_exit_fill
2026-04-01,acc03,1,KERNELUSDT,37.15,1,31dd7a73-bc1f-412a-8485-43d7de2671be,2026-03-31,2026-03-31T23:40:13+00:00,2026-04-01T07:40:13+08:00,1,1409,CLOSED_SL,STOP_LOSS_FILLED,0.10328,,,2026-03-31T23:40:13+00:00,2026-04-01T12:20:04+00:00,,missing_exit_fill
2026-04-01,acc03,2,STOUSDT,35.34,1,31dd7a73-bc1f-412a-8485-43d7de2671be,2026-03-31,2026-03-31T23:40:13+00:00,2026-04-01T07:40:13+08:00,1,1411,CLOSED_SL,STOP_LOSS_FILLED,0.20385,,,2026-03-31T23:40:13+00:00,2026-04-01T05:58:03+00:00,,missing_exit_fill
2026-04-01,acc03,3,NOMUSDT,27.94,1,31dd7a73-bc1f-412a-8485-43d7de2671be,2026-03-31,2026-03-31T23:40:13+00:00,2026-04-01T07:40:13+08:00,1,1414,CLOSED_SL,STOP_LOSS_FILLED,0.004536,,,2026-03-31T23:40:13+00:00,2026-04-01T05:10:03+00:00,,missing_exit_fill
2026-04-01,acc03,4,BULLAUSDT,24.7,1,31dd7a73-bc1f-412a-8485-43d7de2671be,2026-03-31,2026-03-31T23:40:13+00:00,2026-04-01T07:40:13+08:00,1,1417,CLOSED_SL,STOP_LOSS_FILLED,0.00614,,,2026-03-31T23:40:13+00:00,2026-04-02T04:07:04+00:00,,missing_exit_fill
2026-04-01,acc03,5,STABLEUSDT,22.66,1,31dd7a73-bc1f-412a-8485-43d7de2671be,2026-03-31,2026-03-31T23:40:13+00:00,2026-04-01T07:40:13+08:00,1,1420,CLOSED_SL,STOP_LOSS_FILLED,0.0296205748939,,,2026-03-31T23:40:13+00:00,2026-04-01T10:38:04+00:00,,missing_exit_fill
2026-04-01,acc03,6,SKLUSDT,22.45,1,31dd7a73-bc1f-412a-8485-43d7de2671be,2026-03-31,2026-03-31T23:40:13+00:00,2026-04-01T07:40:13+08:00,1,1423,CLOSED_SL,STOP_LOSS_FILLED,0.00709,,0.007139999999999999,2026-03-31T23:40:14+00:00,2026-04-02T00:02:04+00:00,-0.7052186177714926,entry_to_exit_fill
2026-04-01,acc03,7,AIOTUSDT,21.59,1,31dd7a73-bc1f-412a-8485-43d7de2671be,2026-03-31,2026-03-31T23:40:13+00:00,2026-04-01T07:40:13+08:00,1,1426,CLOSED_SL,STOP_LOSS_FILLED,0.01284,,,2026-03-31T23:40:14+00:00,2026-04-01T06:19:04+00:00,,missing_exit_fill
2026-04-01,acc03,8,MOVRUSDT,21.54,1,31dd7a73-bc1f-412a-8485-43d7de2671be,2026-03-31,2026-03-31T23:40:13+00:00,2026-04-01T07:40:13+08:00,1,1429,CLOSED_SL,STOP_LOSS_FILLED,1.279,,,2026-03-31T23:40:14+00:00,2026-04-01T06:31:04+00:00,,missing_exit_fill
2026-04-01,acc03,9,EDGEUSDT,20.42,1,31dd7a73-bc1f-412a-8485-43d7de2671be,2026-03-31,2026-03-31T23:40:13+00:00,2026-04-01T07:40:13+08:00,1,1432,CLOSED_SL,STOP_LOSS_FILLED,0.6590076923077,,,2026-03-31T23:40:14+00:00,2026-04-01T07:58:04+00:00,,missing_exit_fill
2026-04-01,acc03,10,龙虾USDT,19.88,1,31dd7a73-bc1f-412a-8485-43d7de2671be,2026-03-31,2026-03-31T23:40:13+00:00,2026-04-01T07:40:13+08:00,1,1436,CLOSED_SL,STOP_LOSS_FILLED,0.008268646728,,,2026-03-31T23:40:14+00:00,2026-04-02T00:04:04+00:00,,missing_exit_fill
2026-04-01,acc04,1,KERNELUSDT,37.15,1,bccc58c4-2e5c-4fc8-a936-f0f32019eccf,2026-03-31,2026-03-31T23:40:13+00:00,2026-04-01T07:40:13+08:00,1,1410,CLOSED_SL,STOP_LOSS_FILLED,0.10328,,,2026-03-31T23:40:13+00:00,2026-04-01T12:20:04+00:00,,missing_exit_fill
2026-04-01,acc04,2,STOUSDT,35.34,1,bccc58c4-2e5c-4fc8-a936-f0f32019eccf,2026-03-31,2026-03-31T23:40:13+00:00,2026-04-01T07:40:13+08:00,1,1412,CLOSED_SL,STOP_LOSS_FILLED,0.2038418499127,,,2026-03-31T23:40:13+00:00,2026-04-01T05:58:04+00:00,,missing_exit_fill
2026-04-01,acc04,3,NOMUSDT,27.94,1,bccc58c4-2e5c-4fc8-a936-f0f32019eccf,2026-03-31,2026-03-31T23:40:13+00:00,2026-04-01T07:40:13+08:00,1,1416,CLOSED_SL,STOP_LOSS_FILLED,0.004536,,,2026-03-31T23:40:13+00:00,2026-04-01T05:10:04+00:00,,missing_exit_fill
2026-04-01,acc04,4,BULLAUSDT,24.7,1,bccc58c4-2e5c-4fc8-a936-f0f32019eccf,2026-03-31,2026-03-31T23:40:13+00:00,2026-04-01T07:40:13+08:00,1,1419,CLOSED_SL,STOP_LOSS_FILLED,0.00614,,,2026-03-31T23:40:13+00:00,2026-04-02T04:07:04+00:00,,missing_exit_fill
2026-04-01,acc04,5,STABLEUSDT,22.66,1,bccc58c4-2e5c-4fc8-a936-f0f32019eccf,2026-03-31,2026-03-31T23:40:13+00:00,2026-04-01T07:40:13+08:00,1,1422,CLOSED_SL,STOP_LOSS_FILLED,0.0296041691176,,,2026-03-31T23:40:14+00:00,2026-04-01T10:38:04+00:00,,missing_exit_fill
2026-04-01,acc04,6,SKLUSDT,22.45,1,bccc58c4-2e5c-4fc8-a936-f0f32019eccf,2026-03-31,2026-03-31T23:40:13+00:00,2026-04-01T07:40:13+08:00,1,1425,CLOSED_SL,STOP_LOSS_FILLED,0.00709,,0.00714,2026-03-31T23:40:14+00:00,2026-04-02T00:02:05+00:00,-0.705218617771505,entry_to_exit_fill
2026-04-01,acc04,7,AIOTUSDT,21.59,1,bccc58c4-2e5c-4fc8-a936-f0f32019eccf,2026-03-31,2026-03-31T23:40:13+00:00,2026-04-01T07:40:13+08:00,1,1428,CLOSED_SL,STOP_LOSS_FILLED,0.01283,,,2026-03-31T23:40:14+00:00,2026-04-01T06:19:04+00:00,,missing_exit_fill
2026-04-01,acc04,8,MOVRUSDT,21.54,1,bccc58c4-2e5c-4fc8-a936-f0f32019eccf,2026-03-31,2026-03-31T23:40:13+00:00,2026-04-01T07:40:13+08:00,1,1431,CLOSED_SL,STOP_LOSS_FILLED,1.279,,,2026-03-31T23:40:14+00:00,2026-04-01T06:31:04+00:00,,missing_exit_fill
2026-04-01,acc04,9,EDGEUSDT,20.42,1,bccc58c4-2e5c-4fc8-a936-f0f32019eccf,2026-03-31,2026-03-31T23:40:13+00:00,2026-04-01T07:40:13+08:00,1,1434,CLOSED_SL,STOP_LOSS_FILLED,0.658978409091,,,2026-03-31T23:40:14+00:00,2026-04-01T07:58:04+00:00,,missing_exit_fill
2026-04-01,acc04,10,龙虾USDT,19.88,1,bccc58c4-2e5c-4fc8-a936-f0f32019eccf,2026-03-31,2026-03-31T23:40:13+00:00,2026-04-01T07:40:13+08:00,1,1437,CLOSED_SL,STOP_LOSS_FILLED,0.0082610474528,,,2026-03-31T23:40:14+00:00,2026-04-02T00:04:04+00:00,,missing_exit_fill
2026-04-02,acc01,1,STOUSDT,129.84,1,36861480-0a56-415d-8594-67c54a225d87,2026-04-01,2026-04-01T23:40:13+00:00,2026-04-02T07:40:13+08:00,1,1449,CLOSED_SL,STOP_LOSS_FILLED,0.4553127642276,,,2026-04-01T23:40:13+00:00,2026-04-02T05:12:04+00:00,,missing_exit_fill
2026-04-02,acc01,2,DUSDT,111.73,1,36861480-0a56-415d-8594-67c54a225d87,2026-04-01,2026-04-01T23:40:13+00:00,2026-04-02T07:40:13+08:00,1,1452,CLOSED_EXTERNAL,SHORT_POSITION_NOT_FOUND,0.013944,,,2026-04-01T23:40:14+00:00,2026-04-02T06:59:04+00:00,,missing_exit_fill
2026-04-02,acc01,3,BANKUSDT,42.74,1,36861480-0a56-415d-8594-67c54a225d87,2026-04-01,2026-04-01T23:40:13+00:00,2026-04-02T07:40:13+08:00,1,1455,CLOSED_EXTERNAL,SHORT_POSITION_NOT_FOUND,0.05599,,,2026-04-01T23:40:14+00:00,2026-04-02T04:59:04+00:00,,missing_exit_fill
2026-04-02,acc01,4,NOMUSDT,37.52,1,36861480-0a56-415d-8594-67c54a225d87,2026-04-01,2026-04-01T23:40:13+00:00,2026-04-02T07:40:13+08:00,1,1457,CLOSED_SL,STOP_LOSS_FILLED,0.006107,,,2026-04-01T23:40:14+00:00,2026-04-02T04:13:04+00:00,,missing_exit_fill
2026-04-02,acc01,5,TAGUSDT,35.71,1,36861480-0a56-415d-8594-67c54a225d87,2026-04-01,2026-04-01T23:40:13+00:00,2026-04-02T07:40:13+08:00,1,1459,CLOSED_EXTERNAL,SHORT_POSITION_NOT_FOUND,0.0007568,,,2026-04-01T23:40:14+00:00,2026-04-02T18:35:52+00:00,,missing_exit_fill
2026-04-02,acc01,6,ONTUSDT,34.34,1,36861480-0a56-415d-8594-67c54a225d87,2026-04-01,2026-04-01T23:40:13+00:00,2026-04-02T07:40:13+08:00,1,1462,CLOSED_SL,STOP_LOSS_FILLED,0.1108,,,2026-04-01T23:40:14+00:00,2026-04-02T07:07:04+00:00,,missing_exit_fill
2026-04-02,acc01,7,GWEIUSDT,31.9,1,36861480-0a56-415d-8594-67c54a225d87,2026-04-01,2026-04-01T23:40:13+00:00,2026-04-02T07:40:13+08:00,1,1465,CLOSED_SL,STOP_LOSS_FILLED,0.0564006055,,,2026-04-01T23:40:14+00:00,2026-04-02T05:43:05+00:00,,missing_exit_fill
2026-04-02,acc01,8,BLURUSDT,29.83,1,36861480-0a56-415d-8594-67c54a225d87,2026-04-01,2026-04-01T23:40:13+00:00,2026-04-02T07:40:13+08:00,1,1468,CLOSED_EXTERNAL,SHORT_POSITION_NOT_FOUND,0.0220321712223,0.0196,,2026-04-01T23:40:14+00:00,2026-04-03T00:02:03+00:00,,missing_exit_fill
2026-04-02,acc01,9,GUAUSDT,25.32,1,36861480-0a56-415d-8594-67c54a225d87,2026-04-01,2026-04-01T23:40:13+00:00,2026-04-02T07:40:13+08:00,1,1471,CLOSED_EXTERNAL,SHORT_POSITION_NOT_FOUND,0.4797346808511,,,2026-04-01T23:40:14+00:00,2026-04-03T00:18:03+00:00,,missing_exit_fill
2026-04-02,acc01,10,ARIAUSDT,24.28,1,36861480-0a56-415d-8594-67c54a225d87,2026-04-01,2026-04-01T23:40:13+00:00,2026-04-02T07:40:13+08:00,1,1473,CLOSED_SL,STOP_LOSS_FILLED,0.4171795539033,,,2026-04-01T23:40:14+00:00,2026-04-02T05:09:04+00:00,,missing_exit_fill
2026-04-02,acc02,1,STOUSDT,129.84,1,557d0360-a422-4844-8b02-0d6b20ae748f,2026-04-01,2026-04-01T23:45:00+00:00,2026-04-02T07:45:00+08:00,1,1479,CLOSED_SL,STOP_LOSS_FILLED,0.44855,,,2026-04-01T23:45:31+00:00,2026-04-02T02:51:04+00:00,,missing_exit_fill
2026-04-02,acc02,2,DUSDT,111.73,1,557d0360-a422-4844-8b02-0d6b20ae748f,2026-04-01,2026-04-01T23:45:00+00:00,2026-04-02T07:45:00+08:00,1,1480,CLOSED_EXTERNAL,SHORT_POSITION_NOT_FOUND,0.0137055239183,,,2026-04-01T23:46:02+00:00,2026-04-02T10:59:04+00:00,,missing_exit_fill
2026-04-02,acc02,3,BANKUSDT,42.74,1,557d0360-a422-4844-8b02-0d6b20ae748f,2026-04-01,2026-04-01T23:45:00+00:00,2026-04-02T07:45:00+08:00,1,1481,CLOSED_EXTERNAL,SHORT_POSITION_NOT_FOUND,0.0569,,,2026-04-01T23:46:32+00:00,2026-04-02T04:59:04+00:00,,missing_exit_fill
2026-04-02,acc02,4,NOMUSDT,37.52,1,557d0360-a422-4844-8b02-0d6b20ae748f,2026-04-01,2026-04-01T23:45:00+00:00,2026-04-02T07:45:00+08:00,1,1482,CLOSED_SL,STOP_LOSS_FILLED,0.005961,,,2026-04-01T23:47:02+00:00,2026-04-02T04:13:04+00:00,,missing_exit_fill
2026-04-02,acc02,5,TAGUSDT,35.71,1,557d0360-a422-4844-8b02-0d6b20ae748f,2026-04-01,2026-04-01T23:45:00+00:00,2026-04-02T07:45:00+08:00,1,1483,CLOSED_EXTERNAL,SHORT_POSITION_NOT_FOUND,0.0007547,,,2026-04-01T23:47:32+00:00,2026-04-02T18:35:52+00:00,,missing_exit_fill
2026-04-02,acc02,6,ONTUSDT,34.34,1,557d0360-a422-4844-8b02-0d6b20ae748f,2026-04-01,2026-04-01T23:45:00+00:00,2026-04-02T07:45:00+08:00,1,1484,CLOSED_SL,STOP_LOSS_FILLED,0.111,,,2026-04-01T23:48:02+00:00,2026-04-02T07:07:04+00:00,,missing_exit_fill
2026-04-02,acc02,7,GWEIUSDT,31.9,1,557d0360-a422-4844-8b02-0d6b20ae748f,2026-04-01,2026-04-01T23:45:00+00:00,2026-04-02T07:45:00+08:00,1,1485,CLOSED_SL,STOP_LOSS_FILLED,0.056522,,,2026-04-01T23:48:32+00:00,2026-04-02T05:43:05+00:00,,missing_exit_fill
2026-04-02,acc02,8,BLURUSDT,29.83,1,557d0360-a422-4844-8b02-0d6b20ae748f,2026-04-01,2026-04-01T23:45:00+00:00,2026-04-02T07:45:00+08:00,1,1486,CLOSED_EXTERNAL,SHORT_POSITION_NOT_FOUND,0.0219985282108,0.01964,,2026-04-01T23:49:02+00:00,2026-04-03T00:02:03+00:00,,missing_exit_fill
2026-04-02,acc02,9,GUAUSDT,25.32,1,557d0360-a422-4844-8b02-0d6b20ae748f,2026-04-01,2026-04-01T23:45:00+00:00,2026-04-02T07:45:00+08:00,1,1487,CLOSED_EXTERNAL,SHORT_POSITION_NOT_FOUND,0.4761814814815,,,2026-04-01T23:49:32+00:00,2026-04-03T00:18:03+00:00,,missing_exit_fill
2026-04-02,acc02,10,ARIAUSDT,24.28,1,557d0360-a422-4844-8b02-0d6b20ae748f,2026-04-01,2026-04-01T23:45:00+00:00,2026-04-02T07:45:00+08:00,1,1488,CLOSED_SL,STOP_LOSS_FILLED,0.4131452016129,,,2026-04-01T23:50:02+00:00,2026-04-02T05:09:04+00:00,,missing_exit_fill
2026-04-02,acc03,1,STOUSDT,129.84,1,bb0b0480-f89c-402e-ba99-572c799c2b75,2026-04-01,2026-04-01T23:40:13+00:00,2026-04-02T07:40:13+08:00,1,1450,CLOSED_SL,STOP_LOSS_FILLED,0.45542,,,2026-04-01T23:40:14+00:00,2026-04-02T05:12:04+00:00,,missing_exit_fill
2026-04-02,acc03,2,DUSDT,111.73,1,bb0b0480-f89c-402e-ba99-572c799c2b75,2026-04-01,2026-04-01T23:40:13+00:00,2026-04-02T07:40:13+08:00,1,1453,CLOSED_EXTERNAL,SHORT_POSITION_NOT_FOUND,0.0139342212999,,,2026-04-01T23:40:14+00:00,2026-04-02T06:59:04+00:00,,missing_exit_fill
2026-04-02,acc03,3,BANKUSDT,42.74,1,bb0b0480-f89c-402e-ba99-572c799c2b75,2026-04-01,2026-04-01T23:40:13+00:00,2026-04-02T07:40:13+08:00,1,1456,CLOSED_EXTERNAL,SHORT_POSITION_NOT_FOUND,0.0559813560698,,,2026-04-01T23:40:14+00:00,2026-04-02T04:59:04+00:00,,missing_exit_fill
2026-04-02,acc03,4,NOMUSDT,37.52,1,bb0b0480-f89c-402e-ba99-572c799c2b75,2026-04-01,2026-04-01T23:40:13+00:00,2026-04-02T07:40:13+08:00,1,1460,CLOSED_SL,STOP_LOSS_FILLED,0.00611,,,2026-04-01T23:40:14+00:00,2026-04-02T04:13:04+00:00,,missing_exit_fill
2026-04-02,acc03,5,TAGUSDT,35.71,1,bb0b0480-f89c-402e-ba99-572c799c2b75,2026-04-01,2026-04-01T23:40:13+00:00,2026-04-02T07:40:13+08:00,1,1463,CLOSED_EXTERNAL,SHORT_POSITION_NOT_FOUND,0.0007568,,,2026-04-01T23:40:14+00:00,2026-04-02T18:35:52+00:00,,missing_exit_fill
2026-04-02,acc03,6,ONTUSDT,34.34,1,bb0b0480-f89c-402e-ba99-572c799c2b75,2026-04-01,2026-04-01T23:40:13+00:00,2026-04-02T07:40:13+08:00,1,1466,CLOSED_SL,STOP_LOSS_FILLED,0.1108,,,2026-04-01T23:40:14+00:00,2026-04-02T07:07:04+00:00,,missing_exit_fill
2026-04-02,acc03,7,GWEIUSDT,31.9,1,bb0b0480-f89c-402e-ba99-572c799c2b75,2026-04-01,2026-04-01T23:40:13+00:00,2026-04-02T07:40:13+08:00,1,1469,CLOSED_SL,STOP_LOSS_FILLED,0.0563435752864,,,2026-04-01T23:40:14+00:00,2026-04-02T05:43:05+00:00,,missing_exit_fill
2026-04-02,acc03,8,BLURUSDT,29.83,1,bb0b0480-f89c-402e-ba99-572c799c2b75,2026-04-01,2026-04-01T23:40:13+00:00,2026-04-02T07:40:13+08:00,1,1472,CLOSED_EXTERNAL,SHORT_POSITION_NOT_FOUND,0.0220328400619,0.0196,,2026-04-01T23:40:14+00:00,2026-04-03T00:02:03+00:00,,missing_exit_fill
2026-04-02,acc03,9,GUAUSDT,25.32,1,bb0b0480-f89c-402e-ba99-572c799c2b75,2026-04-01,2026-04-01T23:40:13+00:00,2026-04-02T07:40:13+08:00,1,1475,CLOSED_EXTERNAL,SHORT_POSITION_NOT_FOUND,0.47948,,,2026-04-01T23:40:14+00:00,2026-04-03T00:18:03+00:00,,missing_exit_fill
2026-04-02,acc03,10,ARIAUSDT,24.28,1,bb0b0480-f89c-402e-ba99-572c799c2b75,2026-04-01,2026-04-01T23:40:13+00:00,2026-04-02T07:40:13+08:00,1,1477,CLOSED_SL,STOP_LOSS_FILLED,0.4170507598785,,,2026-04-01T23:40:14+00:00,2026-04-02T05:09:04+00:00,,missing_exit_fill
2026-04-02,acc04,1,STOUSDT,129.84,1,e45b352f-fbad-4a00-b78e-7a6d8fba7203,2026-04-01,2026-04-01T23:40:13+00:00,2026-04-02T07:40:13+08:00,1,1451,CLOSED_SL,STOP_LOSS_FILLED,0.45539,,,2026-04-01T23:40:14+00:00,2026-04-02T05:12:05+00:00,,missing_exit_fill
2026-04-02,acc04,2,DUSDT,111.73,1,e45b352f-fbad-4a00-b78e-7a6d8fba7203,2026-04-01,2026-04-01T23:40:13+00:00,2026-04-02T07:40:13+08:00,1,1454,CLOSED_EXTERNAL,SHORT_POSITION_NOT_FOUND,0.013931,,,2026-04-01T23:40:14+00:00,2026-04-02T06:59:04+00:00,,missing_exit_fill
2026-04-02,acc04,3,BANKUSDT,42.74,1,e45b352f-fbad-4a00-b78e-7a6d8fba7203,2026-04-01,2026-04-01T23:40:13+00:00,2026-04-02T07:40:13+08:00,1,1458,CLOSED_EXTERNAL,SHORT_POSITION_NOT_FOUND,0.05598,,,2026-04-01T23:40:14+00:00,2026-04-02T04:59:04+00:00,,missing_exit_fill
2026-04-02,acc04,4,NOMUSDT,37.52,1,e45b352f-fbad-4a00-b78e-7a6d8fba7203,2026-04-01,2026-04-01T23:40:13+00:00,2026-04-02T07:40:13+08:00,1,1461,CLOSED_SL,STOP_LOSS_FILLED,0.00611,,,2026-04-01T23:40:14+00:00,2026-04-02T04:13:04+00:00,,missing_exit_fill
2026-04-02,acc04,5,TAGUSDT,35.71,1,e45b352f-fbad-4a00-b78e-7a6d8fba7203,2026-04-01,2026-04-01T23:40:13+00:00,2026-04-02T07:40:13+08:00,1,1464,CLOSED_EXTERNAL,SHORT_POSITION_NOT_FOUND,0.0007567262974,,,2026-04-01T23:40:14+00:00,2026-04-02T18:35:52+00:00,,missing_exit_fill
2026-04-02,acc04,6,ONTUSDT,34.34,1,e45b352f-fbad-4a00-b78e-7a6d8fba7203,2026-04-01,2026-04-01T23:40:13+00:00,2026-04-02T07:40:13+08:00,1,1467,CLOSED_SL,STOP_LOSS_FILLED,0.1108,,,2026-04-01T23:40:14+00:00,2026-04-02T07:07:05+00:00,,missing_exit_fill
2026-04-02,acc04,7,GWEIUSDT,31.9,1,e45b352f-fbad-4a00-b78e-7a6d8fba7203,2026-04-01,2026-04-01T23:40:13+00:00,2026-04-02T07:40:13+08:00,1,1470,CLOSED_SL,STOP_LOSS_FILLED,0.0563232668035,,,2026-04-01T23:40:14+00:00,2026-04-02T05:43:05+00:00,,missing_exit_fill
2026-04-02,acc04,8,BLURUSDT,29.83,1,e45b352f-fbad-4a00-b78e-7a6d8fba7203,2026-04-01,2026-04-01T23:40:13+00:00,2026-04-02T07:40:13+08:00,1,1474,CLOSED_EXTERNAL,SHORT_POSITION_NOT_FOUND,0.0220358563341,0.0196,,2026-04-01T23:40:14+00:00,2026-04-03T00:02:04+00:00,,missing_exit_fill
2026-04-02,acc04,9,GUAUSDT,25.32,1,e45b352f-fbad-4a00-b78e-7a6d8fba7203,2026-04-01,2026-04-01T23:40:13+00:00,2026-04-02T07:40:13+08:00,1,1476,CLOSED_EXTERNAL,SHORT_POSITION_NOT_FOUND,0.4794731004366,,,2026-04-01T23:40:14+00:00,2026-04-03T00:18:04+00:00,,missing_exit_fill
2026-04-02,acc04,10,ARIAUSDT,24.28,1,e45b352f-fbad-4a00-b78e-7a6d8fba7203,2026-04-01,2026-04-01T23:40:13+00:00,2026-04-02T07:40:13+08:00,1,1478,CLOSED_SL,STOP_LOSS_FILLED,0.416965,,,2026-04-01T23:40:14+00:00,2026-04-02T05:09:05+00:00,,missing_exit_fill
2026-04-03,acc01,1,AIOTUSDT,79.46,1,16b8a253-e392-4c17-ab78-d4ceffb98dc8,2026-04-02,2026-04-02T23:40:13+00:00,2026-04-03T07:40:13+08:00,1,1490,CLOSED_EXTERNAL,SHORT_POSITION_NOT_FOUND,0.0257904866955,,,2026-04-02T23:40:13+00:00,2026-04-03T00:06:03+00:00,,missing_exit_fill
2026-04-03,acc01,2,CTSIUSDT,67.11,1,16b8a253-e392-4c17-ab78-d4ceffb98dc8,2026-04-02,2026-04-02T23:40:13+00:00,2026-04-03T07:40:13+08:00,1,1492,CLOSED_EXTERNAL,SHORT_POSITION_NOT_FOUND,0.0376,,0.0392,2026-04-02T23:40:13+00:00,2026-04-03T13:12:04+00:00,-4.255319148936162,entry_to_exit_fill
2026-04-03,acc01,3,SOLVUSDT,48.35,1,16b8a253-e392-4c17-ab78-d4ceffb98dc8,2026-04-02,2026-04-02T23:40:13+00:00,2026-04-03T07:40:13+08:00,1,1495,CLOSED_EXTERNAL,SHORT_POSITION_NOT_FOUND,0.0057453514657,,,2026-04-02T23:40:13+00:00,2026-04-03T02:00:06+00:00,,missing_exit_fill
2026-04-03,acc01,4,NOMUSDT,41.13,1,16b8a253-e392-4c17-ab78-d4ceffb98dc8,2026-04-02,2026-04-02T23:40:13+00:00,2026-04-03T07:40:13+08:00,1,1497,CLOSED_EXTERNAL,SHORT_POSITION_NOT_FOUND,0.0082326174879,,0.006695,2026-04-02T23:40:13+00:00,2026-04-03T09:00:04+00:00,18.677139927367364,entry_to_exit_fill
2026-04-03,acc01,5,BRUSDT,30.83,1,16b8a253-e392-4c17-ab78-d4ceffb98dc8,2026-04-02,2026-04-02T23:40:13+00:00,2026-04-03T07:40:13+08:00,1,1500,CLOSED_EXTERNAL,SHORT_POSITION_NOT_FOUND,0.1455,,0.1428495,2026-04-02T23:40:13+00:00,2026-04-03T12:31:03+00:00,1.8216494845360827,entry_to_exit_fill
2026-04-03,acc01,6,FIDAUSDT,29.45,1,16b8a253-e392-4c17-ab78-d4ceffb98dc8,2026-04-02,2026-04-02T23:40:13+00:00,2026-04-03T07:40:13+08:00,1,1502,CLOSED_EXTERNAL,SHORT_POSITION_NOT_FOUND,0.01953,,0.01795,2026-04-02T23:40:13+00:00,2026-04-03T14:14:04+00:00,8.090117767537112,entry_to_exit_fill
2026-04-03,acc01,7,TAGUSDT,23.56,1,16b8a253-e392-4c17-ab78-d4ceffb98dc8,2026-04-02,2026-04-02T23:40:13+00:00,2026-04-03T07:40:13+08:00,1,1505,CLOSED_EXTERNAL,SHORT_POSITION_NOT_FOUND,0.0009379358535,,,2026-04-02T23:40:13+00:00,2026-04-03T02:00:06+00:00,,missing_exit_fill
2026-04-03,acc01,8,SYNUSDT,20.02,1,16b8a253-e392-4c17-ab78-d4ceffb98dc8,2026-04-02,2026-04-02T23:40:13+00:00,2026-04-03T07:40:13+08:00,1,1508,CLOSED_EXTERNAL,SHORT_POSITION_NOT_FOUND,0.0561819298245,0.05377,0.0591008,2026-04-02T23:40:13+00:00,2026-04-04T01:28:33+00:00,-5.19538966464468,entry_to_exit_fill
2026-04-03,acc01,9,HFTUSDT,18.3,1,16b8a253-e392-4c17-ab78-d4ceffb98dc8,2026-04-02,2026-04-02T23:40:13+00:00,2026-04-03T07:40:13+08:00,1,1511,CLOSED_EXTERNAL,SHORT_POSITION_NOT_FOUND,0.0141,0.01345,0.01481,2026-04-02T23:40:13+00:00,2026-04-04T00:15:33+00:00,-5.035460992907805,entry_to_exit_fill
2026-04-03,acc01,10,AKEUSDT,18.3,1,16b8a253-e392-4c17-ab78-d4ceffb98dc8,2026-04-02,2026-04-02T23:40:13+00:00,2026-04-03T07:40:13+08:00,1,1515,CLOSED_EXTERNAL,SHORT_POSITION_NOT_FOUND,0.000250261491,0.0002522,0.0002378,2026-04-02T23:40:13+00:00,2026-04-04T00:40:33+00:00,4.979388139264294,entry_to_exit_fill
2026-04-03,acc02,1,AIOTUSDT,79.46,1,855d0fb1-18c9-4e75-a815-4a6d508aa7f0,2026-04-02,2026-04-02T23:45:00+00:00,2026-04-03T07:45:00+08:00,1,1519,CLOSED_EXTERNAL,SHORT_POSITION_NOT_FOUND,0.02967,,0.03154,2026-04-02T23:45:31+00:00,2026-04-03T01:00:07+00:00,-6.302662622177284,entry_to_exit_fill
2026-04-03,acc02,2,CTSIUSDT,67.11,1,855d0fb1-18c9-4e75-a815-4a6d508aa7f0,2026-04-02,2026-04-02T23:45:00+00:00,2026-04-03T07:45:00+08:00,1,1520,CLOSED_EXTERNAL,SHORT_POSITION_NOT_FOUND,0.0381,,0.0402,2026-04-02T23:46:01+00:00,2026-04-03T05:57:03+00:00,-5.511811023622041,entry_to_exit_fill
2026-04-03,acc02,3,SOLVUSDT,48.35,1,855d0fb1-18c9-4e75-a815-4a6d508aa7f0,2026-04-02,2026-04-02T23:45:00+00:00,2026-04-03T07:45:00+08:00,1,1521,CLOSED_EXTERNAL,SHORT_POSITION_NOT_FOUND,0.0057450529563,,,2026-04-02T23:46:31+00:00,2026-04-03T02:00:06+00:00,,missing_exit_fill
2026-04-03,acc02,4,NOMUSDT,41.13,1,855d0fb1-18c9-4e75-a815-4a6d508aa7f0,2026-04-02,2026-04-02T23:45:00+00:00,2026-04-03T07:45:00+08:00,1,1522,CLOSED_EXTERNAL,SHORT_POSITION_NOT_FOUND,0.008138,,0.0062716,2026-04-02T23:47:01+00:00,2026-04-03T05:57:03+00:00,22.934381912017695,entry_to_exit_fill
2026-04-03,acc02,5,BRUSDT,30.83,1,855d0fb1-18c9-4e75-a815-4a6d508aa7f0,2026-04-02,2026-04-02T23:45:00+00:00,2026-04-03T07:45:00+08:00,1,1523,CLOSED_EXTERNAL,SHORT_POSITION_NOT_FOUND,0.1474336834925,,0.1423004,2026-04-02T23:47:31+00:00,2026-04-03T05:57:03+00:00,3.4817576085054767,entry_to_exit_fill
2026-04-03,acc02,6,FIDAUSDT,29.45,1,855d0fb1-18c9-4e75-a815-4a6d508aa7f0,2026-04-02,2026-04-02T23:45:00+00:00,2026-04-03T07:45:00+08:00,1,1524,CLOSED_EXTERNAL,SHORT_POSITION_NOT_FOUND,0.01961,,0.01839,2026-04-02T23:48:01+00:00,2026-04-03T05:57:03+00:00,6.221315655277914,entry_to_exit_fill
2026-04-03,acc02,7,TAGUSDT,23.56,1,855d0fb1-18c9-4e75-a815-4a6d508aa7f0,2026-04-02,2026-04-02T23:45:00+00:00,2026-04-03T07:45:00+08:00,1,1525,CLOSED_EXTERNAL,SHORT_POSITION_NOT_FOUND,0.000923771475,,,2026-04-02T23:48:31+00:00,2026-04-03T02:00:06+00:00,,missing_exit_fill
2026-04-03,acc02,8,SYNUSDT,20.02,1,855d0fb1-18c9-4e75-a815-4a6d508aa7f0,2026-04-02,2026-04-02T23:45:00+00:00,2026-04-03T07:45:00+08:00,1,1526,CLOSED_EXTERNAL,SHORT_POSITION_NOT_FOUND,0.0591031036354,,0.0576928,2026-04-02T23:49:01+00:00,2026-04-03T05:57:03+00:00,2.386175257563449,entry_to_exit_fill
2026-04-03,acc02,9,HFTUSDT,18.3,1,855d0fb1-18c9-4e75-a815-4a6d508aa7f0,2026-04-02,2026-04-02T23:45:00+00:00,2026-04-03T07:45:00+08:00,1,1527,CLOSED_EXTERNAL,SHORT_POSITION_NOT_FOUND,0.01475,,0.0143285,2026-04-02T23:49:31+00:00,2026-04-03T05:57:03+00:00,2.857627118644068,entry_to_exit_fill
2026-04-03,acc02,10,AKEUSDT,18.3,1,855d0fb1-18c9-4e75-a815-4a6d508aa7f0,2026-04-02,2026-04-02T23:45:00+00:00,2026-04-03T07:45:00+08:00,1,1528,CLOSED_EXTERNAL,SHORT_POSITION_NOT_FOUND,0.0002516778309,,0.0002324,2026-04-02T23:50:01+00:00,2026-04-03T05:57:03+00:00,7.659725463725778,entry_to_exit_fill
2026-04-03,acc03,1,AIOTUSDT,79.46,1,f7bfa476-082a-4601-9405-0f616f6052f8,2026-04-02,2026-04-02T23:40:13+00:00,2026-04-03T07:40:13+08:00,1,1489,CLOSED_EXTERNAL,SHORT_POSITION_NOT_FOUND,0.025803789317,,,2026-04-02T23:40:13+00:00,2026-04-03T00:06:03+00:00,,missing_exit_fill
2026-04-03,acc03,2,CTSIUSDT,67.11,1,f7bfa476-082a-4601-9405-0f616f6052f8,2026-04-02,2026-04-02T23:40:13+00:00,2026-04-03T07:40:13+08:00,1,1491,CLOSED_EXTERNAL,SHORT_POSITION_NOT_FOUND,0.0376,,0.039099999999999996,2026-04-02T23:40:13+00:00,2026-04-03T04:27:04+00:00,-3.9893617021276446,entry_to_exit_fill
2026-04-03,acc03,3,SOLVUSDT,48.35,1,f7bfa476-082a-4601-9405-0f616f6052f8,2026-04-02,2026-04-02T23:40:13+00:00,2026-04-03T07:40:13+08:00,1,1494,CLOSED_EXTERNAL,SHORT_POSITION_NOT_FOUND,0.0057473689264,,,2026-04-02T23:40:13+00:00,2026-04-03T02:00:06+00:00,,missing_exit_fill
2026-04-03,acc03,4,NOMUSDT,41.13,1,f7bfa476-082a-4601-9405-0f616f6052f8,2026-04-02,2026-04-02T23:40:13+00:00,2026-04-03T07:40:13+08:00,1,1498,CLOSED_EXTERNAL,SHORT_POSITION_NOT_FOUND,0.008231,,0.006598,2026-04-02T23:40:13+00:00,2026-04-03T04:27:04+00:00,19.839630664560815,entry_to_exit_fill
2026-04-03,acc03,5,BRUSDT,30.83,1,f7bfa476-082a-4601-9405-0f616f6052f8,2026-04-02,2026-04-02T23:40:13+00:00,2026-04-03T07:40:13+08:00,1,1501,CLOSED_EXTERNAL,SHORT_POSITION_NOT_FOUND,0.1454883979058,,0.1430094,2026-04-02T23:40:13+00:00,2026-04-03T04:27:04+00:00,1.7039144986702572,entry_to_exit_fill
2026-04-03,acc03,6,FIDAUSDT,29.45,1,f7bfa476-082a-4601-9405-0f616f6052f8,2026-04-02,2026-04-02T23:40:13+00:00,2026-04-03T07:40:13+08:00,1,1503,CLOSED_EXTERNAL,SHORT_POSITION_NOT_FOUND,0.01953,,0.01787,2026-04-02T23:40:13+00:00,2026-04-03T04:27:04+00:00,8.499743983614943,entry_to_exit_fill
2026-04-03,acc03,7,TAGUSDT,23.56,1,f7bfa476-082a-4601-9405-0f616f6052f8,2026-04-02,2026-04-02T23:40:13+00:00,2026-04-03T07:40:13+08:00,1,1506,CLOSED_EXTERNAL,SHORT_POSITION_NOT_FOUND,0.0009378961494,,,2026-04-02T23:40:13+00:00,2026-04-03T02:00:06+00:00,,missing_exit_fill
2026-04-03,acc03,8,SYNUSDT,20.02,1,f7bfa476-082a-4601-9405-0f616f6052f8,2026-04-02,2026-04-02T23:40:13+00:00,2026-04-03T07:40:13+08:00,1,1509,CLOSED_EXTERNAL,SHORT_POSITION_NOT_FOUND,0.05811,,0.06031,2026-04-02T23:40:13+00:00,2026-04-03T04:27:04+00:00,-3.7859232490104984,entry_to_exit_fill
2026-04-03,acc03,9,HFTUSDT,18.3,1,f7bfa476-082a-4601-9405-0f616f6052f8,2026-04-02,2026-04-02T23:40:13+00:00,2026-04-03T07:40:13+08:00,1,1512,CLOSED_EXTERNAL,SHORT_POSITION_NOT_FOUND,0.01462,,0.014709999999999999,2026-04-02T23:40:13+00:00,2026-04-03T04:27:04+00:00,-0.6155950752393968,entry_to_exit_fill
2026-04-03,acc03,10,AKEUSDT,18.3,1,f7bfa476-082a-4601-9405-0f616f6052f8,2026-04-02,2026-04-02T23:40:13+00:00,2026-04-03T07:40:13+08:00,1,1514,CLOSED_EXTERNAL,SHORT_POSITION_NOT_FOUND,0.0002484537081,,0.00023730000000000002,2026-04-02T23:40:13+00:00,2026-04-03T04:27:04+00:00,4.489250003671001,entry_to_exit_fill
2026-04-03,acc04,1,AIOTUSDT,79.46,1,8d41622a-9350-47db-8df2-b3d3e95c352a,2026-04-02,2026-04-02T23:40:13+00:00,2026-04-03T07:40:13+08:00,1,1493,CLOSED_EXTERNAL,SHORT_POSITION_NOT_FOUND,0.0257854281703,,,2026-04-02T23:40:13+00:00,2026-04-03T00:06:04+00:00,,missing_exit_fill
2026-04-03,acc04,2,CTSIUSDT,67.11,1,8d41622a-9350-47db-8df2-b3d3e95c352a,2026-04-02,2026-04-02T23:40:13+00:00,2026-04-03T07:40:13+08:00,1,1496,CLOSED_EXTERNAL,SHORT_POSITION_NOT_FOUND,0.0376,,,2026-04-02T23:40:13+00:00,2026-04-03T13:12:04+00:00,,missing_exit_fill
2026-04-03,acc04,3,SOLVUSDT,48.35,1,8d41622a-9350-47db-8df2-b3d3e95c352a,2026-04-02,2026-04-02T23:40:13+00:00,2026-04-03T07:40:13+08:00,1,1499,CLOSED_EXTERNAL,SHORT_POSITION_NOT_FOUND,0.0057439420785,,,2026-04-02T23:40:13+00:00,2026-04-03T02:00:06+00:00,,missing_exit_fill
2026-04-03,acc04,4,NOMUSDT,41.13,1,8d41622a-9350-47db-8df2-b3d3e95c352a,2026-04-02,2026-04-02T23:40:13+00:00,2026-04-03T07:40:13+08:00,1,1504,CLOSED_EXTERNAL,SHORT_POSITION_NOT_FOUND,0.008234,,,2026-04-02T23:40:13+00:00,2026-04-03T09:00:04+00:00,,missing_exit_fill
2026-04-03,acc04,5,BRUSDT,30.83,1,8d41622a-9350-47db-8df2-b3d3e95c352a,2026-04-02,2026-04-02T23:40:13+00:00,2026-04-03T07:40:13+08:00,1,1507,CLOSED_EXTERNAL,SHORT_POSITION_NOT_FOUND,0.14546,,,2026-04-02T23:40:13+00:00,2026-04-03T12:31:04+00:00,,missing_exit_fill
2026-04-03,acc04,6,FIDAUSDT,29.45,1,8d41622a-9350-47db-8df2-b3d3e95c352a,2026-04-02,2026-04-02T23:40:13+00:00,2026-04-03T07:40:13+08:00,1,1510,CLOSED_EXTERNAL,SHORT_POSITION_NOT_FOUND,0.01953,,,2026-04-02T23:40:13+00:00,2026-04-03T14:14:04+00:00,,missing_exit_fill
2026-04-03,acc04,7,TAGUSDT,23.56,1,8d41622a-9350-47db-8df2-b3d3e95c352a,2026-04-02,2026-04-02T23:40:13+00:00,2026-04-03T07:40:13+08:00,1,1513,CLOSED_EXTERNAL,SHORT_POSITION_NOT_FOUND,0.0009377,,,2026-04-02T23:40:13+00:00,2026-04-03T02:00:07+00:00,,missing_exit_fill
2026-04-03,acc04,8,SYNUSDT,20.02,1,8d41622a-9350-47db-8df2-b3d3e95c352a,2026-04-02,2026-04-02T23:40:13+00:00,2026-04-03T07:40:13+08:00,1,1516,CLOSED_EXTERNAL,SHORT_POSITION_NOT_FOUND,0.05806,,0.05379,2026-04-02T23:40:13+00:00,2026-04-04T01:28:34+00:00,7.354460902514645,entry_to_exit_fill
2026-04-03,acc04,9,HFTUSDT,18.3,1,8d41622a-9350-47db-8df2-b3d3e95c352a,2026-04-02,2026-04-02T23:40:13+00:00,2026-04-03T07:40:13+08:00,1,1517,CLOSED_EXTERNAL,SHORT_POSITION_NOT_FOUND,0.01462,,0.01347,2026-04-02T23:40:13+00:00,2026-04-04T00:15:33+00:00,7.865937072503421,entry_to_exit_fill
2026-04-03,acc04,10,AKEUSDT,18.3,1,8d41622a-9350-47db-8df2-b3d3e95c352a,2026-04-02,2026-04-02T23:40:13+00:00,2026-04-03T07:40:13+08:00,1,1518,CLOSED_EXTERNAL,SHORT_POSITION_NOT_FOUND,0.000248383637,,0.0002524,2026-04-02T23:40:13+00:00,2026-04-04T00:40:34+00:00,-1.6169998348160037,entry_to_exit_fill
2026-04-04,acc01,1,ONGUSDT,46.23,1,ef30a8e5-b787-4b91-b19a-bdf2e4e7c2d2,2026-04-03,2026-04-03T23:40:13+00:00,2026-04-04T07:40:13+08:00,1,1531,CLOSED_EXTERNAL,SHORT_POSITION_NOT_FOUND,0.09632,,,2026-04-03T23:40:13+00:00,2026-04-05T00:03:33+00:00,,missing_exit_fill
2026-04-04,acc01,2,EDGEUSDT,45.26,1,ef30a8e5-b787-4b91-b19a-bdf2e4e7c2d2,2026-04-03,2026-04-03T23:40:13+00:00,2026-04-04T07:40:13+08:00,1,1533,CLOSED_EXTERNAL,SHORT_POSITION_NOT_FOUND,1.1344,,,2026-04-03T23:40:13+00:00,2026-04-04T17:00:33+00:00,,missing_exit_fill
2026-04-04,acc01,3,DUSDT,42.43,1,ef30a8e5-b787-4b91-b19a-bdf2e4e7c2d2,2026-04-03,2026-04-03T23:40:13+00:00,2026-04-04T07:40:13+08:00,1,1535,CLOSED_EXTERNAL,SHORT_POSITION_NOT_FOUND,0.0119011242105,,,2026-04-03T23:40:13+00:00,2026-04-04T04:38:32+00:00,,missing_exit_fill
2026-04-04,acc01,4,PUFFERUSDT,27.73,1,ef30a8e5-b787-4b91-b19a-bdf2e4e7c2d2,2026-04-03,2026-04-03T23:40:13+00:00,2026-04-04T07:40:13+08:00,1,1536,CLOSED_EXTERNAL,SHORT_POSITION_NOT_FOUND,0.03275,,,2026-04-03T23:40:13+00:00,2026-04-04T05:01:33+00:00,,missing_exit_fill
2026-04-04,acc01,5,CUSDT,24.57,1,ef30a8e5-b787-4b91-b19a-bdf2e4e7c2d2,2026-04-03,2026-04-03T23:40:13+00:00,2026-04-04T07:40:13+08:00,1,1538,CLOSED_EXTERNAL,SHORT_POSITION_NOT_FOUND,0.0821811622641,0.07943,,2026-04-03T23:40:13+00:00,2026-04-05T00:02:33+00:00,,missing_exit_fill
2026-04-04,acc01,6,DAMUSDT,24.21,1,ef30a8e5-b787-4b91-b19a-bdf2e4e7c2d2,2026-04-03,2026-04-03T23:40:13+00:00,2026-04-04T07:40:13+08:00,1,1540,CLOSED_EXTERNAL,SHORT_POSITION_NOT_FOUND,0.05398,,,2026-04-03T23:40:13+00:00,2026-04-04T04:06:33+00:00,,missing_exit_fill
2026-04-04,acc01,7,ARIAUSDT,23.21,1,ef30a8e5-b787-4b91-b19a-bdf2e4e7c2d2,2026-04-03,2026-04-03T23:40:13+00:00,2026-04-04T07:40:13+08:00,1,1542,CLOSED_EXTERNAL,SHORT_POSITION_NOT_FOUND,0.55342,,,2026-04-03T23:40:13+00:00,2026-04-04T15:45:33+00:00,,missing_exit_fill
2026-04-04,acc01,8,HEMIUSDT,19.85,1,ef30a8e5-b787-4b91-b19a-bdf2e4e7c2d2,2026-04-03,2026-04-03T23:40:13+00:00,2026-04-04T07:40:13+08:00,1,1543,CLOSED_EXTERNAL,SHORT_POSITION_NOT_FOUND,0.0086050904399,,,2026-04-03T23:40:13+00:00,2026-04-04T16:14:33+00:00,,missing_exit_fill
2026-04-04,acc01,9,币安人生USDT,18.28,1,ef30a8e5-b787-4b91-b19a-bdf2e4e7c2d2,2026-04-03,2026-04-03T23:40:13+00:00,2026-04-04T07:40:13+08:00,1,1545,CLOSED_EXTERNAL,SHORT_POSITION_NOT_FOUND,0.0567308365868,,,2026-04-03T23:40:13+00:00,2026-04-04T22:15:33+00:00,,missing_exit_fill
2026-04-04,acc01,10,ALGOUSDT,15.33,1,ef30a8e5-b787-4b91-b19a-bdf2e4e7c2d2,2026-04-03,2026-04-03T23:40:13+00:00,2026-04-04T07:40:13+08:00,1,1548,CLOSED_EXTERNAL,SHORT_POSITION_NOT_FOUND,0.1226,,,2026-04-03T23:40:13+00:00,2026-04-04T04:26:33+00:00,,missing_exit_fill
2026-04-04,acc02,1,ONGUSDT,46.23,1,f9dc1f14-2338-4f5d-a749-cb68332619d6,2026-04-03,2026-04-03T23:45:00+00:00,2026-04-04T07:45:00+08:00,1,1559,CLOSED_EXTERNAL,SHORT_POSITION_NOT_FOUND,0.09489481615,,0.10054,2026-04-03T23:45:30+00:00,2026-04-05T00:03:33+00:00,-5.948885385980063,entry_to_exit_fill
2026-04-04,acc02,2,EDGEUSDT,45.26,1,f9dc1f14-2338-4f5d-a749-cb68332619d6,2026-04-03,2026-04-03T23:45:00+00:00,2026-04-04T07:45:00+08:00,1,1560,CLOSED_EXTERNAL,SHORT_POSITION_NOT_FOUND,1.1446,,,2026-04-03T23:46:00+00:00,2026-04-04T17:00:33+00:00,,missing_exit_fill
2026-04-04,acc02,3,DUSDT,42.43,1,f9dc1f14-2338-4f5d-a749-cb68332619d6,2026-04-03,2026-04-03T23:45:00+00:00,2026-04-04T07:45:00+08:00,1,1561,CLOSED_EXTERNAL,SHORT_POSITION_NOT_FOUND,0.011895,,,2026-04-03T23:46:30+00:00,2026-04-04T04:38:33+00:00,,missing_exit_fill
2026-04-04,acc02,4,PUFFERUSDT,27.73,1,f9dc1f14-2338-4f5d-a749-cb68332619d6,2026-04-03,2026-04-03T23:45:00+00:00,2026-04-04T07:45:00+08:00,1,1562,CLOSED_EXTERNAL,SHORT_POSITION_NOT_FOUND,0.0332380719035,,,2026-04-03T23:47:00+00:00,2026-04-04T05:01:33+00:00,,missing_exit_fill
2026-04-04,acc02,5,CUSDT,24.57,1,f9dc1f14-2338-4f5d-a749-cb68332619d6,2026-04-03,2026-04-03T23:45:00+00:00,2026-04-04T07:45:00+08:00,1,1563,CLOSED_EXTERNAL,SHORT_POSITION_NOT_FOUND,0.08242,,0.07949,2026-04-03T23:47:30+00:00,2026-04-05T00:02:33+00:00,3.554962387769945,entry_to_exit_fill
2026-04-04,acc02,6,DAMUSDT,24.21,1,f9dc1f14-2338-4f5d-a749-cb68332619d6,2026-04-03,2026-04-03T23:45:00+00:00,2026-04-04T07:45:00+08:00,1,1564,CLOSED_EXTERNAL,SHORT_POSITION_NOT_FOUND,0.0537644679122,,,2026-04-03T23:48:00+00:00,2026-04-04T04:06:34+00:00,,missing_exit_fill
2026-04-04,acc02,7,ARIAUSDT,23.21,1,f9dc1f14-2338-4f5d-a749-cb68332619d6,2026-04-03,2026-04-03T23:45:00+00:00,2026-04-04T07:45:00+08:00,1,1565,CLOSED_EXTERNAL,SHORT_POSITION_NOT_FOUND,0.5557194166666,,,2026-04-03T23:48:30+00:00,2026-04-04T15:45:33+00:00,,missing_exit_fill
2026-04-04,acc02,8,HEMIUSDT,19.85,1,f9dc1f14-2338-4f5d-a749-cb68332619d6,2026-04-03,2026-04-03T23:45:00+00:00,2026-04-04T07:45:00+08:00,1,1566,CLOSED_EXTERNAL,SHORT_POSITION_NOT_FOUND,0.008588,,,2026-04-03T23:49:00+00:00,2026-04-04T16:14:33+00:00,,missing_exit_fill
2026-04-04,acc02,9,币安人生USDT,18.28,1,f9dc1f14-2338-4f5d-a749-cb68332619d6,2026-04-03,2026-04-03T23:45:00+00:00,2026-04-04T07:45:00+08:00,1,1567,CLOSED_EXTERNAL,SHORT_POSITION_NOT_FOUND,0.056227037824,,,2026-04-03T23:49:30+00:00,2026-04-04T22:15:33+00:00,,missing_exit_fill
2026-04-04,acc02,10,ALGOUSDT,15.33,1,f9dc1f14-2338-4f5d-a749-cb68332619d6,2026-04-03,2026-04-03T23:45:00+00:00,2026-04-04T07:45:00+08:00,1,1568,CLOSED_EXTERNAL,SHORT_POSITION_NOT_FOUND,0.1226,,,2026-04-03T23:50:31+00:00,2026-04-04T04:26:33+00:00,,missing_exit_fill
2026-04-04,acc03,1,ONGUSDT,46.23,1,b4a7778c-3bb9-4dd9-8115-98631bed5ce9,2026-04-03,2026-04-03T23:40:13+00:00,2026-04-04T07:40:13+08:00,1,1529,CLOSED_EXTERNAL,SHORT_POSITION_NOT_FOUND,0.096314760514,,0.09996,2026-04-03T23:40:13+00:00,2026-04-05T00:03:33+00:00,-3.784715308999952,entry_to_exit_fill
2026-04-04,acc03,2,EDGEUSDT,45.26,1,b4a7778c-3bb9-4dd9-8115-98631bed5ce9,2026-04-03,2026-04-03T23:40:13+00:00,2026-04-04T07:40:13+08:00,1,1530,CLOSED_EXTERNAL,SHORT_POSITION_NOT_FOUND,1.134411724138,,,2026-04-03T23:40:13+00:00,2026-04-04T17:00:33+00:00,,missing_exit_fill
2026-04-04,acc03,3,DUSDT,42.43,1,b4a7778c-3bb9-4dd9-8115-98631bed5ce9,2026-04-03,2026-04-03T23:40:13+00:00,2026-04-04T07:40:13+08:00,1,1532,CLOSED_EXTERNAL,SHORT_POSITION_NOT_FOUND,0.0119066990395,,,2026-04-03T23:40:13+00:00,2026-04-04T04:38:33+00:00,,missing_exit_fill
2026-04-04,acc03,4,PUFFERUSDT,27.73,1,b4a7778c-3bb9-4dd9-8115-98631bed5ce9,2026-04-03,2026-04-03T23:40:13+00:00,2026-04-04T07:40:13+08:00,1,1534,CLOSED_EXTERNAL,SHORT_POSITION_NOT_FOUND,0.03275,,,2026-04-03T23:40:13+00:00,2026-04-04T05:01:33+00:00,,missing_exit_fill
2026-04-04,acc03,5,CUSDT,24.57,1,b4a7778c-3bb9-4dd9-8115-98631bed5ce9,2026-04-03,2026-04-03T23:40:13+00:00,2026-04-04T07:40:13+08:00,1,1537,CLOSED_EXTERNAL,SHORT_POSITION_NOT_FOUND,0.0824369668008,,0.07944,2026-04-03T23:40:13+00:00,2026-04-05T00:02:33+00:00,3.6354646672552198,entry_to_exit_fill
2026-04-04,acc03,6,DAMUSDT,24.21,1,b4a7778c-3bb9-4dd9-8115-98631bed5ce9,2026-04-03,2026-04-03T23:40:13+00:00,2026-04-04T07:40:13+08:00,1,1539,CLOSED_EXTERNAL,SHORT_POSITION_NOT_FOUND,0.0539957735352,,,2026-04-03T23:40:13+00:00,2026-04-04T04:06:34+00:00,,missing_exit_fill
2026-04-04,acc03,7,ARIAUSDT,23.21,1,b4a7778c-3bb9-4dd9-8115-98631bed5ce9,2026-04-03,2026-04-03T23:40:13+00:00,2026-04-04T07:40:13+08:00,1,1541,CLOSED_EXTERNAL,SHORT_POSITION_NOT_FOUND,0.5536825925926,,,2026-04-03T23:40:13+00:00,2026-04-04T15:45:33+00:00,,missing_exit_fill
2026-04-04,acc03,8,HEMIUSDT,19.85,1,b4a7778c-3bb9-4dd9-8115-98631bed5ce9,2026-04-03,2026-04-03T23:40:13+00:00,2026-04-04T07:40:13+08:00,1,1544,CLOSED_EXTERNAL,SHORT_POSITION_NOT_FOUND,0.0086032083464,,,2026-04-03T23:40:13+00:00,2026-04-04T16:14:33+00:00,,missing_exit_fill
2026-04-04,acc03,9,币安人生USDT,18.28,1,b4a7778c-3bb9-4dd9-8115-98631bed5ce9,2026-04-03,2026-04-03T23:40:13+00:00,2026-04-04T07:40:13+08:00,1,1546,CLOSED_EXTERNAL,SHORT_POSITION_NOT_FOUND,0.0567029304407,,,2026-04-03T23:40:13+00:00,2026-04-04T22:15:33+00:00,,missing_exit_fill
2026-04-04,acc03,10,ALGOUSDT,15.33,1,b4a7778c-3bb9-4dd9-8115-98631bed5ce9,2026-04-03,2026-04-03T23:40:13+00:00,2026-04-04T07:40:13+08:00,1,1549,CLOSED_EXTERNAL,SHORT_POSITION_NOT_FOUND,0.1226,,,2026-04-03T23:40:13+00:00,2026-04-04T04:26:33+00:00,,missing_exit_fill
2026-04-04,acc04,1,ONGUSDT,46.23,1,5828d610-a4e1-4cdf-99c6-a91255397f68,2026-04-03,2026-04-03T23:40:13+00:00,2026-04-04T07:40:13+08:00,1,1547,CLOSED_EXTERNAL,SHORT_POSITION_NOT_FOUND,0.0962909481038,,,2026-04-03T23:40:13+00:00,2026-04-05T00:03:34+00:00,,missing_exit_fill
2026-04-04,acc04,2,EDGEUSDT,45.26,1,5828d610-a4e1-4cdf-99c6-a91255397f68,2026-04-03,2026-04-03T23:40:13+00:00,2026-04-04T07:40:13+08:00,1,1550,CLOSED_EXTERNAL,SHORT_POSITION_NOT_FOUND,1.1342,,,2026-04-03T23:40:13+00:00,2026-04-04T17:00:33+00:00,,missing_exit_fill
2026-04-04,acc04,3,DUSDT,42.43,1,5828d610-a4e1-4cdf-99c6-a91255397f68,2026-04-03,2026-04-03T23:40:13+00:00,2026-04-04T07:40:13+08:00,1,1551,CLOSED_EXTERNAL,SHORT_POSITION_NOT_FOUND,0.0118845698076,,,2026-04-03T23:40:13+00:00,2026-04-04T04:38:33+00:00,,missing_exit_fill
2026-04-04,acc04,4,PUFFERUSDT,27.73,1,5828d610-a4e1-4cdf-99c6-a91255397f68,2026-04-03,2026-04-03T23:40:13+00:00,2026-04-04T07:40:13+08:00,1,1552,CLOSED_EXTERNAL,SHORT_POSITION_NOT_FOUND,0.03275,,,2026-04-03T23:40:13+00:00,2026-04-04T05:01:34+00:00,,missing_exit_fill
2026-04-04,acc04,5,CUSDT,24.57,1,5828d610-a4e1-4cdf-99c6-a91255397f68,2026-04-03,2026-04-03T23:40:13+00:00,2026-04-04T07:40:13+08:00,1,1553,CLOSED_EXTERNAL,SHORT_POSITION_NOT_FOUND,0.0821753705179,0.07943,,2026-04-03T23:40:13+00:00,2026-04-05T00:02:34+00:00,,missing_exit_fill
2026-04-04,acc04,6,DAMUSDT,24.21,1,5828d610-a4e1-4cdf-99c6-a91255397f68,2026-04-03,2026-04-03T23:40:13+00:00,2026-04-04T07:40:13+08:00,1,1554,CLOSED_EXTERNAL,SHORT_POSITION_NOT_FOUND,0.0539683923553,,,2026-04-03T23:40:13+00:00,2026-04-04T04:06:34+00:00,,missing_exit_fill
2026-04-04,acc04,7,ARIAUSDT,23.21,1,5828d610-a4e1-4cdf-99c6-a91255397f68,2026-04-03,2026-04-03T23:40:13+00:00,2026-04-04T07:40:13+08:00,1,1555,CLOSED_EXTERNAL,SHORT_POSITION_NOT_FOUND,0.55347,,,2026-04-03T23:40:13+00:00,2026-04-04T15:45:33+00:00,,missing_exit_fill
2026-04-04,acc04,8,HEMIUSDT,19.85,1,5828d610-a4e1-4cdf-99c6-a91255397f68,2026-04-03,2026-04-03T23:40:13+00:00,2026-04-04T07:40:13+08:00,1,1556,CLOSED_EXTERNAL,SHORT_POSITION_NOT_FOUND,0.008602,,,2026-04-03T23:40:13+00:00,2026-04-04T16:14:33+00:00,,missing_exit_fill
2026-04-04,acc04,9,币安人生USDT,18.28,1,5828d610-a4e1-4cdf-99c6-a91255397f68,2026-04-03,2026-04-03T23:40:13+00:00,2026-04-04T07:40:13+08:00,1,1557,CLOSED_EXTERNAL,SHORT_POSITION_NOT_FOUND,0.0566681647059,,,2026-04-03T23:40:13+00:00,2026-04-04T22:15:33+00:00,,missing_exit_fill
2026-04-04,acc04,10,ALGOUSDT,15.33,1,5828d610-a4e1-4cdf-99c6-a91255397f68,2026-04-03,2026-04-03T23:40:13+00:00,2026-04-04T07:40:13+08:00,1,1558,CLOSED_EXTERNAL,SHORT_POSITION_NOT_FOUND,0.1225958297993,,,2026-04-03T23:40:14+00:00,2026-04-04T04:26:34+00:00,,missing_exit_fill
2026-04-05,acc01,1,SIRENUSDT,257.48,1,1733b65f-c784-482a-bc9c-8339a6b87d3c,2026-04-04,2026-04-04T23:40:13+00:00,2026-04-05T07:40:13+08:00,1,1569,CLOSED_EXTERNAL,SHORT_POSITION_NOT_FOUND,0.4910947441862,,,2026-04-04T23:40:13+00:00,2026-04-05T03:00:33+00:00,,missing_exit_fill
2026-04-05,acc01,2,DUSDT,84.89,1,1733b65f-c784-482a-bc9c-8339a6b87d3c,2026-04-04,2026-04-04T23:40:13+00:00,2026-04-05T07:40:13+08:00,1,1571,CLOSED_EXTERNAL,SHORT_POSITION_NOT_FOUND,0.0217671218601,,,2026-04-04T23:40:13+00:00,2026-04-05T17:00:34+00:00,,missing_exit_fill
2026-04-05,acc01,3,RLSUSDT,83.68,1,1733b65f-c784-482a-bc9c-8339a6b87d3c,2026-04-04,2026-04-04T23:40:13+00:00,2026-04-05T07:40:13+08:00,1,1573,CLOSED_EXTERNAL,SHORT_POSITION_NOT_FOUND,0.004378,,,2026-04-04T23:40:13+00:00,2026-04-05T02:30:33+00:00,,missing_exit_fill
2026-04-05,acc01,4,JCTUSDT,62.32,1,1733b65f-c784-482a-bc9c-8339a6b87d3c,2026-04-04,2026-04-04T23:40:13+00:00,2026-04-05T07:40:13+08:00,1,1575,CLOSED_EXTERNAL,SHORT_POSITION_NOT_FOUND,0.003957,,,2026-04-04T23:40:13+00:00,2026-04-05T10:18:33+00:00,,missing_exit_fill
2026-04-05,acc01,5,PIPPINUSDT,46.58,1,1733b65f-c784-482a-bc9c-8339a6b87d3c,2026-04-04,2026-04-04T23:40:13+00:00,2026-04-05T07:40:13+08:00,1,1577,CLOSED_EXTERNAL,SHORT_POSITION_NOT_FOUND,0.04173,,,2026-04-04T23:40:13+00:00,2026-04-05T04:29:33+00:00,,missing_exit_fill
2026-04-05,acc01,6,PTBUSDT,35.99,1,1733b65f-c784-482a-bc9c-8339a6b87d3c,2026-04-04,2026-04-04T23:40:13+00:00,2026-04-05T07:40:13+08:00,1,1581,CLOSED_EXTERNAL,SHORT_POSITION_NOT_FOUND,0.0008515172498,,,2026-04-04T23:40:13+00:00,2026-04-05T11:18:34+00:00,,missing_exit_fill
2026-04-05,acc01,7,STOUSDT,34.03,1,1733b65f-c784-482a-bc9c-8339a6b87d3c,2026-04-04,2026-04-04T23:40:13+00:00,2026-04-05T07:40:13+08:00,1,1584,CLOSED_EXTERNAL,SHORT_POSITION_NOT_FOUND,0.1916929166667,,,2026-04-04T23:40:13+00:00,2026-04-05T04:34:33+00:00,,missing_exit_fill
2026-04-05,acc01,8,COSUSDT,28.05,1,1733b65f-c784-482a-bc9c-8339a6b87d3c,2026-04-04,2026-04-04T23:40:13+00:00,2026-04-05T07:40:13+08:00,1,1587,CLOSED_EXTERNAL,SHORT_POSITION_NOT_FOUND,0.001517,,0.001256,2026-04-04T23:40:13+00:00,2026-04-06T10:00:13+00:00,17.205009887936715,entry_to_exit_fill
2026-04-05,acc01,9,SWARMSUSDT,24.23,1,1733b65f-c784-482a-bc9c-8339a6b87d3c,2026-04-04,2026-04-04T23:40:13+00:00,2026-04-05T07:40:13+08:00,1,1590,CLOSED_EXTERNAL,SHORT_POSITION_NOT_FOUND,0.0107255449455,,,2026-04-04T23:40:13+00:00,2026-04-06T00:02:13+00:00,,missing_exit_fill
2026-04-05,acc01,10,THEUSDT,20.95,1,1733b65f-c784-482a-bc9c-8339a6b87d3c,2026-04-04,2026-04-04T23:40:13+00:00,2026-04-05T07:40:13+08:00,1,1593,CLOSED_EXTERNAL,SHORT_POSITION_NOT_FOUND,0.1166,,,2026-04-04T23:40:13+00:00,2026-04-05T04:00:34+00:00,,missing_exit_fill
2026-04-05,acc02,1,SIRENUSDT,257.48,1,13ffd35f-d6c5-4468-b799-6449bb92fb00,2026-04-04,2026-04-04T23:45:00+00:00,2026-04-05T07:45:00+08:00,1,1599,CLOSED_EXTERNAL,SHORT_POSITION_NOT_FOUND,0.4370663291139,0.44005999999999995,,2026-04-04T23:45:31+00:00,2026-04-05T06:18:34+00:00,,missing_exit_fill
2026-04-05,acc02,2,DUSDT,84.89,1,13ffd35f-d6c5-4468-b799-6449bb92fb00,2026-04-04,2026-04-04T23:45:00+00:00,2026-04-05T07:45:00+08:00,1,1600,CLOSED_EXTERNAL,SHORT_POSITION_NOT_FOUND,0.0211552725005,,,2026-04-04T23:46:01+00:00,2026-04-05T17:00:34+00:00,,missing_exit_fill
2026-04-05,acc02,3,RLSUSDT,83.68,1,13ffd35f-d6c5-4468-b799-6449bb92fb00,2026-04-04,2026-04-04T23:45:00+00:00,2026-04-05T07:45:00+08:00,1,1601,CLOSED_EXTERNAL,SHORT_POSITION_NOT_FOUND,0.0043688966326,,,2026-04-04T23:46:31+00:00,2026-04-05T02:30:33+00:00,,missing_exit_fill
2026-04-05,acc02,4,JCTUSDT,62.32,1,13ffd35f-d6c5-4468-b799-6449bb92fb00,2026-04-04,2026-04-04T23:45:00+00:00,2026-04-05T07:45:00+08:00,1,1602,CLOSED_EXTERNAL,SHORT_POSITION_NOT_FOUND,0.003896,,,2026-04-04T23:47:01+00:00,2026-04-05T10:18:33+00:00,,missing_exit_fill
2026-04-05,acc02,5,PIPPINUSDT,46.58,1,13ffd35f-d6c5-4468-b799-6449bb92fb00,2026-04-04,2026-04-04T23:45:00+00:00,2026-04-05T07:45:00+08:00,1,1603,CLOSED_EXTERNAL,SHORT_POSITION_NOT_FOUND,0.0416,,,2026-04-04T23:47:31+00:00,2026-04-05T04:29:33+00:00,,missing_exit_fill
2026-04-05,acc02,6,PTBUSDT,35.99,1,13ffd35f-d6c5-4468-b799-6449bb92fb00,2026-04-04,2026-04-04T23:45:00+00:00,2026-04-05T07:45:00+08:00,1,1604,CLOSED_EXTERNAL,SHORT_POSITION_NOT_FOUND,0.00085,,,2026-04-04T23:48:01+00:00,2026-04-05T11:18:34+00:00,,missing_exit_fill
2026-04-05,acc02,7,STOUSDT,34.03,1,13ffd35f-d6c5-4468-b799-6449bb92fb00,2026-04-04,2026-04-04T23:45:00+00:00,2026-04-05T07:45:00+08:00,1,1605,CLOSED_EXTERNAL,SHORT_POSITION_NOT_FOUND,0.1770582214156,,,2026-04-04T23:48:31+00:00,2026-04-05T04:34:33+00:00,,missing_exit_fill
2026-04-05,acc02,8,COSUSDT,28.05,1,13ffd35f-d6c5-4468-b799-6449bb92fb00,2026-04-04,2026-04-04T23:45:00+00:00,2026-04-05T07:45:00+08:00,1,1606,CLOSED_EXTERNAL,SHORT_POSITION_NOT_FOUND,0.001485,,0.001256,2026-04-04T23:49:01+00:00,2026-04-06T04:01:13+00:00,15.420875420875424,entry_to_exit_fill
2026-04-05,acc02,9,SWARMSUSDT,24.23,1,13ffd35f-d6c5-4468-b799-6449bb92fb00,2026-04-04,2026-04-04T23:45:00+00:00,2026-04-05T07:45:00+08:00,1,1607,CLOSED_EXTERNAL,SHORT_POSITION_NOT_FOUND,0.0107068901009,,0.009933,2026-04-04T23:49:31+00:00,2026-04-06T00:02:13+00:00,7.227963429221599,entry_to_exit_fill
2026-04-05,acc02,10,THEUSDT,20.95,1,13ffd35f-d6c5-4468-b799-6449bb92fb00,2026-04-04,2026-04-04T23:45:00+00:00,2026-04-05T07:45:00+08:00,1,1608,CLOSED_EXTERNAL,SHORT_POSITION_NOT_FOUND,0.1145,,,2026-04-04T23:50:31+00:00,2026-04-05T04:00:34+00:00,,missing_exit_fill
2026-04-05,acc03,1,SIRENUSDT,257.48,1,332447d2-d630-492c-9bec-e7a096a2931c,2026-04-04,2026-04-04T23:40:13+00:00,2026-04-05T07:40:13+08:00,1,1579,CLOSED_EXTERNAL,SHORT_POSITION_NOT_FOUND,0.49035,,,2026-04-04T23:40:13+00:00,2026-04-05T03:00:33+00:00,,missing_exit_fill
2026-04-05,acc03,2,DUSDT,84.89,1,332447d2-d630-492c-9bec-e7a096a2931c,2026-04-04,2026-04-04T23:40:13+00:00,2026-04-05T07:40:13+08:00,1,1582,CLOSED_EXTERNAL,SHORT_POSITION_NOT_FOUND,0.0217708561114,,,2026-04-04T23:40:13+00:00,2026-04-05T17:00:34+00:00,,missing_exit_fill
2026-04-05,acc03,3,RLSUSDT,83.68,1,332447d2-d630-492c-9bec-e7a096a2931c,2026-04-04,2026-04-04T23:40:13+00:00,2026-04-05T07:40:13+08:00,1,1585,CLOSED_EXTERNAL,SHORT_POSITION_NOT_FOUND,0.004377,,,2026-04-04T23:40:13+00:00,2026-04-05T02:30:33+00:00,,missing_exit_fill
2026-04-05,acc03,4,JCTUSDT,62.32,1,332447d2-d630-492c-9bec-e7a096a2931c,2026-04-04,2026-04-04T23:40:13+00:00,2026-04-05T07:40:13+08:00,1,1588,CLOSED_EXTERNAL,SHORT_POSITION_NOT_FOUND,0.003955,,,2026-04-04T23:40:13+00:00,2026-04-05T10:18:33+00:00,,missing_exit_fill
2026-04-05,acc03,5,PIPPINUSDT,46.58,1,332447d2-d630-492c-9bec-e7a096a2931c,2026-04-04,2026-04-04T23:40:13+00:00,2026-04-05T07:40:13+08:00,1,1591,CLOSED_EXTERNAL,SHORT_POSITION_NOT_FOUND,0.04174,,,2026-04-04T23:40:13+00:00,2026-04-05T04:29:33+00:00,,missing_exit_fill
2026-04-05,acc03,6,PTBUSDT,35.99,1,332447d2-d630-492c-9bec-e7a096a2931c,2026-04-04,2026-04-04T23:40:13+00:00,2026-04-05T07:40:13+08:00,1,1594,CLOSED_EXTERNAL,SHORT_POSITION_NOT_FOUND,0.000851,,,2026-04-04T23:40:13+00:00,2026-04-05T11:18:34+00:00,,missing_exit_fill
2026-04-05,acc03,7,STOUSDT,34.03,1,332447d2-d630-492c-9bec-e7a096a2931c,2026-04-04,2026-04-04T23:40:13+00:00,2026-04-05T07:40:13+08:00,1,1595,CLOSED_EXTERNAL,SHORT_POSITION_NOT_FOUND,0.1915927859238,,,2026-04-04T23:40:13+00:00,2026-04-05T04:34:33+00:00,,missing_exit_fill
2026-04-05,acc03,8,COSUSDT,28.05,1,332447d2-d630-492c-9bec-e7a096a2931c,2026-04-04,2026-04-04T23:40:13+00:00,2026-04-05T07:40:13+08:00,1,1596,CLOSED_EXTERNAL,SHORT_POSITION_NOT_FOUND,0.001517,,0.001256,2026-04-04T23:40:13+00:00,2026-04-06T04:01:13+00:00,17.205009887936715,entry_to_exit_fill
2026-04-05,acc03,9,SWARMSUSDT,24.23,1,332447d2-d630-492c-9bec-e7a096a2931c,2026-04-04,2026-04-04T23:40:13+00:00,2026-04-05T07:40:13+08:00,1,1597,CLOSED_EXTERNAL,SHORT_POSITION_NOT_FOUND,0.0107164763669,,,2026-04-04T23:40:13+00:00,2026-04-06T00:02:13+00:00,,missing_exit_fill
2026-04-05,acc03,10,THEUSDT,20.95,1,332447d2-d630-492c-9bec-e7a096a2931c,2026-04-04,2026-04-04T23:40:13+00:00,2026-04-05T07:40:13+08:00,1,1598,CLOSED_EXTERNAL,SHORT_POSITION_NOT_FOUND,0.1166401431767,,,2026-04-04T23:40:14+00:00,2026-04-05T04:00:34+00:00,,missing_exit_fill
2026-04-05,acc04,1,SIRENUSDT,257.48,1,0016958c-cab2-4cff-8856-f7686375aacf,2026-04-04,2026-04-04T23:40:13+00:00,2026-04-05T07:40:13+08:00,1,1570,CLOSED_EXTERNAL,SHORT_POSITION_NOT_FOUND,0.4909244117647,,,2026-04-04T23:40:13+00:00,2026-04-05T03:00:34+00:00,,missing_exit_fill
2026-04-05,acc04,2,DUSDT,84.89,1,0016958c-cab2-4cff-8856-f7686375aacf,2026-04-04,2026-04-04T23:40:13+00:00,2026-04-05T07:40:13+08:00,1,1572,CLOSED_EXTERNAL,SHORT_POSITION_NOT_FOUND,0.021771,,,2026-04-04T23:40:13+00:00,2026-04-05T17:00:34+00:00,,missing_exit_fill
2026-04-05,acc04,3,RLSUSDT,83.68,1,0016958c-cab2-4cff-8856-f7686375aacf,2026-04-04,2026-04-04T23:40:13+00:00,2026-04-05T07:40:13+08:00,1,1574,CLOSED_EXTERNAL,SHORT_POSITION_NOT_FOUND,0.0043770958744,,,2026-04-04T23:40:13+00:00,2026-04-05T02:30:34+00:00,,missing_exit_fill
2026-04-05,acc04,4,JCTUSDT,62.32,1,0016958c-cab2-4cff-8856-f7686375aacf,2026-04-04,2026-04-04T23:40:13+00:00,2026-04-05T07:40:13+08:00,1,1576,CLOSED_EXTERNAL,SHORT_POSITION_NOT_FOUND,0.0039551854073,,,2026-04-04T23:40:13+00:00,2026-04-05T10:18:33+00:00,,missing_exit_fill
2026-04-05,acc04,5,PIPPINUSDT,46.58,1,0016958c-cab2-4cff-8856-f7686375aacf,2026-04-04,2026-04-04T23:40:13+00:00,2026-04-05T07:40:13+08:00,1,1578,CLOSED_EXTERNAL,SHORT_POSITION_NOT_FOUND,0.04173,,,2026-04-04T23:40:13+00:00,2026-04-05T04:29:34+00:00,,missing_exit_fill
2026-04-05,acc04,6,PTBUSDT,35.99,1,0016958c-cab2-4cff-8856-f7686375aacf,2026-04-04,2026-04-04T23:40:13+00:00,2026-04-05T07:40:13+08:00,1,1580,CLOSED_EXTERNAL,SHORT_POSITION_NOT_FOUND,0.000851,,,2026-04-04T23:40:13+00:00,2026-04-05T11:18:34+00:00,,missing_exit_fill
2026-04-05,acc04,7,STOUSDT,34.03,1,0016958c-cab2-4cff-8856-f7686375aacf,2026-04-04,2026-04-04T23:40:13+00:00,2026-04-05T07:40:13+08:00,1,1583,CLOSED_EXTERNAL,SHORT_POSITION_NOT_FOUND,0.19171,,,2026-04-04T23:40:13+00:00,2026-04-05T04:34:34+00:00,,missing_exit_fill
2026-04-05,acc04,8,COSUSDT,28.05,1,0016958c-cab2-4cff-8856-f7686375aacf,2026-04-04,2026-04-04T23:40:13+00:00,2026-04-05T07:40:13+08:00,1,1586,CLOSED_EXTERNAL,SHORT_POSITION_NOT_FOUND,0.001517,,,2026-04-04T23:40:13+00:00,2026-04-06T10:00:13+00:00,,missing_exit_fill
2026-04-05,acc04,9,SWARMSUSDT,24.23,1,0016958c-cab2-4cff-8856-f7686375aacf,2026-04-04,2026-04-04T23:40:13+00:00,2026-04-05T07:40:13+08:00,1,1589,CLOSED_EXTERNAL,SHORT_POSITION_NOT_FOUND,0.0107276408466,,,2026-04-04T23:40:13+00:00,2026-04-06T00:02:14+00:00,,missing_exit_fill
2026-04-05,acc04,10,THEUSDT,20.95,1,0016958c-cab2-4cff-8856-f7686375aacf,2026-04-04,2026-04-04T23:40:13+00:00,2026-04-05T07:40:13+08:00,1,1592,CLOSED_EXTERNAL,SHORT_POSITION_NOT_FOUND,0.1166493812748,,,2026-04-04T23:40:13+00:00,2026-04-05T04:00:34+00:00,,missing_exit_fill
2026-04-06,acc01,1,KOMAUSDT,57.19,1,23896c0d-1c70-4eb7-b807-d95d3e27fe6b,2026-04-05,2026-04-05T23:40:13+00:00,2026-04-06T07:40:13+08:00,1,1609,CLOSED_TIMEOUT,MAX_HOLD_EXCEEDED,0.0098365696483,0.009517,0.009075390299217206,2026-04-05T23:40:13+00:00,2026-04-07T23:11:03+00:00,7.738260148590978,entry_to_exit_fill
2026-04-06,acc01,2,BULLAUSDT,41.74,1,23896c0d-1c70-4eb7-b807-d95d3e27fe6b,2026-04-05,2026-04-05T23:40:13+00:00,2026-04-06T07:40:13+08:00,1,1610,CLOSED_EXTERNAL,SHORT_POSITION_NOT_FOUND,0.008158,,0.0082547,2026-04-05T23:40:13+00:00,2026-04-06T04:02:13+00:00,-1.1853395440058827,entry_to_exit_fill
2026-04-06,acc01,3,PLAYUSDT,31.92,1,23896c0d-1c70-4eb7-b807-d95d3e27fe6b,2026-04-05,2026-04-05T23:40:13+00:00,2026-04-06T07:40:13+08:00,1,1613,CLOSED_EXTERNAL,SHORT_POSITION_NOT_FOUND,0.0662195282392,,0.0624888,2026-04-05T23:40:13+00:00,2026-04-06T12:46:13+00:00,5.633879217205791,entry_to_exit_fill
2026-04-06,acc01,4,MMTUSDT,30.31,1,23896c0d-1c70-4eb7-b807-d95d3e27fe6b,2026-04-05,2026-04-05T23:40:13+00:00,2026-04-06T07:40:13+08:00,1,1616,CLOSED_EXTERNAL,SHORT_POSITION_NOT_FOUND,0.1451,,0.1368,2026-04-05T23:40:13+00:00,2026-04-06T06:16:13+00:00,5.720192970365266,entry_to_exit_fill
2026-04-06,acc01,5,PTBUSDT,27.54,1,23896c0d-1c70-4eb7-b807-d95d3e27fe6b,2026-04-05,2026-04-05T23:40:13+00:00,2026-04-06T07:40:13+08:00,1,1618,CLOSED_EXTERNAL,SHORT_POSITION_NOT_FOUND,0.001082,,0.001096,2026-04-05T23:40:13+00:00,2026-04-06T08:00:13+00:00,-1.2939001848428748,entry_to_exit_fill
2026-04-06,acc01,6,BASUSDT,23.9,1,23896c0d-1c70-4eb7-b807-d95d3e27fe6b,2026-04-05,2026-04-05T23:40:13+00:00,2026-04-06T07:40:13+08:00,1,1621,CLOSED_EXTERNAL,SHORT_POSITION_NOT_FOUND,0.005856672655,0.0057588,0.005863,2026-04-05T23:40:13+00:00,2026-04-07T01:18:02+00:00,-0.10803651446352415,entry_to_exit_fill
2026-04-06,acc01,7,TRUUSDT,23.12,1,23896c0d-1c70-4eb7-b807-d95d3e27fe6b,2026-04-05,2026-04-05T23:40:13+00:00,2026-04-06T07:40:13+08:00,1,1624,CLOSED_EXTERNAL,SHORT_POSITION_NOT_FOUND,0.005475,,0.005619,2026-04-05T23:40:13+00:00,2026-04-06T05:26:13+00:00,-2.63013698630137,entry_to_exit_fill
2026-04-06,acc01,8,币安人生USDT,20.38,1,23896c0d-1c70-4eb7-b807-d95d3e27fe6b,2026-04-05,2026-04-05T23:40:13+00:00,2026-04-06T07:40:13+08:00,1,1626,CLOSED_EXTERNAL,SHORT_POSITION_NOT_FOUND,0.06898,,0.06557,2026-04-05T23:40:13+00:00,2026-04-06T15:40:14+00:00,4.9434618730066635,entry_to_exit_fill
2026-04-06,acc01,9,PRLUSDT,19.25,1,23896c0d-1c70-4eb7-b807-d95d3e27fe6b,2026-04-05,2026-04-05T23:40:13+00:00,2026-04-06T07:40:13+08:00,1,1629,CLOSED_EXTERNAL,SHORT_POSITION_NOT_FOUND,0.1971,,0.1815,2026-04-05T23:40:13+00:00,2026-04-06T12:02:13+00:00,7.914764079147642,entry_to_exit_fill
2026-04-06,acc01,10,4USDT,18.39,1,23896c0d-1c70-4eb7-b807-d95d3e27fe6b,2026-04-05,2026-04-05T23:40:13+00:00,2026-04-06T07:40:13+08:00,1,1632,CLOSED_EXTERNAL,SHORT_POSITION_NOT_FOUND,0.0142266735056,,0.01338,2026-04-05T23:40:13+00:00,2026-04-06T05:29:13+00:00,5.951310439975494,entry_to_exit_fill
2026-04-06,acc02,1,KOMAUSDT,57.19,1,9b18be7c-6115-403f-a8f5-445fcda8d518,2026-04-05,2026-04-05T23:45:00+00:00,2026-04-06T07:45:00+08:00,1,1639,CLOSED_EXTERNAL,SHORT_POSITION_NOT_FOUND,0.009888936166,0.010061,0.01044,2026-04-05T23:45:30+00:00,2026-04-06T04:01:13+00:00,-5.572528983397224,entry_to_exit_fill
2026-04-06,acc02,2,BULLAUSDT,41.74,1,9b18be7c-6115-403f-a8f5-445fcda8d518,2026-04-05,2026-04-05T23:45:00+00:00,2026-04-06T07:45:00+08:00,1,1640,CLOSED_EXTERNAL,SHORT_POSITION_NOT_FOUND,0.0082170817489,0.008299,0.0082529,2026-04-05T23:46:00+00:00,2026-04-06T04:01:13+00:00,-0.43589989967904397,entry_to_exit_fill
2026-04-06,acc02,3,PLAYUSDT,31.92,1,9b18be7c-6115-403f-a8f5-445fcda8d518,2026-04-05,2026-04-05T23:45:00+00:00,2026-04-06T07:45:00+08:00,1,1641,CLOSED_EXTERNAL,SHORT_POSITION_NOT_FOUND,0.062891009772,0.06806,0.06281905537459283,2026-04-05T23:46:30+00:00,2026-04-06T04:01:13+00:00,0.11441126111352538,entry_to_exit_fill
2026-04-06,acc02,4,MMTUSDT,30.31,1,9b18be7c-6115-403f-a8f5-445fcda8d518,2026-04-05,2026-04-05T23:45:00+00:00,2026-04-06T07:45:00+08:00,1,1642,CLOSED_EXTERNAL,SHORT_POSITION_NOT_FOUND,0.1445298145507,0.1457,0.1367,2026-04-05T23:47:00+00:00,2026-04-06T04:01:13+00:00,5.417439007336,entry_to_exit_fill
2026-04-06,acc02,5,PTBUSDT,27.54,1,9b18be7c-6115-403f-a8f5-445fcda8d518,2026-04-05,2026-04-05T23:45:00+00:00,2026-04-06T07:45:00+08:00,1,1643,CLOSED_EXTERNAL,SHORT_POSITION_NOT_FOUND,0.0010823922667,0.001077,0.001095,2026-04-05T23:47:31+00:00,2026-04-06T04:01:13+00:00,-1.1648026032594097,entry_to_exit_fill
2026-04-06,acc02,6,BASUSDT,23.9,1,9b18be7c-6115-403f-a8f5-445fcda8d518,2026-04-05,2026-04-05T23:45:00+00:00,2026-04-06T07:45:00+08:00,1,1644,CLOSED_EXTERNAL,SHORT_POSITION_NOT_FOUND,0.0058873265484,0.0058935,0.0058615,2026-04-05T23:48:01+00:00,2026-04-06T04:01:13+00:00,0.43868041270818253,entry_to_exit_fill
2026-04-06,acc02,7,TRUUSDT,23.12,1,9b18be7c-6115-403f-a8f5-445fcda8d518,2026-04-05,2026-04-05T23:45:00+00:00,2026-04-06T07:45:00+08:00,1,1645,CLOSED_EXTERNAL,SHORT_POSITION_NOT_FOUND,0.005477,,0.0056185,2026-04-05T23:48:31+00:00,2026-04-06T04:01:13+00:00,-2.5835311301807584,entry_to_exit_fill
2026-04-06,acc02,8,币安人生USDT,20.38,1,9b18be7c-6115-403f-a8f5-445fcda8d518,2026-04-05,2026-04-05T23:45:00+00:00,2026-04-06T07:45:00+08:00,1,1646,CLOSED_EXTERNAL,SHORT_POSITION_NOT_FOUND,0.0690263478916,,0.0655616,2026-04-05T23:49:01+00:00,2026-04-06T04:01:13+00:00,5.019457058688803,entry_to_exit_fill
2026-04-06,acc02,9,PRLUSDT,19.25,1,9b18be7c-6115-403f-a8f5-445fcda8d518,2026-04-05,2026-04-05T23:45:00+00:00,2026-04-06T07:45:00+08:00,1,1647,CLOSED_EXTERNAL,SHORT_POSITION_NOT_FOUND,0.1948,,0.1813,2026-04-05T23:49:31+00:00,2026-04-06T04:01:13+00:00,6.930184804928137,entry_to_exit_fill
2026-04-06,acc02,10,4USDT,18.39,1,9b18be7c-6115-403f-a8f5-445fcda8d518,2026-04-05,2026-04-05T23:45:00+00:00,2026-04-06T07:45:00+08:00,0,,,,,,,,,,rank_symbol_not_opened
2026-04-06,acc03,1,KOMAUSDT,57.19,1,4170c63d-7148-458f-a870-8ba043efca97,2026-04-05,2026-04-05T23:40:13+00:00,2026-04-06T07:40:13+08:00,1,1612,CLOSED_EXTERNAL,SHORT_POSITION_NOT_FOUND,0.0100873078838,,0.01044,2026-04-05T23:40:13+00:00,2026-04-06T04:01:13+00:00,-3.496394878225291,entry_to_exit_fill
2026-04-06,acc03,2,BULLAUSDT,41.74,1,4170c63d-7148-458f-a870-8ba043efca97,2026-04-05,2026-04-05T23:40:13+00:00,2026-04-06T07:40:13+08:00,1,1615,CLOSED_EXTERNAL,SHORT_POSITION_NOT_FOUND,0.0081544408817,,0.0082523,2026-04-05T23:40:13+00:00,2026-04-06T04:01:13+00:00,-1.2000714668201664,entry_to_exit_fill
2026-04-06,acc03,3,PLAYUSDT,31.92,1,4170c63d-7148-458f-a870-8ba043efca97,2026-04-05,2026-04-05T23:40:13+00:00,2026-04-06T07:40:13+08:00,1,1619,CLOSED_EXTERNAL,SHORT_POSITION_NOT_FOUND,0.0662045557351,,0.0624679,2026-04-05T23:40:13+00:00,2026-04-06T04:01:13+00:00,5.644106653401988,entry_to_exit_fill
2026-04-06,acc03,4,MMTUSDT,30.31,1,4170c63d-7148-458f-a870-8ba043efca97,2026-04-05,2026-04-05T23:40:13+00:00,2026-04-06T07:40:13+08:00,1,1623,CLOSED_EXTERNAL,SHORT_POSITION_NOT_FOUND,0.1451,,0.1367,2026-04-05T23:40:13+00:00,2026-04-06T04:01:13+00:00,5.78911095796004,entry_to_exit_fill
2026-04-06,acc03,5,PTBUSDT,27.54,1,4170c63d-7148-458f-a870-8ba043efca97,2026-04-05,2026-04-05T23:40:13+00:00,2026-04-06T07:40:13+08:00,1,1627,CLOSED_EXTERNAL,SHORT_POSITION_NOT_FOUND,0.001081,,0.001095,2026-04-05T23:40:13+00:00,2026-04-06T04:01:13+00:00,-1.295097132284933,entry_to_exit_fill
2026-04-06,acc03,6,BASUSDT,23.9,1,4170c63d-7148-458f-a870-8ba043efca97,2026-04-05,2026-04-05T23:40:13+00:00,2026-04-06T07:40:13+08:00,1,1630,CLOSED_EXTERNAL,SHORT_POSITION_NOT_FOUND,0.005935,,0.005861,2026-04-05T23:40:13+00:00,2026-04-06T04:01:13+00:00,1.2468407750631894,entry_to_exit_fill
2026-04-06,acc03,7,TRUUSDT,23.12,1,4170c63d-7148-458f-a870-8ba043efca97,2026-04-05,2026-04-05T23:40:13+00:00,2026-04-06T07:40:13+08:00,1,1634,CLOSED_EXTERNAL,SHORT_POSITION_NOT_FOUND,0.005475,,0.005618,2026-04-05T23:40:13+00:00,2026-04-06T04:01:13+00:00,-2.6118721461187198,entry_to_exit_fill
2026-04-06,acc03,8,币安人生USDT,20.38,1,4170c63d-7148-458f-a870-8ba043efca97,2026-04-05,2026-04-05T23:40:13+00:00,2026-04-06T07:40:13+08:00,1,1636,CLOSED_EXTERNAL,SHORT_POSITION_NOT_FOUND,0.0689633295711,,0.0655639,2026-04-05T23:40:13+00:00,2026-04-06T04:01:13+00:00,4.9293292424276824,entry_to_exit_fill
2026-04-06,acc03,9,PRLUSDT,19.25,1,4170c63d-7148-458f-a870-8ba043efca97,2026-04-05,2026-04-05T23:40:13+00:00,2026-04-06T07:40:13+08:00,1,1637,CLOSED_EXTERNAL,SHORT_POSITION_NOT_FOUND,0.197,,0.1813,2026-04-05T23:40:13+00:00,2026-04-06T04:01:13+00:00,7.969543147208132,entry_to_exit_fill
2026-04-06,acc03,10,4USDT,18.39,1,4170c63d-7148-458f-a870-8ba043efca97,2026-04-05,2026-04-05T23:40:13+00:00,2026-04-06T07:40:13+08:00,1,1638,CLOSED_EXTERNAL,SHORT_POSITION_NOT_FOUND,0.0142226374101,,0.013374,2026-04-05T23:40:13+00:00,2026-04-06T04:01:13+00:00,5.966807601361985,entry_to_exit_fill
2026-04-06,acc04,1,KOMAUSDT,57.19,1,95d379da-6ab9-41da-86c0-772ad3416816,2026-04-05,2026-04-05T23:40:13+00:00,2026-04-06T07:40:13+08:00,1,1611,CLOSED_EXTERNAL,SHORT_POSITION_NOT_FOUND,0.0100893075008,,,2026-04-05T23:40:13+00:00,2026-04-07T03:00:06+00:00,,missing_exit_fill
2026-04-06,acc04,2,BULLAUSDT,41.74,1,95d379da-6ab9-41da-86c0-772ad3416816,2026-04-05,2026-04-05T23:40:13+00:00,2026-04-06T07:40:13+08:00,1,1614,CLOSED_EXTERNAL,SHORT_POSITION_NOT_FOUND,0.0081557293954,,,2026-04-05T23:40:13+00:00,2026-04-06T04:02:13+00:00,,missing_exit_fill
2026-04-06,acc04,3,PLAYUSDT,31.92,1,95d379da-6ab9-41da-86c0-772ad3416816,2026-04-05,2026-04-05T23:40:13+00:00,2026-04-06T07:40:13+08:00,1,1617,CLOSED_EXTERNAL,SHORT_POSITION_NOT_FOUND,0.0662131601124,,,2026-04-05T23:40:13+00:00,2026-04-06T12:46:13+00:00,,missing_exit_fill
2026-04-06,acc04,4,MMTUSDT,30.31,1,95d379da-6ab9-41da-86c0-772ad3416816,2026-04-05,2026-04-05T23:40:13+00:00,2026-04-06T07:40:13+08:00,1,1620,CLOSED_EXTERNAL,SHORT_POSITION_NOT_FOUND,0.1451,,,2026-04-05T23:40:13+00:00,2026-04-06T06:16:13+00:00,,missing_exit_fill
2026-04-06,acc04,5,PTBUSDT,27.54,1,95d379da-6ab9-41da-86c0-772ad3416816,2026-04-05,2026-04-05T23:40:13+00:00,2026-04-06T07:40:13+08:00,1,1622,CLOSED_EXTERNAL,SHORT_POSITION_NOT_FOUND,0.001081,,,2026-04-05T23:40:13+00:00,2026-04-06T08:00:14+00:00,,missing_exit_fill
2026-04-06,acc04,6,BASUSDT,23.9,1,95d379da-6ab9-41da-86c0-772ad3416816,2026-04-05,2026-04-05T23:40:13+00:00,2026-04-06T07:40:13+08:00,1,1625,CLOSED_EXTERNAL,SHORT_POSITION_NOT_FOUND,0.005935,,,2026-04-05T23:40:13+00:00,2026-04-07T01:18:02+00:00,,missing_exit_fill
2026-04-06,acc04,7,TRUUSDT,23.12,1,95d379da-6ab9-41da-86c0-772ad3416816,2026-04-05,2026-04-05T23:40:13+00:00,2026-04-06T07:40:13+08:00,1,1628,CLOSED_EXTERNAL,SHORT_POSITION_NOT_FOUND,0.005477,,,2026-04-05T23:40:13+00:00,2026-04-06T05:26:13+00:00,,missing_exit_fill
2026-04-06,acc04,8,币安人生USDT,20.38,1,95d379da-6ab9-41da-86c0-772ad3416816,2026-04-05,2026-04-05T23:40:13+00:00,2026-04-06T07:40:13+08:00,1,1631,CLOSED_EXTERNAL,SHORT_POSITION_NOT_FOUND,0.0689707952872,,,2026-04-05T23:40:13+00:00,2026-04-06T15:40:14+00:00,,missing_exit_fill
2026-04-06,acc04,9,PRLUSDT,19.25,1,95d379da-6ab9-41da-86c0-772ad3416816,2026-04-05,2026-04-05T23:40:13+00:00,2026-04-06T07:40:13+08:00,1,1633,CLOSED_EXTERNAL,SHORT_POSITION_NOT_FOUND,0.1971,,,2026-04-05T23:40:13+00:00,2026-04-06T12:02:13+00:00,,missing_exit_fill
2026-04-06,acc04,10,4USDT,18.39,1,95d379da-6ab9-41da-86c0-772ad3416816,2026-04-05,2026-04-05T23:40:13+00:00,2026-04-06T07:40:13+08:00,1,1635,CLOSED_EXTERNAL,SHORT_POSITION_NOT_FOUND,0.0142268473728,,,2026-04-05T23:40:13+00:00,2026-04-06T05:29:13+00:00,,missing_exit_fill
2026-04-07,acc01,1,REDUSDT,73.67,1,980a89b6-dd44-4812-9f06-0af10bad6f66,2026-04-06,2026-04-06T23:40:13+00:00,2026-04-07T07:40:13+08:00,1,1650,CLOSED_EXTERNAL,SHORT_POSITION_NOT_FOUND,0.1787,,,2026-04-06T23:40:13+00:00,2026-04-07T07:42:03+00:00,,missing_exit_fill
2026-04-07,acc01,2,BULLAUSDT,61.97,1,980a89b6-dd44-4812-9f06-0af10bad6f66,2026-04-06,2026-04-06T23:40:13+00:00,2026-04-07T07:40:13+08:00,1,1653,CLOSED_EXTERNAL,SHORT_POSITION_NOT_FOUND,0.0134512789438,,,2026-04-06T23:40:13+00:00,2026-04-07T03:23:03+00:00,,missing_exit_fill
2026-04-07,acc01,3,TRUUSDT,45.1,1,980a89b6-dd44-4812-9f06-0af10bad6f66,2026-04-06,2026-04-06T23:40:13+00:00,2026-04-07T07:40:13+08:00,1,1656,CLOSED_EXTERNAL,SHORT_POSITION_NOT_FOUND,0.008154,,0.008624,2026-04-06T23:40:13+00:00,2026-04-08T00:08:03+00:00,-5.764042187883247,entry_to_exit_fill
2026-04-07,acc01,4,AGTUSDT,44.53,1,980a89b6-dd44-4812-9f06-0af10bad6f66,2026-04-06,2026-04-06T23:40:13+00:00,2026-04-07T07:40:13+08:00,1,1660,CLOSED_EXTERNAL,SHORT_POSITION_NOT_FOUND,0.008759,,,2026-04-06T23:40:13+00:00,2026-04-07T05:32:02+00:00,,missing_exit_fill
2026-04-07,acc01,5,PLAYUSDT,31.74,1,980a89b6-dd44-4812-9f06-0af10bad6f66,2026-04-06,2026-04-06T23:40:13+00:00,2026-04-07T07:40:13+08:00,1,1662,CLOSED_EXTERNAL,SHORT_POSITION_NOT_FOUND,0.0894068493151,,,2026-04-06T23:40:13+00:00,2026-04-07T11:18:02+00:00,,missing_exit_fill
2026-04-07,acc01,6,BANKUSDT,31.6,1,980a89b6-dd44-4812-9f06-0af10bad6f66,2026-04-06,2026-04-06T23:40:13+00:00,2026-04-07T07:40:13+08:00,1,1665,CLOSED_EXTERNAL,SHORT_POSITION_NOT_FOUND,0.03743,,0.03334,2026-04-06T23:40:13+00:00,2026-04-08T05:45:03+00:00,10.927063852524704,entry_to_exit_fill
2026-04-07,acc01,7,AIOTUSDT,28.88,1,980a89b6-dd44-4812-9f06-0af10bad6f66,2026-04-06,2026-04-06T23:40:13+00:00,2026-04-07T07:40:13+08:00,1,1668,CLOSED_EXTERNAL,SHORT_POSITION_NOT_FOUND,0.03491,,0.03248,2026-04-06T23:40:13+00:00,2026-04-08T00:07:04+00:00,6.960756230306488,entry_to_exit_fill
2026-04-07,acc01,8,4USDT,26.21,1,980a89b6-dd44-4812-9f06-0af10bad6f66,2026-04-06,2026-04-06T23:40:13+00:00,2026-04-07T07:40:13+08:00,1,1670,CLOSED_EXTERNAL,SHORT_POSITION_NOT_FOUND,0.0177827730957,,,2026-04-06T23:40:13+00:00,2026-04-07T09:37:02+00:00,,missing_exit_fill
2026-04-07,acc01,9,BOBUSDT,22.85,1,980a89b6-dd44-4812-9f06-0af10bad6f66,2026-04-06,2026-04-06T23:40:13+00:00,2026-04-07T07:40:13+08:00,1,1673,CLOSED_EXTERNAL,SHORT_POSITION_NOT_FOUND,0.0075093362376,,0.006948,2026-04-06T23:40:14+00:00,2026-04-08T00:06:04+00:00,7.475177829823795,entry_to_exit_fill
2026-04-07,acc01,10,SUPERUSDT,20.63,1,980a89b6-dd44-4812-9f06-0af10bad6f66,2026-04-06,2026-04-06T23:40:13+00:00,2026-04-07T07:40:13+08:00,1,1675,CLOSED_EXTERNAL,SHORT_POSITION_NOT_FOUND,0.1164,,,2026-04-06T23:40:14+00:00,2026-04-07T07:54:03+00:00,,missing_exit_fill
2026-04-07,acc02,1,REDUSDT,73.67,1,3884f83c-dd4a-4c1e-b307-c40b554c5ebb,2026-04-06,2026-04-06T23:45:00+00:00,2026-04-07T07:45:00+08:00,1,1678,CLOSED_EXTERNAL,SHORT_POSITION_NOT_FOUND,0.1786,,0.1634847,2026-04-06T23:45:30+00:00,2026-04-07T06:36:02+00:00,8.463213885778273,entry_to_exit_fill
2026-04-07,acc02,2,BULLAUSDT,61.97,1,3884f83c-dd4a-4c1e-b307-c40b554c5ebb,2026-04-06,2026-04-06T23:45:00+00:00,2026-04-07T07:45:00+08:00,1,1679,CLOSED_EXTERNAL,SHORT_POSITION_NOT_FOUND,0.0134681084207,,,2026-04-06T23:46:00+00:00,2026-04-07T03:23:03+00:00,,missing_exit_fill
2026-04-07,acc02,3,TRUUSDT,45.1,1,3884f83c-dd4a-4c1e-b307-c40b554c5ebb,2026-04-06,2026-04-06T23:45:00+00:00,2026-04-07T07:45:00+08:00,1,1680,CLOSED_EXTERNAL,SHORT_POSITION_NOT_FOUND,0.0084108684988,,0.008214,2026-04-06T23:46:30+00:00,2026-04-07T06:36:02+00:00,2.340644118120342,entry_to_exit_fill
2026-04-07,acc02,4,AGTUSDT,44.53,1,3884f83c-dd4a-4c1e-b307-c40b554c5ebb,2026-04-06,2026-04-06T23:45:00+00:00,2026-04-07T07:45:00+08:00,1,1681,CLOSED_EXTERNAL,SHORT_POSITION_NOT_FOUND,0.0088358846914,,,2026-04-06T23:47:00+00:00,2026-04-07T05:32:02+00:00,,missing_exit_fill
2026-04-07,acc02,5,PLAYUSDT,31.74,1,3884f83c-dd4a-4c1e-b307-c40b554c5ebb,2026-04-06,2026-04-06T23:45:00+00:00,2026-04-07T07:45:00+08:00,1,1682,CLOSED_EXTERNAL,SHORT_POSITION_NOT_FOUND,0.0898097887896,,0.0912519,2026-04-06T23:47:30+00:00,2026-04-07T06:36:02+00:00,-1.6057394520529102,entry_to_exit_fill
2026-04-07,acc02,6,BANKUSDT,31.6,1,3884f83c-dd4a-4c1e-b307-c40b554c5ebb,2026-04-06,2026-04-06T23:45:00+00:00,2026-04-07T07:45:00+08:00,1,1683,CLOSED_EXTERNAL,SHORT_POSITION_NOT_FOUND,0.0374961107382,,0.0373488,2026-04-06T23:48:00+00:00,2026-04-07T06:36:02+00:00,0.39286938111670006,entry_to_exit_fill
2026-04-07,acc02,7,AIOTUSDT,28.88,1,3884f83c-dd4a-4c1e-b307-c40b554c5ebb,2026-04-06,2026-04-06T23:45:00+00:00,2026-04-07T07:45:00+08:00,1,1684,CLOSED_EXTERNAL,SHORT_POSITION_NOT_FOUND,0.0346843983663,,0.0377178,2026-04-06T23:48:30+00:00,2026-04-07T06:36:02+00:00,-8.745723658413834,entry_to_exit_fill
2026-04-07,acc02,8,4USDT,26.21,1,3884f83c-dd4a-4c1e-b307-c40b554c5ebb,2026-04-06,2026-04-06T23:45:00+00:00,2026-04-07T07:45:00+08:00,1,1685,CLOSED_EXTERNAL,SHORT_POSITION_NOT_FOUND,0.0179278498638,,0.016014,2026-04-06T23:49:00+00:00,2026-04-07T06:36:03+00:00,10.675289442625543,entry_to_exit_fill
2026-04-07,acc02,9,BOBUSDT,22.85,1,3884f83c-dd4a-4c1e-b307-c40b554c5ebb,2026-04-06,2026-04-06T23:45:00+00:00,2026-04-07T07:45:00+08:00,1,1686,CLOSED_EXTERNAL,SHORT_POSITION_NOT_FOUND,0.007511667835,,0.0071002,2026-04-06T23:49:30+00:00,2026-04-07T06:36:03+00:00,5.477716055052374,entry_to_exit_fill
2026-04-07,acc02,10,SUPERUSDT,20.63,1,3884f83c-dd4a-4c1e-b307-c40b554c5ebb,2026-04-06,2026-04-06T23:45:00+00:00,2026-04-07T07:45:00+08:00,1,1687,CLOSED_EXTERNAL,SHORT_POSITION_NOT_FOUND,0.1168,,0.1099,2026-04-06T23:50:00+00:00,2026-04-07T06:36:03+00:00,5.907534246575345,entry_to_exit_fill
2026-04-07,acc03,1,REDUSDT,73.67,1,9b36cf07-be5e-4170-8606-e94d2441b187,2026-04-06,2026-04-06T23:40:13+00:00,2026-04-07T07:40:13+08:00,1,1649,CLOSED_EXTERNAL,SHORT_POSITION_NOT_FOUND,0.1787,,0.1634,2026-04-06T23:40:13+00:00,2026-04-07T06:36:02+00:00,8.561835478455517,entry_to_exit_fill
2026-04-07,acc03,2,BULLAUSDT,61.97,1,9b36cf07-be5e-4170-8606-e94d2441b187,2026-04-06,2026-04-06T23:40:13+00:00,2026-04-07T07:40:13+08:00,1,1652,CLOSED_EXTERNAL,SHORT_POSITION_NOT_FOUND,0.0134510622073,,,2026-04-06T23:40:13+00:00,2026-04-07T03:23:03+00:00,,missing_exit_fill
2026-04-07,acc03,3,TRUUSDT,45.1,1,9b36cf07-be5e-4170-8606-e94d2441b187,2026-04-06,2026-04-06T23:40:13+00:00,2026-04-07T07:40:13+08:00,1,1655,CLOSED_EXTERNAL,SHORT_POSITION_NOT_FOUND,0.008154,,0.008218,2026-04-06T23:40:13+00:00,2026-04-07T06:36:02+00:00,-0.7848908511160145,entry_to_exit_fill
2026-04-07,acc03,4,AGTUSDT,44.53,1,9b36cf07-be5e-4170-8606-e94d2441b187,2026-04-06,2026-04-06T23:40:13+00:00,2026-04-07T07:40:13+08:00,1,1658,CLOSED_EXTERNAL,SHORT_POSITION_NOT_FOUND,0.008764950142,,,2026-04-06T23:40:13+00:00,2026-04-07T05:32:02+00:00,,missing_exit_fill
2026-04-07,acc03,5,PLAYUSDT,31.74,1,9b36cf07-be5e-4170-8606-e94d2441b187,2026-04-06,2026-04-06T23:40:13+00:00,2026-04-07T07:40:13+08:00,1,1659,CLOSED_EXTERNAL,SHORT_POSITION_NOT_FOUND,0.089413533969,,0.09125,2026-04-06T23:40:13+00:00,2026-04-07T06:36:02+00:00,-2.05390162929553,entry_to_exit_fill
2026-04-07,acc03,6,BANKUSDT,31.6,1,9b36cf07-be5e-4170-8606-e94d2441b187,2026-04-06,2026-04-06T23:40:13+00:00,2026-04-07T07:40:13+08:00,1,1661,CLOSED_EXTERNAL,SHORT_POSITION_NOT_FOUND,0.0374309426533,,0.0373478,2026-04-06T23:40:13+00:00,2026-04-07T06:36:02+00:00,0.22212278774301378,entry_to_exit_fill
2026-04-07,acc03,7,AIOTUSDT,28.88,1,9b36cf07-be5e-4170-8606-e94d2441b187,2026-04-06,2026-04-06T23:40:13+00:00,2026-04-07T07:40:13+08:00,1,1664,CLOSED_EXTERNAL,SHORT_POSITION_NOT_FOUND,0.0349216547592,,0.03764,2026-04-06T23:40:13+00:00,2026-04-07T06:36:02+00:00,-7.784124949244744,entry_to_exit_fill
2026-04-07,acc03,8,4USDT,26.21,1,9b36cf07-be5e-4170-8606-e94d2441b187,2026-04-06,2026-04-06T23:40:13+00:00,2026-04-07T07:40:13+08:00,1,1667,CLOSED_EXTERNAL,SHORT_POSITION_NOT_FOUND,0.0177869477024,,0.0160138,2026-04-06T23:40:13+00:00,2026-04-07T06:36:03+00:00,9.968813829484342,entry_to_exit_fill
2026-04-07,acc03,9,BOBUSDT,22.85,1,9b36cf07-be5e-4170-8606-e94d2441b187,2026-04-06,2026-04-06T23:40:13+00:00,2026-04-07T07:40:13+08:00,1,1669,CLOSED_EXTERNAL,SHORT_POSITION_NOT_FOUND,0.00751407733,,0.0070995,2026-04-06T23:40:13+00:00,2026-04-07T06:36:03+00:00,5.5173418078197995,entry_to_exit_fill
2026-04-07,acc03,10,SUPERUSDT,20.63,1,9b36cf07-be5e-4170-8606-e94d2441b187,2026-04-06,2026-04-06T23:40:13+00:00,2026-04-07T07:40:13+08:00,1,1671,CLOSED_EXTERNAL,SHORT_POSITION_NOT_FOUND,0.1164,,0.1099,2026-04-06T23:40:14+00:00,2026-04-07T06:36:03+00:00,5.584192439862547,entry_to_exit_fill
2026-04-07,acc04,1,REDUSDT,73.67,1,2b6be870-ee63-4c09-b909-a17215f340ce,2026-04-06,2026-04-06T23:40:13+00:00,2026-04-07T07:40:13+08:00,1,1648,CLOSED_EXTERNAL,SHORT_POSITION_NOT_FOUND,0.1786998011928,,,2026-04-06T23:40:13+00:00,2026-04-07T07:42:03+00:00,,missing_exit_fill
2026-04-07,acc04,2,BULLAUSDT,61.97,1,2b6be870-ee63-4c09-b909-a17215f340ce,2026-04-06,2026-04-06T23:40:13+00:00,2026-04-07T07:40:13+08:00,1,1651,CLOSED_EXTERNAL,SHORT_POSITION_NOT_FOUND,0.013454,,,2026-04-06T23:40:13+00:00,2026-04-07T03:23:03+00:00,,missing_exit_fill
2026-04-07,acc04,3,TRUUSDT,45.1,1,2b6be870-ee63-4c09-b909-a17215f340ce,2026-04-06,2026-04-06T23:40:13+00:00,2026-04-07T07:40:13+08:00,1,1654,CLOSED_EXTERNAL,SHORT_POSITION_NOT_FOUND,0.008154,,0.0086276,2026-04-06T23:40:13+00:00,2026-04-08T00:08:04+00:00,-5.808192298258516,entry_to_exit_fill
2026-04-07,acc04,4,AGTUSDT,44.53,1,2b6be870-ee63-4c09-b909-a17215f340ce,2026-04-06,2026-04-06T23:40:13+00:00,2026-04-07T07:40:13+08:00,1,1657,CLOSED_EXTERNAL,SHORT_POSITION_NOT_FOUND,0.0087681749611,,,2026-04-06T23:40:13+00:00,2026-04-07T05:32:03+00:00,,missing_exit_fill
2026-04-07,acc04,5,PLAYUSDT,31.74,1,2b6be870-ee63-4c09-b909-a17215f340ce,2026-04-06,2026-04-06T23:40:13+00:00,2026-04-07T07:40:13+08:00,1,1663,CLOSED_EXTERNAL,SHORT_POSITION_NOT_FOUND,0.0893921,,,2026-04-06T23:40:13+00:00,2026-04-07T11:18:03+00:00,,missing_exit_fill
2026-04-07,acc04,6,BANKUSDT,31.6,1,2b6be870-ee63-4c09-b909-a17215f340ce,2026-04-06,2026-04-06T23:40:13+00:00,2026-04-07T07:40:13+08:00,1,1666,CLOSED_EXTERNAL,SHORT_POSITION_NOT_FOUND,0.0374266529096,,0.03334,2026-04-06T23:40:13+00:00,2026-04-08T05:45:03+00:00,10.919098000750589,entry_to_exit_fill
2026-04-07,acc04,7,AIOTUSDT,28.88,1,2b6be870-ee63-4c09-b909-a17215f340ce,2026-04-06,2026-04-06T23:40:13+00:00,2026-04-07T07:40:13+08:00,1,1672,CLOSED_EXTERNAL,SHORT_POSITION_NOT_FOUND,0.0349033153014,,0.03248,2026-04-06T23:40:14+00:00,2026-04-08T00:07:04+00:00,6.9429373126133855,entry_to_exit_fill
2026-04-07,acc04,8,4USDT,26.21,1,2b6be870-ee63-4c09-b909-a17215f340ce,2026-04-06,2026-04-06T23:40:13+00:00,2026-04-07T07:40:13+08:00,1,1674,CLOSED_EXTERNAL,SHORT_POSITION_NOT_FOUND,0.0177760165516,,,2026-04-06T23:40:14+00:00,2026-04-07T09:37:02+00:00,,missing_exit_fill
2026-04-07,acc04,9,BOBUSDT,22.85,1,2b6be870-ee63-4c09-b909-a17215f340ce,2026-04-06,2026-04-06T23:40:13+00:00,2026-04-07T07:40:13+08:00,1,1676,CLOSED_EXTERNAL,SHORT_POSITION_NOT_FOUND,0.0075054378678,,0.0069487,2026-04-06T23:40:14+00:00,2026-04-08T00:06:04+00:00,7.41779330675068,entry_to_exit_fill
2026-04-07,acc04,10,SUPERUSDT,20.63,1,2b6be870-ee63-4c09-b909-a17215f340ce,2026-04-06,2026-04-06T23:40:13+00:00,2026-04-07T07:40:13+08:00,1,1677,CLOSED_EXTERNAL,SHORT_POSITION_NOT_FOUND,0.1163791025641,,,2026-04-06T23:40:14+00:00,2026-04-07T07:54:03+00:00,,missing_exit_fill
2026-04-08,acc01,1,SWARMSUSDT,60.16,1,a034c161-5fee-43c9-ad5b-3d1fc9ade15a,2026-04-07,2026-04-07T23:40:14+00:00,2026-04-08T07:40:14+08:00,1,1697,CLOSED_EXTERNAL,SHORT_POSITION_NOT_FOUND,0.015222,,,2026-04-07T23:40:14+00:00,2026-04-08T04:09:03+00:00,,missing_exit_fill
2026-04-08,acc01,2,JOEUSDT,54.67,1,a034c161-5fee-43c9-ad5b-3d1fc9ade15a,2026-04-07,2026-04-07T23:40:14+00:00,2026-04-08T07:40:14+08:00,1,1699,CLOSED_EXTERNAL,SHORT_POSITION_NOT_FOUND,0.0545688106666,0.0512622,0.05194,2026-04-07T23:40:15+00:00,2026-04-09T15:44:04+00:00,4.817423422807012,entry_to_exit_fill
2026-04-08,acc01,3,BULLAUSDT,46.95,1,a034c161-5fee-43c9-ad5b-3d1fc9ade15a,2026-04-07,2026-04-07T23:40:14+00:00,2026-04-08T07:40:14+08:00,1,1700,CLOSED_EXTERNAL,SHORT_POSITION_NOT_FOUND,0.020271,,,2026-04-07T23:40:15+00:00,2026-04-08T08:00:07+00:00,,missing_exit_fill
2026-04-08,acc01,4,NOMUSDT,37.55,1,a034c161-5fee-43c9-ad5b-3d1fc9ade15a,2026-04-07,2026-04-07T23:40:14+00:00,2026-04-08T07:40:14+08:00,1,1701,CLOSED_EXTERNAL,SHORT_POSITION_NOT_FOUND,0.006106,,,2026-04-07T23:40:15+00:00,2026-04-08T04:09:03+00:00,,missing_exit_fill
2026-04-08,acc01,5,LABUSDT,31.16,1,a034c161-5fee-43c9-ad5b-3d1fc9ade15a,2026-04-07,2026-04-07T23:40:14+00:00,2026-04-08T07:40:14+08:00,1,1703,CLOSED_EXTERNAL,SHORT_POSITION_NOT_FOUND,0.3898138888889,,,2026-04-07T23:40:15+00:00,2026-04-08T17:00:04+00:00,,missing_exit_fill
2026-04-08,acc01,6,ZECUSDT,26.2,1,a034c161-5fee-43c9-ad5b-3d1fc9ade15a,2026-04-07,2026-04-07T23:40:14+00:00,2026-04-08T07:40:14+08:00,1,1705,CLOSED_EXTERNAL,SHORT_POSITION_NOT_FOUND,317.7396311475,,,2026-04-07T23:40:15+00:00,2026-04-08T08:32:03+00:00,,missing_exit_fill
2026-04-08,acc01,7,BLUAIUSDT,19.76,1,a034c161-5fee-43c9-ad5b-3d1fc9ade15a,2026-04-07,2026-04-07T23:40:14+00:00,2026-04-08T07:40:14+08:00,1,1707,CLOSED_EXTERNAL,SHORT_POSITION_NOT_FOUND,0.008826,,,2026-04-07T23:40:15+00:00,2026-04-08T04:53:03+00:00,,missing_exit_fill
2026-04-08,acc01,8,FARTCOINUSDT,19.12,1,a034c161-5fee-43c9-ad5b-3d1fc9ade15a,2026-04-07,2026-04-07T23:40:14+00:00,2026-04-08T07:40:14+08:00,1,1708,CLOSED_EXTERNAL,SHORT_POSITION_NOT_FOUND,0.1983,,,2026-04-07T23:40:15+00:00,2026-04-08T05:04:03+00:00,,missing_exit_fill
2026-04-08,acc01,9,GRIFFAINUSDT,18.68,1,a034c161-5fee-43c9-ad5b-3d1fc9ade15a,2026-04-07,2026-04-07T23:40:14+00:00,2026-04-08T07:40:14+08:00,1,1710,CLOSED_EXTERNAL,SHORT_POSITION_NOT_FOUND,0.0153462193087,,,2026-04-07T23:40:15+00:00,2026-04-08T04:02:04+00:00,,missing_exit_fill
2026-04-08,acc01,10,EDGEUSDT,17.23,1,a034c161-5fee-43c9-ad5b-3d1fc9ade15a,2026-04-07,2026-04-07T23:40:14+00:00,2026-04-08T07:40:14+08:00,1,1713,CLOSED_EXTERNAL,SHORT_POSITION_NOT_FOUND,1.0805,,,2026-04-07T23:40:15+00:00,2026-04-08T04:45:03+00:00,,missing_exit_fill
2026-04-08,acc02,1,SWARMSUSDT,60.16,1,7e511628-d573-40f1-9507-50d30277aa81,2026-04-07,2026-04-07T23:45:00+00:00,2026-04-08T07:45:00+08:00,1,1718,CLOSED_EXTERNAL,SHORT_POSITION_NOT_FOUND,0.0149815567251,,,2026-04-07T23:45:30+00:00,2026-04-08T04:09:03+00:00,,missing_exit_fill
2026-04-08,acc02,2,JOEUSDT,54.67,1,7e511628-d573-40f1-9507-50d30277aa81,2026-04-07,2026-04-07T23:45:00+00:00,2026-04-08T07:45:00+08:00,1,1719,CLOSED_EXTERNAL,SHORT_POSITION_NOT_FOUND,0.0574033476625,,0.05653,2026-04-07T23:46:00+00:00,2026-04-08T13:23:03+00:00,1.5214228752559955,entry_to_exit_fill
2026-04-08,acc02,3,BULLAUSDT,46.95,1,7e511628-d573-40f1-9507-50d30277aa81,2026-04-07,2026-04-07T23:45:00+00:00,2026-04-08T07:45:00+08:00,1,1720,CLOSED_EXTERNAL,SHORT_POSITION_NOT_FOUND,0.0204030597303,,,2026-04-07T23:46:31+00:00,2026-04-08T08:00:06+00:00,,missing_exit_fill
2026-04-08,acc02,4,NOMUSDT,37.55,1,7e511628-d573-40f1-9507-50d30277aa81,2026-04-07,2026-04-07T23:45:00+00:00,2026-04-08T07:45:00+08:00,1,1721,CLOSED_EXTERNAL,SHORT_POSITION_NOT_FOUND,0.006181,,,2026-04-07T23:47:01+00:00,2026-04-08T04:09:03+00:00,,missing_exit_fill
2026-04-08,acc02,5,LABUSDT,31.16,1,7e511628-d573-40f1-9507-50d30277aa81,2026-04-07,2026-04-07T23:45:00+00:00,2026-04-08T07:45:00+08:00,1,1722,CLOSED_EXTERNAL,SHORT_POSITION_NOT_FOUND,0.3909017977528,,0.35097,2026-04-07T23:47:31+00:00,2026-04-08T13:23:03+00:00,10.215301639019888,entry_to_exit_fill
2026-04-08,acc02,6,ZECUSDT,26.2,1,7e511628-d573-40f1-9507-50d30277aa81,2026-04-07,2026-04-07T23:45:00+00:00,2026-04-08T07:45:00+08:00,1,1723,CLOSED_EXTERNAL,SHORT_POSITION_NOT_FOUND,319.92,,,2026-04-07T23:48:01+00:00,2026-04-08T08:32:03+00:00,,missing_exit_fill
2026-04-08,acc02,7,BLUAIUSDT,19.76,1,7e511628-d573-40f1-9507-50d30277aa81,2026-04-07,2026-04-07T23:45:00+00:00,2026-04-08T07:45:00+08:00,1,1724,CLOSED_EXTERNAL,SHORT_POSITION_NOT_FOUND,0.0089242388263,,,2026-04-07T23:48:31+00:00,2026-04-08T04:53:03+00:00,,missing_exit_fill
2026-04-08,acc02,8,FARTCOINUSDT,19.12,1,7e511628-d573-40f1-9507-50d30277aa81,2026-04-07,2026-04-07T23:45:00+00:00,2026-04-08T07:45:00+08:00,1,1725,CLOSED_EXTERNAL,SHORT_POSITION_NOT_FOUND,0.1981,,,2026-04-07T23:49:01+00:00,2026-04-08T05:04:03+00:00,,missing_exit_fill
2026-04-08,acc02,9,GRIFFAINUSDT,18.68,1,7e511628-d573-40f1-9507-50d30277aa81,2026-04-07,2026-04-07T23:45:00+00:00,2026-04-08T07:45:00+08:00,1,1726,CLOSED_EXTERNAL,SHORT_POSITION_NOT_FOUND,0.0151995157196,,,2026-04-07T23:49:31+00:00,2026-04-08T04:02:04+00:00,,missing_exit_fill
2026-04-08,acc02,10,EDGEUSDT,17.23,1,7e511628-d573-40f1-9507-50d30277aa81,2026-04-07,2026-04-07T23:45:00+00:00,2026-04-08T07:45:00+08:00,1,1727,CLOSED_EXTERNAL,SHORT_POSITION_NOT_FOUND,1.0817,,,2026-04-07T23:50:01+00:00,2026-04-08T04:45:03+00:00,,missing_exit_fill
2026-04-08,acc03,1,SWARMSUSDT,60.16,1,a24a8d70-6b38-47fa-9405-4b32a2d13a71,2026-04-07,2026-04-07T23:40:14+00:00,2026-04-08T07:40:14+08:00,1,1688,CLOSED_EXTERNAL,SHORT_POSITION_NOT_FOUND,0.015222,,,2026-04-07T23:40:14+00:00,2026-04-08T04:09:03+00:00,,missing_exit_fill
2026-04-08,acc03,2,JOEUSDT,54.67,1,a24a8d70-6b38-47fa-9405-4b32a2d13a71,2026-04-07,2026-04-07T23:40:14+00:00,2026-04-08T07:40:14+08:00,1,1689,CLOSED_EXTERNAL,SHORT_POSITION_NOT_FOUND,0.05576392274,,0.05653999999999999,2026-04-07T23:40:14+00:00,2026-04-08T13:23:03+00:00,-1.3917192727248833,entry_to_exit_fill
2026-04-08,acc03,3,BULLAUSDT,46.95,1,a24a8d70-6b38-47fa-9405-4b32a2d13a71,2026-04-07,2026-04-07T23:40:14+00:00,2026-04-08T07:40:14+08:00,1,1690,CLOSED_EXTERNAL,SHORT_POSITION_NOT_FOUND,0.020271,,,2026-04-07T23:40:14+00:00,2026-04-08T08:00:06+00:00,,missing_exit_fill
2026-04-08,acc03,4,NOMUSDT,37.55,1,a24a8d70-6b38-47fa-9405-4b32a2d13a71,2026-04-07,2026-04-07T23:40:14+00:00,2026-04-08T07:40:14+08:00,1,1691,CLOSED_EXTERNAL,SHORT_POSITION_NOT_FOUND,0.0061064297402,,,2026-04-07T23:40:14+00:00,2026-04-08T04:09:03+00:00,,missing_exit_fill
2026-04-08,acc03,5,LABUSDT,31.16,1,a24a8d70-6b38-47fa-9405-4b32a2d13a71,2026-04-07,2026-04-07T23:40:14+00:00,2026-04-08T07:40:14+08:00,1,1692,CLOSED_EXTERNAL,SHORT_POSITION_NOT_FOUND,0.3898339889196,,0.3510088,2026-04-07T23:40:14+00:00,2026-04-08T13:23:03+00:00,9.959416065079791,entry_to_exit_fill
2026-04-08,acc03,6,ZECUSDT,26.2,1,a24a8d70-6b38-47fa-9405-4b32a2d13a71,2026-04-07,2026-04-07T23:40:14+00:00,2026-04-08T07:40:14+08:00,1,1693,CLOSED_EXTERNAL,SHORT_POSITION_NOT_FOUND,317.77,,,2026-04-07T23:40:14+00:00,2026-04-08T08:32:03+00:00,,missing_exit_fill
2026-04-08,acc03,7,BLUAIUSDT,19.76,1,a24a8d70-6b38-47fa-9405-4b32a2d13a71,2026-04-07,2026-04-07T23:40:14+00:00,2026-04-08T07:40:14+08:00,1,1694,CLOSED_EXTERNAL,SHORT_POSITION_NOT_FOUND,0.0088279348755,,,2026-04-07T23:40:14+00:00,2026-04-08T04:53:03+00:00,,missing_exit_fill
2026-04-08,acc03,8,FARTCOINUSDT,19.12,1,a24a8d70-6b38-47fa-9405-4b32a2d13a71,2026-04-07,2026-04-07T23:40:14+00:00,2026-04-08T07:40:14+08:00,1,1695,CLOSED_EXTERNAL,SHORT_POSITION_NOT_FOUND,0.1983,,,2026-04-07T23:40:14+00:00,2026-04-08T05:04:03+00:00,,missing_exit_fill
2026-04-08,acc03,9,GRIFFAINUSDT,18.68,1,a24a8d70-6b38-47fa-9405-4b32a2d13a71,2026-04-07,2026-04-07T23:40:14+00:00,2026-04-08T07:40:14+08:00,1,1696,CLOSED_EXTERNAL,SHORT_POSITION_NOT_FOUND,0.0153489287823,,,2026-04-07T23:40:14+00:00,2026-04-08T04:02:04+00:00,,missing_exit_fill
2026-04-08,acc03,10,EDGEUSDT,17.23,1,a24a8d70-6b38-47fa-9405-4b32a2d13a71,2026-04-07,2026-04-07T23:40:14+00:00,2026-04-08T07:40:14+08:00,1,1698,CLOSED_EXTERNAL,SHORT_POSITION_NOT_FOUND,1.080446153846,,,2026-04-07T23:40:14+00:00,2026-04-08T04:45:03+00:00,,missing_exit_fill
2026-04-08,acc04,1,SWARMSUSDT,60.16,1,0761f9eb-1b78-4c05-8fad-19c79dcda23f,2026-04-07,2026-04-07T23:40:14+00:00,2026-04-08T07:40:14+08:00,1,1702,CLOSED_EXTERNAL,SHORT_POSITION_NOT_FOUND,0.015224,,,2026-04-07T23:40:15+00:00,2026-04-08T04:09:04+00:00,,missing_exit_fill
2026-04-08,acc04,2,JOEUSDT,54.67,1,0761f9eb-1b78-4c05-8fad-19c79dcda23f,2026-04-07,2026-04-07T23:40:14+00:00,2026-04-08T07:40:14+08:00,1,1704,CLOSED_EXTERNAL,SHORT_POSITION_NOT_FOUND,0.0545729332553,0.0512624,,2026-04-07T23:40:15+00:00,2026-04-09T15:44:04+00:00,,missing_exit_fill
2026-04-08,acc04,3,BULLAUSDT,46.95,1,0761f9eb-1b78-4c05-8fad-19c79dcda23f,2026-04-07,2026-04-07T23:40:14+00:00,2026-04-08T07:40:14+08:00,1,1706,CLOSED_EXTERNAL,SHORT_POSITION_NOT_FOUND,0.020271,,,2026-04-07T23:40:15+00:00,2026-04-08T08:00:07+00:00,,missing_exit_fill
2026-04-08,acc04,4,NOMUSDT,37.55,1,0761f9eb-1b78-4c05-8fad-19c79dcda23f,2026-04-07,2026-04-07T23:40:14+00:00,2026-04-08T07:40:14+08:00,1,1709,CLOSED_EXTERNAL,SHORT_POSITION_NOT_FOUND,0.0061042203331,,,2026-04-07T23:40:15+00:00,2026-04-08T04:08:04+00:00,,missing_exit_fill
2026-04-08,acc04,5,LABUSDT,31.16,1,0761f9eb-1b78-4c05-8fad-19c79dcda23f,2026-04-07,2026-04-07T23:40:14+00:00,2026-04-08T07:40:14+08:00,1,1711,CLOSED_EXTERNAL,SHORT_POSITION_NOT_FOUND,0.3898148066298,,,2026-04-07T23:40:15+00:00,2026-04-08T17:00:04+00:00,,missing_exit_fill
2026-04-08,acc04,6,ZECUSDT,26.2,1,0761f9eb-1b78-4c05-8fad-19c79dcda23f,2026-04-07,2026-04-07T23:40:14+00:00,2026-04-08T07:40:14+08:00,1,1712,CLOSED_EXTERNAL,SHORT_POSITION_NOT_FOUND,317.7095045045,,,2026-04-07T23:40:15+00:00,2026-04-08T08:32:03+00:00,,missing_exit_fill
2026-04-08,acc04,7,BLUAIUSDT,19.76,1,0761f9eb-1b78-4c05-8fad-19c79dcda23f,2026-04-07,2026-04-07T23:40:14+00:00,2026-04-08T07:40:14+08:00,1,1714,CLOSED_EXTERNAL,SHORT_POSITION_NOT_FOUND,0.008826,,,2026-04-07T23:40:15+00:00,2026-04-08T04:53:04+00:00,,missing_exit_fill
2026-04-08,acc04,8,FARTCOINUSDT,19.12,1,0761f9eb-1b78-4c05-8fad-19c79dcda23f,2026-04-07,2026-04-07T23:40:14+00:00,2026-04-08T07:40:14+08:00,1,1715,CLOSED_EXTERNAL,SHORT_POSITION_NOT_FOUND,0.1983,,,2026-04-07T23:40:15+00:00,2026-04-08T05:04:04+00:00,,missing_exit_fill
2026-04-08,acc04,9,GRIFFAINUSDT,18.68,1,0761f9eb-1b78-4c05-8fad-19c79dcda23f,2026-04-07,2026-04-07T23:40:14+00:00,2026-04-08T07:40:14+08:00,1,1716,CLOSED_EXTERNAL,SHORT_POSITION_NOT_FOUND,0.0153430852594,,,2026-04-07T23:40:15+00:00,2026-04-08T04:02:04+00:00,,missing_exit_fill
2026-04-08,acc04,10,EDGEUSDT,17.23,1,0761f9eb-1b78-4c05-8fad-19c79dcda23f,2026-04-07,2026-04-07T23:40:14+00:00,2026-04-08T07:40:14+08:00,1,1717,CLOSED_EXTERNAL,SHORT_POSITION_NOT_FOUND,1.0806,,,2026-04-07T23:40:15+00:00,2026-04-08T04:45:04+00:00,,missing_exit_fill
2026-04-09,acc01,1,ARIAUSDT,36.08,1,99ad7750-d5bd-4916-8499-7951620a3634,2026-04-08,2026-04-08T23:40:13+00:00,2026-04-09T07:40:13+08:00,1,1730,CLOSED_EXTERNAL,SHORT_POSITION_NOT_FOUND,0.692947826087,,0.4047232,2026-04-08T23:40:13+00:00,2026-04-09T12:00:05+00:00,41.59398662300057,entry_to_exit_fill
2026-04-09,acc01,2,4USDT,35.36,1,99ad7750-d5bd-4916-8499-7951620a3634,2026-04-08,2026-04-08T23:40:13+00:00,2026-04-09T07:40:13+08:00,1,1731,CLOSED_EXTERNAL,SHORT_POSITION_NOT_FOUND,0.0226951043046,,,2026-04-08T23:40:13+00:00,2026-04-09T08:00:06+00:00,,missing_exit_fill
2026-04-09,acc01,3,ENJUSDT,34.54,1,99ad7750-d5bd-4916-8499-7951620a3634,2026-04-08,2026-04-08T23:40:13+00:00,2026-04-09T07:40:13+08:00,1,1734,CLOSED_EXTERNAL,SHORT_POSITION_NOT_FOUND,0.02682,,,2026-04-08T23:40:13+00:00,2026-04-09T03:17:04+00:00,,missing_exit_fill
2026-04-09,acc01,4,MAGMAUSDT,32.99,1,99ad7750-d5bd-4916-8499-7951620a3634,2026-04-08,2026-04-08T23:40:13+00:00,2026-04-09T07:40:13+08:00,1,1737,CLOSED_EXTERNAL,SHORT_POSITION_NOT_FOUND,0.1382,,0.1530097,2026-04-08T23:40:13+00:00,2026-04-09T12:30:04+00:00,-10.71613603473228,entry_to_exit_fill
2026-04-09,acc01,5,TRADOORUSDT,25.85,1,99ad7750-d5bd-4916-8499-7951620a3634,2026-04-08,2026-04-08T23:40:13+00:00,2026-04-09T07:40:13+08:00,1,1740,CLOSED_EXTERNAL,SHORT_POSITION_NOT_FOUND,4.103,,,2026-04-08T23:40:13+00:00,2026-04-09T08:06:03+00:00,,missing_exit_fill
2026-04-09,acc01,6,RAVEUSDT,19.28,1,99ad7750-d5bd-4916-8499-7951620a3634,2026-04-08,2026-04-08T23:40:13+00:00,2026-04-09T07:40:13+08:00,1,1743,CLOSED_EXTERNAL,SHORT_POSITION_NOT_FOUND,0.3186027152318,,,2026-04-08T23:40:14+00:00,2026-04-09T04:47:03+00:00,,missing_exit_fill
2026-04-09,acc01,7,CLOUSDT,15.27,1,99ad7750-d5bd-4916-8499-7951620a3634,2026-04-08,2026-04-08T23:40:13+00:00,2026-04-09T07:40:13+08:00,1,1746,CLOSED_EXTERNAL,SHORT_POSITION_NOT_FOUND,0.1059384140969,,0.0859,2026-04-08T23:40:14+00:00,2026-04-09T12:00:05+00:00,18.915153929500217,entry_to_exit_fill
2026-04-09,acc01,8,DRIFTUSDT,14.89,1,99ad7750-d5bd-4916-8499-7951620a3634,2026-04-08,2026-04-08T23:40:13+00:00,2026-04-09T07:40:13+08:00,1,1749,CLOSED_EXTERNAL,SHORT_POSITION_NOT_FOUND,0.0290583233109,0.027129999999999998,0.0288,2026-04-08T23:40:14+00:00,2026-04-10T00:35:33+00:00,0.8889821623090772,entry_to_exit_fill
2026-04-09,acc01,9,XPINUSDT,14.49,1,99ad7750-d5bd-4916-8499-7951620a3634,2026-04-08,2026-04-08T23:40:13+00:00,2026-04-09T07:40:13+08:00,1,1752,CLOSED_EXTERNAL,SHORT_POSITION_NOT_FOUND,0.001484,,,2026-04-08T23:40:14+00:00,2026-04-09T06:33:04+00:00,,missing_exit_fill
2026-04-09,acc01,10,ORDERUSDT,13.84,1,99ad7750-d5bd-4916-8499-7951620a3634,2026-04-08,2026-04-08T23:40:13+00:00,2026-04-09T07:40:13+08:00,1,1755,CLOSED_EXTERNAL,SHORT_POSITION_NOT_FOUND,0.06098,,,2026-04-08T23:40:14+00:00,2026-04-09T07:36:03+00:00,,missing_exit_fill
2026-04-09,acc02,1,ARIAUSDT,36.08,1,ac0012a8-411b-4910-a124-c2ac4464eec1,2026-04-08,2026-04-08T23:45:00+00:00,2026-04-09T07:45:00+08:00,1,1758,CLOSED_EXTERNAL,SHORT_POSITION_NOT_FOUND,0.6964,,,2026-04-08T23:45:30+00:00,2026-04-09T12:00:05+00:00,,missing_exit_fill
2026-04-09,acc02,2,4USDT,35.36,1,ac0012a8-411b-4910-a124-c2ac4464eec1,2026-04-08,2026-04-08T23:45:00+00:00,2026-04-09T07:45:00+08:00,1,1759,CLOSED_EXTERNAL,SHORT_POSITION_NOT_FOUND,0.0227712491753,,,2026-04-08T23:46:00+00:00,2026-04-09T08:00:06+00:00,,missing_exit_fill
2026-04-09,acc02,3,ENJUSDT,34.54,1,ac0012a8-411b-4910-a124-c2ac4464eec1,2026-04-08,2026-04-08T23:45:00+00:00,2026-04-09T07:45:00+08:00,1,1760,CLOSED_EXTERNAL,SHORT_POSITION_NOT_FOUND,0.02682,,,2026-04-08T23:46:31+00:00,2026-04-09T03:17:04+00:00,,missing_exit_fill
2026-04-09,acc02,4,MAGMAUSDT,32.99,1,ac0012a8-411b-4910-a124-c2ac4464eec1,2026-04-08,2026-04-08T23:45:00+00:00,2026-04-09T07:45:00+08:00,1,1761,CLOSED_EXTERNAL,SHORT_POSITION_NOT_FOUND,0.1376669117648,,,2026-04-08T23:47:01+00:00,2026-04-09T12:30:04+00:00,,missing_exit_fill
2026-04-09,acc02,5,TRADOORUSDT,25.85,1,ac0012a8-411b-4910-a124-c2ac4464eec1,2026-04-08,2026-04-08T23:45:00+00:00,2026-04-09T07:45:00+08:00,1,1762,CLOSED_EXTERNAL,SHORT_POSITION_NOT_FOUND,4.111,,,2026-04-08T23:47:31+00:00,2026-04-09T08:06:03+00:00,,missing_exit_fill
2026-04-09,acc02,6,RAVEUSDT,19.28,1,ac0012a8-411b-4910-a124-c2ac4464eec1,2026-04-08,2026-04-08T23:45:00+00:00,2026-04-09T07:45:00+08:00,1,1763,CLOSED_EXTERNAL,SHORT_POSITION_NOT_FOUND,0.3178869846154,,,2026-04-08T23:48:01+00:00,2026-04-09T04:47:03+00:00,,missing_exit_fill
2026-04-09,acc02,7,CLOUSDT,15.27,1,ac0012a8-411b-4910-a124-c2ac4464eec1,2026-04-08,2026-04-08T23:45:00+00:00,2026-04-09T07:45:00+08:00,1,1764,CLOSED_EXTERNAL,SHORT_POSITION_NOT_FOUND,0.1056487205731,,,2026-04-08T23:48:31+00:00,2026-04-09T12:00:05+00:00,,missing_exit_fill
2026-04-09,acc02,8,DRIFTUSDT,14.89,1,ac0012a8-411b-4910-a124-c2ac4464eec1,2026-04-08,2026-04-08T23:45:00+00:00,2026-04-09T07:45:00+08:00,1,1765,CLOSED_EXTERNAL,SHORT_POSITION_NOT_FOUND,0.03077,,0.02909,2026-04-08T23:49:01+00:00,2026-04-09T13:24:03+00:00,5.459863503412406,entry_to_exit_fill
2026-04-09,acc02,9,XPINUSDT,14.49,1,ac0012a8-411b-4910-a124-c2ac4464eec1,2026-04-08,2026-04-08T23:45:00+00:00,2026-04-09T07:45:00+08:00,1,1766,CLOSED_EXTERNAL,SHORT_POSITION_NOT_FOUND,0.001483,,,2026-04-08T23:49:31+00:00,2026-04-09T06:33:04+00:00,,missing_exit_fill
2026-04-09,acc02,10,ORDERUSDT,13.84,1,ac0012a8-411b-4910-a124-c2ac4464eec1,2026-04-08,2026-04-08T23:45:00+00:00,2026-04-09T07:45:00+08:00,1,1767,CLOSED_EXTERNAL,SHORT_POSITION_NOT_FOUND,0.0612809647059,,,2026-04-08T23:50:01+00:00,2026-04-09T07:36:03+00:00,,missing_exit_fill
2026-04-09,acc03,1,ARIAUSDT,36.08,1,c0d71b9d-6fd5-4dd4-8ac0-a03c1be326e6,2026-04-08,2026-04-08T23:40:13+00:00,2026-04-09T07:40:13+08:00,1,1728,CLOSED_EXTERNAL,SHORT_POSITION_NOT_FOUND,0.693,,,2026-04-08T23:40:13+00:00,2026-04-09T12:00:05+00:00,,missing_exit_fill
2026-04-09,acc03,2,4USDT,35.36,1,c0d71b9d-6fd5-4dd4-8ac0-a03c1be326e6,2026-04-08,2026-04-08T23:40:13+00:00,2026-04-09T07:40:13+08:00,1,1729,CLOSED_EXTERNAL,SHORT_POSITION_NOT_FOUND,0.022705,,,2026-04-08T23:40:13+00:00,2026-04-09T08:00:06+00:00,,missing_exit_fill
2026-04-09,acc03,3,ENJUSDT,34.54,1,c0d71b9d-6fd5-4dd4-8ac0-a03c1be326e6,2026-04-08,2026-04-08T23:40:13+00:00,2026-04-09T07:40:13+08:00,1,1733,CLOSED_EXTERNAL,SHORT_POSITION_NOT_FOUND,0.02682,,,2026-04-08T23:40:13+00:00,2026-04-09T03:17:04+00:00,,missing_exit_fill
2026-04-09,acc03,4,MAGMAUSDT,32.99,1,c0d71b9d-6fd5-4dd4-8ac0-a03c1be326e6,2026-04-08,2026-04-08T23:40:13+00:00,2026-04-09T07:40:13+08:00,1,1736,CLOSED_EXTERNAL,SHORT_POSITION_NOT_FOUND,0.1382,,,2026-04-08T23:40:13+00:00,2026-04-09T12:30:04+00:00,,missing_exit_fill
2026-04-09,acc03,5,TRADOORUSDT,25.85,1,c0d71b9d-6fd5-4dd4-8ac0-a03c1be326e6,2026-04-08,2026-04-08T23:40:13+00:00,2026-04-09T07:40:13+08:00,1,1738,CLOSED_EXTERNAL,SHORT_POSITION_NOT_FOUND,4.103,,,2026-04-08T23:40:13+00:00,2026-04-09T08:06:03+00:00,,missing_exit_fill
2026-04-09,acc03,6,RAVEUSDT,19.28,1,c0d71b9d-6fd5-4dd4-8ac0-a03c1be326e6,2026-04-08,2026-04-08T23:40:13+00:00,2026-04-09T07:40:13+08:00,1,1741,CLOSED_EXTERNAL,SHORT_POSITION_NOT_FOUND,0.3186411520737,,,2026-04-08T23:40:14+00:00,2026-04-09T04:47:03+00:00,,missing_exit_fill
2026-04-09,acc03,7,CLOUSDT,15.27,1,c0d71b9d-6fd5-4dd4-8ac0-a03c1be326e6,2026-04-08,2026-04-08T23:40:13+00:00,2026-04-09T07:40:13+08:00,1,1745,CLOSED_EXTERNAL,SHORT_POSITION_NOT_FOUND,0.1059757427259,,,2026-04-08T23:40:14+00:00,2026-04-09T12:00:05+00:00,,missing_exit_fill
2026-04-09,acc03,8,DRIFTUSDT,14.89,1,c0d71b9d-6fd5-4dd4-8ac0-a03c1be326e6,2026-04-08,2026-04-08T23:40:13+00:00,2026-04-09T07:40:13+08:00,1,1748,CLOSED_EXTERNAL,SHORT_POSITION_NOT_FOUND,0.0306,,0.029085299999999998,2026-04-08T23:40:14+00:00,2026-04-09T13:24:03+00:00,4.950000000000003,entry_to_exit_fill
2026-04-09,acc03,9,XPINUSDT,14.49,1,c0d71b9d-6fd5-4dd4-8ac0-a03c1be326e6,2026-04-08,2026-04-08T23:40:13+00:00,2026-04-09T07:40:13+08:00,1,1751,CLOSED_EXTERNAL,SHORT_POSITION_NOT_FOUND,0.0014840003217,,,2026-04-08T23:40:14+00:00,2026-04-09T06:33:04+00:00,,missing_exit_fill
2026-04-09,acc03,10,ORDERUSDT,13.84,1,c0d71b9d-6fd5-4dd4-8ac0-a03c1be326e6,2026-04-08,2026-04-08T23:40:13+00:00,2026-04-09T07:40:13+08:00,1,1754,CLOSED_EXTERNAL,SHORT_POSITION_NOT_FOUND,0.06098,,,2026-04-08T23:40:14+00:00,2026-04-09T07:36:03+00:00,,missing_exit_fill
2026-04-09,acc04,1,ARIAUSDT,36.08,1,0b00a3bf-3370-4ba3-a712-a907c365272d,2026-04-08,2026-04-08T23:40:13+00:00,2026-04-09T07:40:13+08:00,1,1732,CLOSED_EXTERNAL,SHORT_POSITION_NOT_FOUND,0.6928706349206,,,2026-04-08T23:40:13+00:00,2026-04-09T12:00:05+00:00,,missing_exit_fill
2026-04-09,acc04,2,4USDT,35.36,1,0b00a3bf-3370-4ba3-a712-a907c365272d,2026-04-08,2026-04-08T23:40:13+00:00,2026-04-09T07:40:13+08:00,1,1735,CLOSED_EXTERNAL,SHORT_POSITION_NOT_FOUND,0.0226929553594,,,2026-04-08T23:40:13+00:00,2026-04-09T08:00:07+00:00,,missing_exit_fill
2026-04-09,acc04,3,ENJUSDT,34.54,1,0b00a3bf-3370-4ba3-a712-a907c365272d,2026-04-08,2026-04-08T23:40:13+00:00,2026-04-09T07:40:13+08:00,1,1739,CLOSED_EXTERNAL,SHORT_POSITION_NOT_FOUND,0.02682,,,2026-04-08T23:40:13+00:00,2026-04-09T03:17:04+00:00,,missing_exit_fill
2026-04-09,acc04,4,MAGMAUSDT,32.99,1,0b00a3bf-3370-4ba3-a712-a907c365272d,2026-04-08,2026-04-08T23:40:13+00:00,2026-04-09T07:40:13+08:00,1,1742,CLOSED_EXTERNAL,SHORT_POSITION_NOT_FOUND,0.1381483753943,,,2026-04-08T23:40:14+00:00,2026-04-09T12:30:04+00:00,,missing_exit_fill
2026-04-09,acc04,5,TRADOORUSDT,25.85,1,0b00a3bf-3370-4ba3-a712-a907c365272d,2026-04-08,2026-04-08T23:40:13+00:00,2026-04-09T07:40:13+08:00,1,1744,CLOSED_EXTERNAL,SHORT_POSITION_NOT_FOUND,4.102952380952,,,2026-04-08T23:40:14+00:00,2026-04-09T08:06:04+00:00,,missing_exit_fill
2026-04-09,acc04,6,RAVEUSDT,19.28,1,0b00a3bf-3370-4ba3-a712-a907c365272d,2026-04-08,2026-04-08T23:40:13+00:00,2026-04-09T07:40:13+08:00,1,1747,CLOSED_EXTERNAL,SHORT_POSITION_NOT_FOUND,0.3185978181819,,,2026-04-08T23:40:14+00:00,2026-04-09T04:47:04+00:00,,missing_exit_fill
2026-04-09,acc04,7,CLOUSDT,15.27,1,0b00a3bf-3370-4ba3-a712-a907c365272d,2026-04-08,2026-04-08T23:40:13+00:00,2026-04-09T07:40:13+08:00,1,1750,CLOSED_EXTERNAL,SHORT_POSITION_NOT_FOUND,0.1059007608696,,,2026-04-08T23:40:14+00:00,2026-04-09T12:00:06+00:00,,missing_exit_fill
2026-04-09,acc04,8,DRIFTUSDT,14.89,1,0b00a3bf-3370-4ba3-a712-a907c365272d,2026-04-08,2026-04-08T23:40:13+00:00,2026-04-09T07:40:13+08:00,1,1753,CLOSED_EXTERNAL,SHORT_POSITION_NOT_FOUND,0.0300314632009,0.02713,,2026-04-08T23:40:14+00:00,2026-04-10T00:35:34+00:00,,missing_exit_fill
2026-04-09,acc04,9,XPINUSDT,14.49,1,0b00a3bf-3370-4ba3-a712-a907c365272d,2026-04-08,2026-04-08T23:40:13+00:00,2026-04-09T07:40:13+08:00,1,1756,CLOSED_EXTERNAL,SHORT_POSITION_NOT_FOUND,0.0014838269618,,,2026-04-08T23:40:14+00:00,2026-04-09T06:33:04+00:00,,missing_exit_fill
2026-04-09,acc04,10,ORDERUSDT,13.84,1,0b00a3bf-3370-4ba3-a712-a907c365272d,2026-04-08,2026-04-08T23:40:13+00:00,2026-04-09T07:40:13+08:00,1,1757,CLOSED_EXTERNAL,SHORT_POSITION_NOT_FOUND,0.06098,,,2026-04-08T23:40:14+00:00,2026-04-09T07:36:04+00:00,,missing_exit_fill
2026-04-10,acc01,1,RAVEUSDT,193.48,1,3a620cae-1a08-4086-98a6-f0e902239666,2026-04-09,2026-04-09T23:40:13+00:00,2026-04-10T07:40:13+08:00,1,1768,CLOSED_EXTERNAL,SHORT_POSITION_NOT_FOUND,0.9264914953271,,,2026-04-09T23:40:13+00:00,2026-04-10T10:19:33+00:00,,missing_exit_fill
2026-04-10,acc01,2,AGTUSDT,89.33,1,3a620cae-1a08-4086-98a6-f0e902239666,2026-04-09,2026-04-09T23:40:13+00:00,2026-04-10T07:40:13+08:00,1,1769,CLOSED_EXTERNAL,SHORT_POSITION_NOT_FOUND,0.0156718903391,,,2026-04-09T23:40:13+00:00,2026-04-10T17:23:33+00:00,,missing_exit_fill
2026-04-10,acc01,3,AKEUSDT,82.01,1,3a620cae-1a08-4086-98a6-f0e902239666,2026-04-09,2026-04-09T23:40:13+00:00,2026-04-10T07:40:13+08:00,1,1772,CLOSED_EXTERNAL,SHORT_POSITION_NOT_FOUND,0.0004123373571,,,2026-04-09T23:40:13+00:00,2026-04-10T18:01:33+00:00,,missing_exit_fill
2026-04-10,acc01,4,MAGMAUSDT,76.02,1,3a620cae-1a08-4086-98a6-f0e902239666,2026-04-09,2026-04-09T23:40:13+00:00,2026-04-10T07:40:13+08:00,1,1775,CLOSED_EXTERNAL,SHORT_POSITION_NOT_FOUND,0.241982929782,,,2026-04-09T23:40:13+00:00,2026-04-10T10:28:33+00:00,,missing_exit_fill
2026-04-10,acc01,5,TNSRUSDT,37.64,1,3a620cae-1a08-4086-98a6-f0e902239666,2026-04-09,2026-04-09T23:40:13+00:00,2026-04-10T07:40:13+08:00,1,1778,CLOSED_EXTERNAL,SHORT_POSITION_NOT_FOUND,0.0496452773304,,,2026-04-09T23:40:13+00:00,2026-04-11T00:02:12+00:00,,missing_exit_fill
2026-04-10,acc01,6,NOMUSDT,25.91,1,3a620cae-1a08-4086-98a6-f0e902239666,2026-04-09,2026-04-09T23:40:13+00:00,2026-04-10T07:40:13+08:00,1,1781,CLOSED_EXTERNAL,SHORT_POSITION_NOT_FOUND,0.0074532930597,,,2026-04-09T23:40:13+00:00,2026-04-10T05:57:34+00:00,,missing_exit_fill
2026-04-10,acc01,7,BASUSDT,20.99,1,3a620cae-1a08-4086-98a6-f0e902239666,2026-04-09,2026-04-09T23:40:13+00:00,2026-04-10T07:40:13+08:00,1,1783,CLOSED_EXTERNAL,SHORT_POSITION_NOT_FOUND,0.0066860947595,,,2026-04-09T23:40:13+00:00,2026-04-10T05:42:33+00:00,,missing_exit_fill
2026-04-10,acc01,8,CHILLGUYUSDT,20.35,1,3a620cae-1a08-4086-98a6-f0e902239666,2026-04-09,2026-04-09T23:40:13+00:00,2026-04-10T07:40:13+08:00,1,1786,CLOSED_EXTERNAL,SHORT_POSITION_NOT_FOUND,0.0101485922123,,,2026-04-09T23:40:13+00:00,2026-04-10T04:06:33+00:00,,missing_exit_fill
2026-04-10,acc01,9,ONGUSDT,17.0,1,3a620cae-1a08-4086-98a6-f0e902239666,2026-04-09,2026-04-09T23:40:13+00:00,2026-04-10T07:40:13+08:00,1,1788,CLOSED_EXTERNAL,SHORT_POSITION_NOT_FOUND,0.0877,,,2026-04-09T23:40:13+00:00,2026-04-10T09:04:33+00:00,,missing_exit_fill
2026-04-10,acc01,10,SIRENUSDT,16.72,1,3a620cae-1a08-4086-98a6-f0e902239666,2026-04-09,2026-04-09T23:40:13+00:00,2026-04-10T07:40:13+08:00,1,1791,CLOSED_EXTERNAL,SHORT_POSITION_NOT_FOUND,0.6571697368421,,,2026-04-09T23:40:13+00:00,2026-04-10T05:23:34+00:00,,missing_exit_fill
2026-04-10,acc02,1,RAVEUSDT,193.48,1,d4c33f18-d894-4134-806b-14454e996820,2026-04-09,2026-04-09T23:45:00+00:00,2026-04-10T07:45:00+08:00,1,1798,CLOSED_EXTERNAL,SHORT_POSITION_NOT_FOUND,0.94897,,0.98846,2026-04-09T23:45:30+00:00,2026-04-10T10:19:33+00:00,-4.161353888953289,entry_to_exit_fill
2026-04-10,acc02,2,AGTUSDT,89.33,1,d4c33f18-d894-4134-806b-14454e996820,2026-04-09,2026-04-09T23:45:00+00:00,2026-04-10T07:45:00+08:00,1,1799,CLOSED_EXTERNAL,SHORT_POSITION_NOT_FOUND,0.0160595362874,,,2026-04-09T23:46:00+00:00,2026-04-10T17:23:33+00:00,,missing_exit_fill
2026-04-10,acc02,3,AKEUSDT,82.01,1,d4c33f18-d894-4134-806b-14454e996820,2026-04-09,2026-04-09T23:45:00+00:00,2026-04-10T07:45:00+08:00,1,1800,CLOSED_EXTERNAL,SHORT_POSITION_NOT_FOUND,0.0004233,,,2026-04-09T23:46:30+00:00,2026-04-10T04:00:33+00:00,,missing_exit_fill
2026-04-10,acc02,4,MAGMAUSDT,76.02,1,d4c33f18-d894-4134-806b-14454e996820,2026-04-09,2026-04-09T23:45:00+00:00,2026-04-10T07:45:00+08:00,1,1801,CLOSED_EXTERNAL,SHORT_POSITION_NOT_FOUND,0.2298541188525,0.22695,,2026-04-09T23:47:00+00:00,2026-04-10T10:28:33+00:00,,missing_exit_fill
2026-04-10,acc02,5,TNSRUSDT,37.64,1,d4c33f18-d894-4134-806b-14454e996820,2026-04-09,2026-04-09T23:45:00+00:00,2026-04-10T07:45:00+08:00,1,1802,CLOSED_EXTERNAL,SHORT_POSITION_NOT_FOUND,0.0512225805003,,0.04199,2026-04-09T23:48:00+00:00,2026-04-11T00:02:12+00:00,18.024434556251858,entry_to_exit_fill
2026-04-10,acc02,6,NOMUSDT,25.91,1,d4c33f18-d894-4134-806b-14454e996820,2026-04-09,2026-04-09T23:45:00+00:00,2026-04-10T07:45:00+08:00,1,1803,CLOSED_EXTERNAL,SHORT_POSITION_NOT_FOUND,0.007410041084,,,2026-04-09T23:48:31+00:00,2026-04-10T05:57:34+00:00,,missing_exit_fill
2026-04-10,acc02,7,BASUSDT,20.99,1,d4c33f18-d894-4134-806b-14454e996820,2026-04-09,2026-04-09T23:45:00+00:00,2026-04-10T07:45:00+08:00,1,1804,CLOSED_EXTERNAL,SHORT_POSITION_NOT_FOUND,0.0066746868456,,,2026-04-09T23:49:01+00:00,2026-04-10T05:42:33+00:00,,missing_exit_fill
2026-04-10,acc02,8,CHILLGUYUSDT,20.35,1,d4c33f18-d894-4134-806b-14454e996820,2026-04-09,2026-04-09T23:45:00+00:00,2026-04-10T07:45:00+08:00,1,1805,CLOSED_EXTERNAL,SHORT_POSITION_NOT_FOUND,0.0101465283926,,,2026-04-09T23:49:31+00:00,2026-04-10T04:06:33+00:00,,missing_exit_fill
2026-04-10,acc02,9,ONGUSDT,17.0,1,d4c33f18-d894-4134-806b-14454e996820,2026-04-09,2026-04-09T23:45:00+00:00,2026-04-10T07:45:00+08:00,1,1806,CLOSED_EXTERNAL,SHORT_POSITION_NOT_FOUND,0.08704,,,2026-04-09T23:50:01+00:00,2026-04-10T09:04:33+00:00,,missing_exit_fill
2026-04-10,acc02,10,SIRENUSDT,16.72,1,d4c33f18-d894-4134-806b-14454e996820,2026-04-09,2026-04-09T23:45:00+00:00,2026-04-10T07:45:00+08:00,1,1807,CLOSED_EXTERNAL,SHORT_POSITION_NOT_FOUND,0.6289653216374,,,2026-04-09T23:50:31+00:00,2026-04-10T05:23:34+00:00,,missing_exit_fill
2026-04-10,acc03,1,RAVEUSDT,193.48,1,df6df1a6-d02f-497a-a6ab-c3d381164c43,2026-04-09,2026-04-09T23:40:13+00:00,2026-04-10T07:40:13+08:00,1,1770,CLOSED_EXTERNAL,SHORT_POSITION_NOT_FOUND,0.9256787500001,,,2026-04-09T23:40:13+00:00,2026-04-10T10:19:33+00:00,,missing_exit_fill
2026-04-10,acc03,2,AGTUSDT,89.33,1,df6df1a6-d02f-497a-a6ab-c3d381164c43,2026-04-09,2026-04-09T23:40:13+00:00,2026-04-10T07:40:13+08:00,1,1773,CLOSED_EXTERNAL,SHORT_POSITION_NOT_FOUND,0.0156638696301,,,2026-04-09T23:40:13+00:00,2026-04-10T17:23:33+00:00,,missing_exit_fill
2026-04-10,acc03,3,AKEUSDT,82.01,1,df6df1a6-d02f-497a-a6ab-c3d381164c43,2026-04-09,2026-04-09T23:40:13+00:00,2026-04-10T07:40:13+08:00,1,1777,CLOSED_EXTERNAL,SHORT_POSITION_NOT_FOUND,0.000412,,,2026-04-09T23:40:13+00:00,2026-04-10T18:01:33+00:00,,missing_exit_fill
2026-04-10,acc03,4,MAGMAUSDT,76.02,1,df6df1a6-d02f-497a-a6ab-c3d381164c43,2026-04-09,2026-04-09T23:40:13+00:00,2026-04-10T07:40:13+08:00,1,1780,CLOSED_EXTERNAL,SHORT_POSITION_NOT_FOUND,0.2418912965964,,,2026-04-09T23:40:13+00:00,2026-04-10T10:28:33+00:00,,missing_exit_fill
2026-04-10,acc03,5,TNSRUSDT,37.64,1,df6df1a6-d02f-497a-a6ab-c3d381164c43,2026-04-09,2026-04-09T23:40:13+00:00,2026-04-10T07:40:13+08:00,1,1785,CLOSED_EXTERNAL,SHORT_POSITION_NOT_FOUND,0.0496003445254,,0.04198,2026-04-09T23:40:13+00:00,2026-04-11T00:02:12+00:00,15.36349111748139,entry_to_exit_fill
2026-04-10,acc03,6,NOMUSDT,25.91,1,df6df1a6-d02f-497a-a6ab-c3d381164c43,2026-04-09,2026-04-09T23:40:13+00:00,2026-04-10T07:40:13+08:00,1,1789,CLOSED_EXTERNAL,SHORT_POSITION_NOT_FOUND,0.0074501048133,,,2026-04-09T23:40:13+00:00,2026-04-10T05:57:34+00:00,,missing_exit_fill
2026-04-10,acc03,7,BASUSDT,20.99,1,df6df1a6-d02f-497a-a6ab-c3d381164c43,2026-04-09,2026-04-09T23:40:13+00:00,2026-04-10T07:40:13+08:00,1,1792,CLOSED_EXTERNAL,SHORT_POSITION_NOT_FOUND,0.0066780555606,,,2026-04-09T23:40:13+00:00,2026-04-10T05:42:33+00:00,,missing_exit_fill
2026-04-10,acc03,8,CHILLGUYUSDT,20.35,1,df6df1a6-d02f-497a-a6ab-c3d381164c43,2026-04-09,2026-04-09T23:40:13+00:00,2026-04-10T07:40:13+08:00,1,1795,CLOSED_EXTERNAL,SHORT_POSITION_NOT_FOUND,0.0101442952472,,,2026-04-09T23:40:14+00:00,2026-04-10T04:06:33+00:00,,missing_exit_fill
2026-04-10,acc03,9,ONGUSDT,17.0,1,df6df1a6-d02f-497a-a6ab-c3d381164c43,2026-04-09,2026-04-09T23:40:13+00:00,2026-04-10T07:40:13+08:00,1,1796,CLOSED_EXTERNAL,SHORT_POSITION_NOT_FOUND,0.0877,,,2026-04-09T23:40:14+00:00,2026-04-10T09:04:33+00:00,,missing_exit_fill
2026-04-10,acc03,10,SIRENUSDT,16.72,1,df6df1a6-d02f-497a-a6ab-c3d381164c43,2026-04-09,2026-04-09T23:40:13+00:00,2026-04-10T07:40:13+08:00,1,1797,CLOSED_EXTERNAL,SHORT_POSITION_NOT_FOUND,0.657091938326,,,2026-04-09T23:40:14+00:00,2026-04-10T05:23:34+00:00,,missing_exit_fill
2026-04-10,acc04,1,RAVEUSDT,193.48,1,b9862762-5936-437a-9411-9af238254826,2026-04-09,2026-04-09T23:40:13+00:00,2026-04-10T07:40:13+08:00,1,1771,CLOSED_EXTERNAL,SHORT_POSITION_NOT_FOUND,0.92546,,,2026-04-09T23:40:13+00:00,2026-04-10T10:19:33+00:00,,missing_exit_fill
2026-04-10,acc04,2,AGTUSDT,89.33,1,b9862762-5936-437a-9411-9af238254826,2026-04-09,2026-04-09T23:40:13+00:00,2026-04-10T07:40:13+08:00,1,1774,CLOSED_EXTERNAL,SHORT_POSITION_NOT_FOUND,0.0156568285617,,,2026-04-09T23:40:13+00:00,2026-04-10T17:23:33+00:00,,missing_exit_fill
2026-04-10,acc04,3,AKEUSDT,82.01,1,b9862762-5936-437a-9411-9af238254826,2026-04-09,2026-04-09T23:40:13+00:00,2026-04-10T07:40:13+08:00,1,1776,CLOSED_EXTERNAL,SHORT_POSITION_NOT_FOUND,0.0004121265661,,,2026-04-09T23:40:13+00:00,2026-04-10T18:01:33+00:00,,missing_exit_fill
2026-04-10,acc04,4,MAGMAUSDT,76.02,1,b9862762-5936-437a-9411-9af238254826,2026-04-09,2026-04-09T23:40:13+00:00,2026-04-10T07:40:13+08:00,1,1779,CLOSED_EXTERNAL,SHORT_POSITION_NOT_FOUND,0.2419424870466,,,2026-04-09T23:40:13+00:00,2026-04-10T10:28:34+00:00,,missing_exit_fill
2026-04-10,acc04,5,TNSRUSDT,37.64,1,b9862762-5936-437a-9411-9af238254826,2026-04-09,2026-04-09T23:40:13+00:00,2026-04-10T07:40:13+08:00,1,1782,CLOSED_EXTERNAL,SHORT_POSITION_NOT_FOUND,0.0496387153096,,,2026-04-09T23:40:13+00:00,2026-04-11T00:02:13+00:00,,missing_exit_fill
2026-04-10,acc04,6,NOMUSDT,25.91,1,b9862762-5936-437a-9411-9af238254826,2026-04-09,2026-04-09T23:40:13+00:00,2026-04-10T07:40:13+08:00,1,1784,CLOSED_EXTERNAL,SHORT_POSITION_NOT_FOUND,0.007452,,,2026-04-09T23:40:13+00:00,2026-04-10T05:57:34+00:00,,missing_exit_fill
2026-04-10,acc04,7,BASUSDT,20.99,1,b9862762-5936-437a-9411-9af238254826,2026-04-09,2026-04-09T23:40:13+00:00,2026-04-10T07:40:13+08:00,1,1787,CLOSED_EXTERNAL,SHORT_POSITION_NOT_FOUND,0.0066819677955,,,2026-04-09T23:40:13+00:00,2026-04-10T05:42:33+00:00,,missing_exit_fill
2026-04-10,acc04,8,CHILLGUYUSDT,20.35,1,b9862762-5936-437a-9411-9af238254826,2026-04-09,2026-04-09T23:40:13+00:00,2026-04-10T07:40:13+08:00,1,1790,CLOSED_EXTERNAL,SHORT_POSITION_NOT_FOUND,0.0101473691085,,,2026-04-09T23:40:13+00:00,2026-04-10T04:06:34+00:00,,missing_exit_fill
2026-04-10,acc04,9,ONGUSDT,17.0,1,b9862762-5936-437a-9411-9af238254826,2026-04-09,2026-04-09T23:40:13+00:00,2026-04-10T07:40:13+08:00,1,1793,CLOSED_EXTERNAL,SHORT_POSITION_NOT_FOUND,0.0877,,,2026-04-09T23:40:13+00:00,2026-04-10T09:04:33+00:00,,missing_exit_fill
2026-04-10,acc04,10,SIRENUSDT,16.72,1,b9862762-5936-437a-9411-9af238254826,2026-04-09,2026-04-09T23:40:13+00:00,2026-04-10T07:40:13+08:00,1,1794,CLOSED_EXTERNAL,SHORT_POSITION_NOT_FOUND,0.6570736619718,,,2026-04-09T23:40:14+00:00,2026-04-10T05:23:34+00:00,,missing_exit_fill
2026-04-11,acc01,1,ARIAUSDT,63.34,1,636a39b5-81d8-4a01-bcaa-6babcc53409e,2026-04-10,2026-04-10T23:40:13+00:00,2026-04-11T07:40:13+08:00,1,1808,CLOSED_EXTERNAL,SHORT_POSITION_NOT_FOUND,0.6158,,,2026-04-10T23:40:13+00:00,2026-04-11T04:14:12+00:00,,missing_exit_fill
2026-04-11,acc01,2,RAVEUSDT,61.44,1,636a39b5-81d8-4a01-bcaa-6babcc53409e,2026-04-10,2026-04-10T23:40:13+00:00,2026-04-11T07:40:13+08:00,1,1809,CLOSED_EXTERNAL,SHORT_POSITION_NOT_FOUND,1.605829183673,,,2026-04-10T23:40:13+00:00,2026-04-11T05:44:12+00:00,,missing_exit_fill
2026-04-11,acc01,3,FFUSDT,53.48,1,636a39b5-81d8-4a01-bcaa-6babcc53409e,2026-04-10,2026-04-10T23:40:13+00:00,2026-04-11T07:40:13+08:00,1,1811,OPEN,,0.10887,,,2026-04-10T23:40:13+00:00,,,open_position_no_exit_fill
2026-04-11,acc01,4,币安人生USDT,50.75,1,636a39b5-81d8-4a01-bcaa-6babcc53409e,2026-04-10,2026-04-10T23:40:13+00:00,2026-04-11T07:40:13+08:00,1,1814,CLOSED_EXTERNAL,SHORT_POSITION_NOT_FOUND,0.1188188626292,,,2026-04-10T23:40:13+00:00,2026-04-11T04:04:12+00:00,,missing_exit_fill
2026-04-11,acc01,5,CYSUSDT,35.0,1,636a39b5-81d8-4a01-bcaa-6babcc53409e,2026-04-10,2026-04-10T23:40:13+00:00,2026-04-11T07:40:13+08:00,1,1817,CLOSED_EXTERNAL,SHORT_POSITION_NOT_FOUND,0.2294771428571,,,2026-04-10T23:40:13+00:00,2026-04-11T06:17:13+00:00,,missing_exit_fill
2026-04-11,acc01,6,BASUSDT,28.68,1,636a39b5-81d8-4a01-bcaa-6babcc53409e,2026-04-10,2026-04-10T23:40:13+00:00,2026-04-11T07:40:13+08:00,1,1820,OPEN,,0.0086098837557,,,2026-04-10T23:40:13+00:00,,,open_position_no_exit_fill
2026-04-11,acc01,7,CHILLGUYUSDT,27.18,1,636a39b5-81d8-4a01-bcaa-6babcc53409e,2026-04-10,2026-04-10T23:40:13+00:00,2026-04-11T07:40:13+08:00,1,1823,CLOSED_EXTERNAL,SHORT_POSITION_NOT_FOUND,0.0129458658302,,,2026-04-10T23:40:13+00:00,2026-04-11T09:03:13+00:00,,missing_exit_fill
2026-04-11,acc01,8,DASHUSDT,26.84,1,636a39b5-81d8-4a01-bcaa-6babcc53409e,2026-04-10,2026-04-10T23:40:13+00:00,2026-04-11T07:40:13+08:00,1,1825,OPEN,,45.64,,,2026-04-10T23:40:13+00:00,,,open_position_no_exit_fill
2026-04-11,acc01,9,LABUSDT,21.54,1,636a39b5-81d8-4a01-bcaa-6babcc53409e,2026-04-10,2026-04-10T23:40:13+00:00,2026-04-11T07:40:13+08:00,1,1828,OPEN,,0.5064270886076,,,2026-04-10T23:40:14+00:00,,,open_position_no_exit_fill
2026-04-11,acc01,10,IRYSUSDT,19.11,1,636a39b5-81d8-4a01-bcaa-6babcc53409e,2026-04-10,2026-04-10T23:40:13+00:00,2026-04-11T07:40:13+08:00,1,1833,OPEN,,0.02868,,,2026-04-10T23:40:14+00:00,,,open_position_no_exit_fill
2026-04-11,acc02,1,ARIAUSDT,63.34,1,ded6f098-f14b-4ed4-a5ca-d2d96923bedd,2026-04-10,2026-04-10T23:45:00+00:00,2026-04-11T07:45:00+08:00,1,1838,CLOSED_EXTERNAL,SHORT_POSITION_NOT_FOUND,0.6104278145695,0.6134,,2026-04-10T23:45:30+00:00,2026-04-11T04:14:12+00:00,,missing_exit_fill
2026-04-11,acc02,2,RAVEUSDT,61.44,1,ded6f098-f14b-4ed4-a5ca-d2d96923bedd,2026-04-10,2026-04-10T23:45:00+00:00,2026-04-11T07:45:00+08:00,1,1839,CLOSED_EXTERNAL,SHORT_POSITION_NOT_FOUND,1.605660526315,1.62513,,2026-04-10T23:46:00+00:00,2026-04-11T05:44:12+00:00,,missing_exit_fill
2026-04-11,acc02,3,FFUSDT,53.48,1,ded6f098-f14b-4ed4-a5ca-d2d96923bedd,2026-04-10,2026-04-10T23:45:00+00:00,2026-04-11T07:45:00+08:00,1,1840,OPEN,,0.1083895794393,0.10893,,2026-04-10T23:46:30+00:00,,,open_position_no_exit_fill
2026-04-11,acc02,4,币安人生USDT,50.75,1,ded6f098-f14b-4ed4-a5ca-d2d96923bedd,2026-04-10,2026-04-10T23:45:00+00:00,2026-04-11T07:45:00+08:00,1,1841,CLOSED_EXTERNAL,SHORT_POSITION_NOT_FOUND,0.1184682061069,0.11789999999999999,,2026-04-10T23:47:00+00:00,2026-04-11T04:04:12+00:00,,missing_exit_fill
2026-04-11,acc02,5,CYSUSDT,35.0,1,ded6f098-f14b-4ed4-a5ca-d2d96923bedd,2026-04-10,2026-04-10T23:45:00+00:00,2026-04-11T07:45:00+08:00,1,1842,CLOSED_EXTERNAL,SHORT_POSITION_NOT_FOUND,0.2286184729064,0.22889999999999996,,2026-04-10T23:47:30+00:00,2026-04-11T06:17:13+00:00,,missing_exit_fill
2026-04-11,acc02,6,BASUSDT,28.68,1,ded6f098-f14b-4ed4-a5ca-d2d96923bedd,2026-04-10,2026-04-10T23:45:00+00:00,2026-04-11T07:45:00+08:00,1,1843,OPEN,,0.0085882018053,0.008592,,2026-04-10T23:48:00+00:00,,,open_position_no_exit_fill
2026-04-11,acc02,7,CHILLGUYUSDT,27.18,1,ded6f098-f14b-4ed4-a5ca-d2d96923bedd,2026-04-10,2026-04-10T23:45:00+00:00,2026-04-11T07:45:00+08:00,1,1844,CLOSED_EXTERNAL,SHORT_POSITION_NOT_FOUND,0.0129634065917,,,2026-04-10T23:48:30+00:00,2026-04-11T09:03:13+00:00,,missing_exit_fill
2026-04-11,acc02,8,DASHUSDT,26.84,1,ded6f098-f14b-4ed4-a5ca-d2d96923bedd,2026-04-10,2026-04-10T23:45:00+00:00,2026-04-11T07:45:00+08:00,1,1845,OPEN,,45.88,,,2026-04-10T23:49:00+00:00,,,open_position_no_exit_fill
2026-04-11,acc02,9,LABUSDT,21.54,1,ded6f098-f14b-4ed4-a5ca-d2d96923bedd,2026-04-10,2026-04-10T23:45:00+00:00,2026-04-11T07:45:00+08:00,1,1846,OPEN,,0.5039912727273,,,2026-04-10T23:49:30+00:00,,,open_position_no_exit_fill
2026-04-11,acc02,10,IRYSUSDT,19.11,1,ded6f098-f14b-4ed4-a5ca-d2d96923bedd,2026-04-10,2026-04-10T23:45:00+00:00,2026-04-11T07:45:00+08:00,0,,,,,,,,,,rank_symbol_not_opened
2026-04-11,acc03,1,ARIAUSDT,63.34,1,842eeb38-22a3-4f90-82e7-8de7f16b8cc6,2026-04-10,2026-04-10T23:40:13+00:00,2026-04-11T07:40:13+08:00,1,1813,CLOSED_EXTERNAL,SHORT_POSITION_NOT_FOUND,0.6155574712644,,,2026-04-10T23:40:13+00:00,2026-04-11T04:14:12+00:00,,missing_exit_fill
2026-04-11,acc03,2,RAVEUSDT,61.44,1,842eeb38-22a3-4f90-82e7-8de7f16b8cc6,2026-04-10,2026-04-10T23:40:13+00:00,2026-04-11T07:40:13+08:00,1,1816,CLOSED_EXTERNAL,SHORT_POSITION_NOT_FOUND,1.606157272727,,,2026-04-10T23:40:13+00:00,2026-04-11T05:44:12+00:00,,missing_exit_fill
2026-04-11,acc03,3,FFUSDT,53.48,1,842eeb38-22a3-4f90-82e7-8de7f16b8cc6,2026-04-10,2026-04-10T23:40:13+00:00,2026-04-11T07:40:13+08:00,1,1819,OPEN,,0.10886,,,2026-04-10T23:40:13+00:00,,,open_position_no_exit_fill
2026-04-11,acc03,4,币安人生USDT,50.75,1,842eeb38-22a3-4f90-82e7-8de7f16b8cc6,2026-04-10,2026-04-10T23:40:13+00:00,2026-04-11T07:40:13+08:00,1,1822,CLOSED_EXTERNAL,SHORT_POSITION_NOT_FOUND,0.11881,,,2026-04-10T23:40:13+00:00,2026-04-11T04:04:12+00:00,,missing_exit_fill
2026-04-11,acc03,5,CYSUSDT,35.0,1,842eeb38-22a3-4f90-82e7-8de7f16b8cc6,2026-04-10,2026-04-10T23:40:13+00:00,2026-04-11T07:40:13+08:00,1,1826,CLOSED_EXTERNAL,SHORT_POSITION_NOT_FOUND,0.2293,,,2026-04-10T23:40:13+00:00,2026-04-11T06:17:13+00:00,,missing_exit_fill
2026-04-11,acc03,6,BASUSDT,28.68,1,842eeb38-22a3-4f90-82e7-8de7f16b8cc6,2026-04-10,2026-04-10T23:40:13+00:00,2026-04-11T07:40:13+08:00,1,1829,OPEN,,0.008609,,,2026-04-10T23:40:14+00:00,,,open_position_no_exit_fill
2026-04-11,acc03,7,CHILLGUYUSDT,27.18,1,842eeb38-22a3-4f90-82e7-8de7f16b8cc6,2026-04-10,2026-04-10T23:40:13+00:00,2026-04-11T07:40:13+08:00,1,1831,CLOSED_EXTERNAL,SHORT_POSITION_NOT_FOUND,0.0129420250361,,,2026-04-10T23:40:14+00:00,2026-04-11T09:03:13+00:00,,missing_exit_fill
2026-04-11,acc03,8,DASHUSDT,26.84,1,842eeb38-22a3-4f90-82e7-8de7f16b8cc6,2026-04-10,2026-04-10T23:40:13+00:00,2026-04-11T07:40:13+08:00,1,1834,OPEN,,45.64,,,2026-04-10T23:40:14+00:00,,,open_position_no_exit_fill
2026-04-11,acc03,9,LABUSDT,21.54,1,842eeb38-22a3-4f90-82e7-8de7f16b8cc6,2026-04-10,2026-04-10T23:40:13+00:00,2026-04-11T07:40:13+08:00,1,1836,OPEN,,0.5060735377359,,,2026-04-10T23:40:14+00:00,,,open_position_no_exit_fill
2026-04-11,acc03,10,IRYSUSDT,19.11,1,842eeb38-22a3-4f90-82e7-8de7f16b8cc6,2026-04-10,2026-04-10T23:40:13+00:00,2026-04-11T07:40:13+08:00,1,1837,OPEN,,0.02867,,,2026-04-10T23:40:14+00:00,,,open_position_no_exit_fill
2026-04-11,acc04,1,ARIAUSDT,63.34,1,2c6611e1-1b7b-4e2a-9308-6e31fe0362b1,2026-04-10,2026-04-10T23:40:13+00:00,2026-04-11T07:40:13+08:00,1,1810,CLOSED_EXTERNAL,SHORT_POSITION_NOT_FOUND,0.6157,,,2026-04-10T23:40:13+00:00,2026-04-11T04:14:13+00:00,,missing_exit_fill
2026-04-11,acc04,2,RAVEUSDT,61.44,1,2c6611e1-1b7b-4e2a-9308-6e31fe0362b1,2026-04-10,2026-04-10T23:40:13+00:00,2026-04-11T07:40:13+08:00,1,1812,CLOSED_EXTERNAL,SHORT_POSITION_NOT_FOUND,1.606076086957,,,2026-04-10T23:40:13+00:00,2026-04-11T05:44:13+00:00,,missing_exit_fill
2026-04-11,acc04,3,FFUSDT,53.48,1,2c6611e1-1b7b-4e2a-9308-6e31fe0362b1,2026-04-10,2026-04-10T23:40:13+00:00,2026-04-11T07:40:13+08:00,1,1815,OPEN,,0.1088683575581,,,2026-04-10T23:40:13+00:00,,,open_position_no_exit_fill
2026-04-11,acc04,4,币安人生USDT,50.75,1,2c6611e1-1b7b-4e2a-9308-6e31fe0362b1,2026-04-10,2026-04-10T23:40:13+00:00,2026-04-11T07:40:13+08:00,1,1818,CLOSED_EXTERNAL,SHORT_POSITION_NOT_FOUND,0.11881,,,2026-04-10T23:40:13+00:00,2026-04-11T04:04:13+00:00,,missing_exit_fill
2026-04-11,acc04,5,CYSUSDT,35.0,1,2c6611e1-1b7b-4e2a-9308-6e31fe0362b1,2026-04-10,2026-04-10T23:40:13+00:00,2026-04-11T07:40:13+08:00,1,1821,CLOSED_EXTERNAL,SHORT_POSITION_NOT_FOUND,0.2292487730061,,,2026-04-10T23:40:13+00:00,2026-04-11T06:17:13+00:00,,missing_exit_fill
2026-04-11,acc04,6,BASUSDT,28.68,1,2c6611e1-1b7b-4e2a-9308-6e31fe0362b1,2026-04-10,2026-04-10T23:40:13+00:00,2026-04-11T07:40:13+08:00,1,1824,OPEN,,0.008609,,,2026-04-10T23:40:13+00:00,,,open_position_no_exit_fill
2026-04-11,acc04,7,CHILLGUYUSDT,27.18,1,2c6611e1-1b7b-4e2a-9308-6e31fe0362b1,2026-04-10,2026-04-10T23:40:13+00:00,2026-04-11T07:40:13+08:00,1,1827,CLOSED_EXTERNAL,SHORT_POSITION_NOT_FOUND,0.0129426358142,,,2026-04-10T23:40:14+00:00,2026-04-11T09:03:13+00:00,,missing_exit_fill
2026-04-11,acc04,8,DASHUSDT,26.84,1,2c6611e1-1b7b-4e2a-9308-6e31fe0362b1,2026-04-10,2026-04-10T23:40:13+00:00,2026-04-11T07:40:13+08:00,1,1830,OPEN,,45.64,,,2026-04-10T23:40:14+00:00,,,open_position_no_exit_fill
2026-04-11,acc04,9,LABUSDT,21.54,1,2c6611e1-1b7b-4e2a-9308-6e31fe0362b1,2026-04-10,2026-04-10T23:40:13+00:00,2026-04-11T07:40:13+08:00,1,1832,OPEN,,0.5063808783784,,,2026-04-10T23:40:14+00:00,,,open_position_no_exit_fill
2026-04-11,acc04,10,IRYSUSDT,19.11,1,2c6611e1-1b7b-4e2a-9308-6e31fe0362b1,2026-04-10,2026-04-10T23:40:13+00:00,2026-04-11T07:40:13+08:00,1,1835,OPEN,,0.02868,,,2026-04-10T23:40:14+00:00,,,open_position_no_exit_fill
